"codeUnitName","shortCodeUnitName","propertyName","propertyValue","Source Cypher File: Dependencies_Projection/Dependencies_8_Stream_Mutated.cypher"
"./index.ts","react-router","embeddingsNode2Vec","-0.057472233,0.3612443,0.41606966,0.113867655,-0.07781093,0.12167648,-0.25618237,-0.22996438,0.16452345,0.049441513,-0.19921307,-0.07706448,-0.035416886,-0.25411978,0.26832384,0.19098853,-0.16532615,0.35671884,0.10808404,0.1282311,0.46806222,-0.09797511,0.14732623,-0.04456079,-0.20154339,-0.20915024,0.33723283,0.24087207,-0.019217035,0.36538213,0.23517494,0.07629581",""
"./index.tsx","react-router-dom","embeddingsNode2Vec","-0.054302637,0.3497231,0.40812576,0.116143584,-0.0776406,0.12106504,-0.25504053,-0.23583314,0.16290738,0.04548006,-0.20217042,-0.066704996,-0.035657875,-0.26331562,0.27560613,0.19214807,-0.1721055,0.362811,0.10988612,0.13506858,0.46386626,-0.1073575,0.14999677,-0.042532474,-0.20835158,-0.21707122,0.34532234,0.25038353,-0.022449872,0.38007337,0.23178141,0.07246027",""
"./server.tsx","server","embeddingsNode2Vec","-0.061223548,0.37585604,0.41635722,0.11049621,-0.06842441,0.11444147,-0.24961187,-0.24073997,0.17312126,0.049890198,-0.20689124,-0.074216366,-0.034203824,-0.25290176,0.2729661,0.19911903,-0.15977187,0.36053562,0.112536505,0.11668208,0.4780881,-0.09426371,0.1337755,-0.050805956,-0.21156418,-0.21440868,0.35784113,0.24627611,-0.036327455,0.38718787,0.23707381,0.09159135",""
"./index.tsx","react-router-native","embeddingsNode2Vec","-0.048669823,0.36003566,0.41253394,0.12080012,-0.082828365,0.12569223,-0.25470403,-0.24401666,0.16682322,0.049969364,-0.20199654,-0.06095166,-0.03114485,-0.26476765,0.27849826,0.18643357,-0.17132127,0.3626934,0.108468585,0.13472374,0.47264424,-0.10675101,0.14627856,-0.04947993,-0.2158461,-0.21237175,0.34715253,0.25472936,-0.02432733,0.3794855,0.22737236,0.07863797",""
