"codeUnitName","shortCodeUnitName","propertyName","propertyValue","Source Cypher File: Dependencies_Projection/Dependencies_8_Stream_Mutated.cypher"
"./index.ts","react-router","embeddingsNode2Vec","0.0818579,-0.20145838,0.098100424,0.1652441,-0.1860514,0.15999377,-0.25374365,-0.15862678,-0.03303182,-0.059241172,-0.12058108,0.14691031,-0.046809476,-0.41598356,0.31312564,0.062415022,-0.36004066,0.33425578,0.054823313,0.41913757,0.05165406,-0.3387694,0.34771731,0.10621925,-0.12853383,-0.24659418,0.14132638,0.3588484,0.167626,0.1470509,-0.016891731,-0.26496813",""
"./index.tsx","react-router-dom","embeddingsNode2Vec","0.07967653,-0.20710596,0.106817745,0.16903214,-0.1882418,0.15669854,-0.2507732,-0.16863832,-0.030445395,-0.06326688,-0.12782373,0.14995478,-0.048972942,-0.4165678,0.3328121,0.07295998,-0.365055,0.35344493,0.060702596,0.41536766,0.054491784,-0.3366268,0.34428635,0.10591268,-0.13505901,-0.2640816,0.15163903,0.35132897,0.14964408,0.15893888,-0.016543156,-0.27085987",""
"./server.tsx","server","embeddingsNode2Vec","0.08606726,-0.2073535,0.09141779,0.16706416,-0.18975341,0.15710768,-0.23968731,-0.17154777,-0.032422967,-0.06189747,-0.119405985,0.15952994,-0.043431606,-0.4102483,0.3158909,0.058085844,-0.35869864,0.34476137,0.05409677,0.40561035,0.04687713,-0.33508942,0.33579576,0.1025496,-0.13790438,-0.24632624,0.1436476,0.34714547,0.14642768,0.15288596,-0.02812374,-0.27226725",""
"./index.tsx","react-router-native","embeddingsNode2Vec","0.083504856,-0.22911319,0.0796504,0.16193993,-0.1838167,0.15202376,-0.2382106,-0.15850136,-0.03980622,-0.06563016,-0.11633826,0.1577352,-0.046621993,-0.41538697,0.3118549,0.057837605,-0.36235335,0.3398623,0.0541709,0.41617072,0.030949924,-0.3487316,0.34982842,0.11143443,-0.12980926,-0.24850391,0.13536409,0.34533086,0.15494105,0.13884687,-0.0317009,-0.27626327",""
