"codeUnitName","shortCodeUnitName","propertyName","propertyValue","Source Cypher File: Dependencies_Projection/Dependencies_8_Stream_Mutated.cypher"
"./index.ts","react-router","embeddingsFastRandomProjection","0.14967066,0,0.505239,-0.46035892,-0.35556832,0,-0.22852704,0.35556832,-0.35556832,-0.082161166,0,0,0.22852704,0.14967066,0.14967066,-0.082161166,-0.22852704,0,-0.35556832,0.20589766,-0.5392152,-0.07885638,0,0.20589766,0,0,-0.3106882,-0.35556832,0.3106882,0.66625655,0.22852704,-0.12704125",""
"./index.tsx","react-router-dom","embeddingsFastRandomProjection","0.2828799,0,0.728952,-0.6072236,-0.44607204,0,-0.19811276,0.44607204,-0.44607204,-0.12623088,0,0,0.19811276,0.2828799,0.2828799,-0.12623088,-0.19811276,0,-0.44607204,0.16319217,-0.5224564,0.084767126,0,0.16319217,0,0,-0.32434362,-0.44607204,0.32434362,0.77041566,0.19811276,-0.24795929",""
"./server.tsx","server","embeddingsFastRandomProjection","0.15748838,0,0.5157974,-0.51736987,-0.35830894,0,-0.19393739,0.35830894,-0.35830894,-0.1659441,0,0,0.19393739,0.15748838,0.15748838,-0.1659441,-0.19393739,0,-0.35830894,0.20082058,-0.5538189,-0.036449015,0,0.20082058,0,0,-0.3598815,-0.35830894,0.3598815,0.71819043,0.19393739,-0.16437156",""
"./index.tsx","react-router-native","embeddingsFastRandomProjection","0.14245173,0,0.45604572,-0.42426425,-0.31359395,0,-0.26261285,0.31359395,-0.31359395,-0.019199632,0,0,0.26261285,0.14245173,0.14245173,-0.019199632,-0.26261285,0,-0.31359395,0.17114225,-0.5444253,-0.12016113,0,0.17114225,0,0,-0.2818125,-0.31359395,0.2818125,0.5954064,0.26261285,-0.050981104",""
