"codeUnitName","shortCodeUnitName","propertyName","propertyValue","Source Cypher File: Dependencies_Projection/Dependencies_8_Stream_Mutated.cypher"
"./index.ts","react-router","embeddingsNode2Vec","0.06860744,-0.3751085,0.04021695,0.13306232,-0.2340295,0.19136025,-0.28067806,0.039161455,-0.13331245,-0.060052145,-0.025723582,0.023999412,-0.07865927,-0.31778085,0.22520928,0.031191159,-0.36425775,0.2230228,-0.0064248675,0.45665428,-0.08909751,-0.2855155,0.45926005,0.18703067,0.058073167,-0.17968899,-0.06985237,0.2246046,0.33917028,-0.15831351,0.033054046,-0.40398863",""
"./index.tsx","react-router-dom","embeddingsNode2Vec","0.06593273,-0.350969,0.04975519,0.13477556,-0.222717,0.18490028,-0.27439538,0.020837126,-0.120605186,-0.05797008,-0.03499731,0.031241639,-0.0757783,-0.31864572,0.23149292,0.036206968,-0.35675138,0.22896999,3.9137998e-05,0.44194582,-0.072229356,-0.28321382,0.44221658,0.1754686,0.041176997,-0.18488239,-0.04912489,0.23219518,0.3213364,-0.12877779,0.03214693,-0.3865169",""
"./server.tsx","server","embeddingsNode2Vec","0.07968897,-0.36289144,0.042424824,0.14415325,-0.233127,0.19295087,-0.2734987,0.005149453,-0.119800806,-0.057235915,-0.03554907,0.052472558,-0.06963348,-0.33117807,0.23772341,0.025420714,-0.36300582,0.23107408,-0.0016821545,0.44936416,-0.073965,-0.29447013,0.44260487,0.17105502,0.026120214,-0.18569121,-0.04672458,0.24432947,0.3164981,-0.12092245,0.017247023,-0.3882203",""
"./index.tsx","react-router-native","embeddingsNode2Vec","0.07171284,-0.37621653,0.029992491,0.13250275,-0.22399001,0.18234774,-0.2652049,0.02795588,-0.12895745,-0.06153521,-0.027135147,0.039475653,-0.07424789,-0.31549367,0.22320838,0.026736619,-0.35329977,0.21724488,-0.004553381,0.4433002,-0.09529163,-0.28486818,0.440904,0.1793188,0.047473397,-0.17918758,-0.063301645,0.2265224,0.32305712,-0.14359531,0.01882252,-0.39595428",""
