"codeUnitName","shortCodeUnitName","propertyName","propertyValue","Source Cypher File: Dependencies_Projection/Dependencies_8_Stream_Mutated.cypher"
"./index.ts","react-router","embeddingsNode2Vec","0.12436078,-0.52799296,-0.1801942,0.11223799,-0.17207187,0.102830015,-0.12629278,0.00075663236,-0.17233056,-0.116678014,0.0007962227,0.20957926,-0.043819807,-0.31183928,0.1912669,-0.05036652,-0.3312772,0.1623799,-0.013450379,0.42672607,-0.29818496,-0.32821742,0.3266061,0.18093327,0.022209482,-0.15733749,-0.092379496,0.23099062,0.22969225,-0.11746633,-0.17595397,-0.41247264",""
"./index.tsx","react-router-dom","embeddingsNode2Vec","0.12168009,-0.52115494,-0.16836594,0.115592256,-0.17347464,0.10538664,-0.1349429,-0.0073530045,-0.16834813,-0.11619646,-0.0073599387,0.20918296,-0.04632168,-0.3231335,0.20177652,-0.04201644,-0.34002334,0.17794453,-0.008314875,0.43453878,-0.28709218,-0.3361027,0.33428907,0.18288305,0.015160366,-0.16909936,-0.079034805,0.2418119,0.22833863,-0.10288635,-0.17019044,-0.41304004",""
"./server.tsx","server","embeddingsNode2Vec","0.12598042,-0.5125478,-0.17669597,0.11452448,-0.16867591,0.10047943,-0.12168174,-0.018246574,-0.16450614,-0.11465049,-0.0068348954,0.22335118,-0.040192768,-0.31891915,0.19825391,-0.049930904,-0.33297864,0.17174797,-0.008644511,0.42496064,-0.2902813,-0.3361286,0.31957737,0.17589849,0.004376286,-0.1648835,-0.07580894,0.24337904,0.21459825,-0.09269406,-0.18481165,-0.40401646",""
"./index.tsx","react-router-native","embeddingsNode2Vec","0.11858337,-0.53854096,-0.19124377,0.10352475,-0.16305976,0.09369825,-0.11874703,0.012807591,-0.17688662,-0.119807445,0.004525125,0.20438269,-0.04665687,-0.30063093,0.18039723,-0.048258316,-0.3244857,0.15450391,-0.013468405,0.41957647,-0.31508255,-0.32376763,0.3202252,0.1864428,0.03300036,-0.1551804,-0.09891563,0.2189531,0.227422,-0.12573019,-0.17802867,-0.41222572",""
