"codeUnitName","shortCodeUnitName","propertyName","propertyValue","Source Cypher File: Dependencies_Projection/Dependencies_8_Stream_Mutated.cypher"
"./index.ts","react-router","embeddingsNode2Vec","0.12712629,0.3924326,0.028204668,-0.35849124,0.38206187,0.12121194,0.3492603,0.21854426,0.027794814,-0.07039533,-0.14427117,0.26727864,-0.004637715,0.103798166,-0.13716798,0.05056965,0.2448865,0.38104025,0.055904057,0.4043436,0.08042235,0.16351554,0.27537337,0.082363516,-0.21141364,0.27654672,-0.27287433,-0.15041508,-0.022741335,0.26466748,-0.108746365,-0.24603836",""
"./index.tsx","react-router-dom","embeddingsNode2Vec","0.1149211,0.39346117,0.016428342,-0.36729413,0.38610652,0.09515945,0.34540844,0.21837871,0.018723376,-0.0692317,-0.14592242,0.2517986,-0.016041502,0.10912514,-0.13524953,0.051802125,0.23139244,0.3783155,0.06630236,0.40140197,0.076960534,0.1798987,0.27838916,0.07768621,-0.21400687,0.27927282,-0.26513836,-0.15698108,-0.021631053,0.2662122,-0.09309322,-0.2357784",""
"./server.tsx","server","embeddingsNode2Vec","0.12517956,0.38725662,0.034173448,-0.35825583,0.38431922,0.12515521,0.34825018,0.22339529,0.026371486,-0.07256561,-0.1471066,0.2722768,-0.007908365,0.099106856,-0.14787507,0.048575033,0.23582342,0.38028252,0.06200512,0.40297043,0.07552072,0.16316082,0.27112696,0.0788545,-0.22074859,0.26884633,-0.27519846,-0.14495991,-0.014641904,0.2752362,-0.110993706,-0.23930508",""
"./index.tsx","react-router-native","embeddingsNode2Vec","0.124353245,0.39109325,0.02133688,-0.35792527,0.37812546,0.12120486,0.3395236,0.20351495,0.045888696,-0.07530964,-0.1384518,0.26271036,-0.0119089885,0.09926342,-0.11559742,0.046072517,0.2588829,0.37176105,0.057390615,0.41000077,0.08727671,0.15853857,0.28034303,0.08809184,-0.20165274,0.26925352,-0.25512436,-0.14895786,-0.03156795,0.24929494,-0.10955031,-0.25217876",""
