"codeUnitName","shortCodeUnitName","propertyName","propertyValue","Source Cypher File: Dependencies_Projection/Dependencies_8_Stream_Mutated.cypher"
"./index.ts","react-router","embeddingsNode2Vec","0.24353196,-0.3592575,-0.16724809,0.20293418,-0.20841825,0.15083617,-0.071714595,-0.26491395,-0.06356212,-0.06120675,-0.043026067,0.4263527,0.05423206,-0.38672805,0.25744832,-0.1484566,-0.29703283,0.18497537,-0.006581038,0.3755858,-0.14169332,-0.36721843,0.1816472,0.026966037,-0.23785576,-0.13453437,0.052291706,0.35485995,0.05290676,0.13172062,-0.2953141,-0.2332106",""
"./index.tsx","react-router-dom","embeddingsNode2Vec","0.23671128,-0.3345932,-0.1376482,0.20408198,-0.20914978,0.15890925,-0.08959488,-0.26186213,-0.05498086,-0.054083776,-0.050225962,0.3989693,0.049383454,-0.38640985,0.2635276,-0.13266051,-0.2978105,0.19669747,-0.0025252628,0.3797937,-0.110673316,-0.36341515,0.19253734,0.025305817,-0.23969461,-0.14123175,0.06432832,0.36057907,0.05999482,0.14044203,-0.27077624,-0.22928847",""
"./server.tsx","server","embeddingsNode2Vec","0.24379848,-0.35482505,-0.17560156,0.20008732,-0.2019851,0.14514792,-0.06380263,-0.27077016,-0.06079676,-0.062581316,-0.04473181,0.43292296,0.056267526,-0.38571805,0.2558232,-0.14930348,-0.28884187,0.18242556,-0.0045672343,0.36507952,-0.14318874,-0.36209378,0.16841316,0.023535777,-0.24188428,-0.13299698,0.057463013,0.349286,0.039875988,0.14013982,-0.29862562,-0.22255555",""
"./index.tsx","react-router-native","embeddingsNode2Vec","0.23918578,-0.36138186,-0.17231989,0.19738041,-0.19974987,0.14350346,-0.0660697,-0.26167825,-0.06448235,-0.06501432,-0.043794867,0.42521662,0.05242476,-0.3834598,0.25356188,-0.14445557,-0.2926162,0.18424755,-0.0041995384,0.37123218,-0.15019315,-0.3654604,0.17541187,0.029655717,-0.23523805,-0.13656428,0.054146998,0.35024276,0.045949455,0.13460593,-0.29931924,-0.23387963",""
