"codeUnitName","shortCodeUnitName","propertyName","propertyValue","Source Cypher File: Dependencies_Projection/Dependencies_8_Stream_Mutated.cypher"
"./index.ts","react-router","embeddingsNode2Vec","0.19026896,-0.6082255,-0.42607042,0.050990835,-0.09733617,0.01941541,0.08438997,0.043998986,-0.2033054,-0.11112604,0.11180435,0.31815332,0.024538388,-0.121935,0.005630336,-0.20362215,-0.15522231,-0.08883976,-0.07641595,0.24464206,-0.50126094,-0.2252253,0.116386734,0.122610554,0.045252662,0.009935255,-0.2388789,0.08298238,0.12445747,-0.23302841,-0.35305336,-0.32393718",""
"./index.tsx","react-router-dom","embeddingsNode2Vec","0.19548745,-0.60495764,-0.4017068,0.0719904,-0.118055046,0.03883457,0.06155432,0.013492451,-0.19892626,-0.11062596,0.09512561,0.33221248,0.024365215,-0.16460897,0.041870207,-0.19301718,-0.18336694,-0.047910657,-0.06849602,0.28528956,-0.46825472,-0.25609493,0.14265366,0.120391935,0.01628773,-0.014326742,-0.21165414,0.12137181,0.12909405,-0.19575937,-0.34481767,-0.3271991",""
"./server.tsx","server","embeddingsNode2Vec","0.19042544,-0.6184901,-0.42337617,0.058438905,-0.102062814,0.022334337,0.07971548,0.024249269,-0.2027319,-0.110396475,0.100925,0.32485595,0.02429551,-0.14057387,0.022714222,-0.20031922,-0.16472666,-0.06660856,-0.06987266,0.2551839,-0.4993764,-0.24768123,0.11581804,0.12250023,0.026812177,-0.0040953457,-0.21399462,0.09897946,0.10825639,-0.18778312,-0.33626845,-0.30474627",""
"./index.tsx","react-router-native","embeddingsNode2Vec","0.17792565,-0.6266201,-0.41533282,0.04545732,-0.08945183,0.0142378425,0.07569398,0.04931435,-0.19907694,-0.10955625,0.1057278,0.29556644,0.015862426,-0.11955162,0.00746046,-0.17885037,-0.14544706,-0.07181075,-0.066434324,0.23941258,-0.46988615,-0.21618061,0.117211886,0.124586426,0.05017395,-0.0008618798,-0.22301598,0.07735785,0.11837943,-0.21287625,-0.31896487,-0.3168582",""
