"codeUnitName","shortCodeUnitName","propertyName","propertyValue","Source Cypher File: Dependencies_Projection/Dependencies_8_Stream_Mutated.cypher"
"./index.ts","react-router","embeddingsNode2Vec","0.20144118,-0.21926576,-0.27729207,0.11681686,-0.011240797,-0.0091633,0.14125514,-0.37472653,0.00966626,-0.09443741,-0.07828099,0.54448634,0.09249526,-0.2732612,0.15271278,-0.13888061,-0.104600616,0.12741071,0.044297133,0.12984294,-0.20003475,-0.2946792,-0.12785608,-0.050563328,-0.3467495,-0.11815451,0.18817665,0.29447383,-0.26667863,0.37313676,-0.43061066,-0.023646984",""
"./index.tsx","react-router-dom","embeddingsNode2Vec","0.1954936,-0.2037457,-0.25256974,0.12200626,-0.016832098,-0.0018441378,0.122624315,-0.37858588,0.015621991,-0.09214501,-0.08787952,0.53129846,0.08732028,-0.28574803,0.16680449,-0.12505274,-0.11631852,0.14727819,0.04965033,0.14020419,-0.17517185,-0.29860052,-0.11185478,-0.048418082,-0.349344,-0.13019659,0.20185296,0.30479267,-0.2589571,0.38368076,-0.41095465,-0.025666386",""
"./server.tsx","server","embeddingsNode2Vec","0.1985105,-0.21282412,-0.26876572,0.11540609,-0.005838092,-0.012536515,0.13597782,-0.3773175,0.01277528,-0.098054305,-0.08657629,0.53985184,0.08758803,-0.27960813,0.15880665,-0.12621672,-0.108753845,0.14150517,0.051101476,0.13184188,-0.19381845,-0.29841426,-0.124238245,-0.046469778,-0.3483168,-0.12990844,0.20153724,0.29990467,-0.2713569,0.38725492,-0.42375913,-0.02456813",""
"./index.tsx","react-router-native","embeddingsNode2Vec","0.19439943,-0.23387991,-0.2827851,0.11035107,-0.0076496797,-0.013734073,0.13984485,-0.35636726,0.0014737964,-0.098853014,-0.07482841,0.53485936,0.08679452,-0.26845533,0.14747667,-0.13446225,-0.10631357,0.12490594,0.04391242,0.13292405,-0.21530017,-0.2939124,-0.12003148,-0.040358398,-0.33782393,-0.12231288,0.18241157,0.29294032,-0.26279065,0.3652538,-0.43558183,-0.036528867",""
