"codeUnitName","shortCodeUnitName","propertyName","propertyValue","Source Cypher File: Dependencies_Projection/Dependencies_8_Stream_Mutated.cypher"
"./index.ts","react-router","embeddingsNode2Vec","-0.14917049,-0.24178663,-0.054295704,-0.15128131,0.036741596,-0.06078385,-0.041661996,0.47245908,-0.17458028,-0.030982686,0.14407037,-0.37608156,-0.11513394,0.23459768,-0.19823256,0.067951374,0.035351623,-0.18448544,-0.06672322,-0.0071995426,-0.23858072,0.15665434,0.17720813,0.18694754,0.43723917,0.08433554,-0.3347097,-0.28605655,0.30592465,-0.5224414,0.19272444,-0.21741955",""
"./index.tsx","react-router-dom","embeddingsNode2Vec","-0.13823788,-0.23314893,-0.038029995,-0.14087816,0.019067705,-0.0446524,-0.057474595,0.4567349,-0.16695166,-0.023504307,0.14009722,-0.3718411,-0.111802526,0.21980484,-0.1820617,0.062557325,0.022234153,-0.17887723,-0.068944186,0.008683607,-0.21418816,0.14868267,0.19457345,0.1813829,0.4305993,0.08352688,-0.33308578,-0.2722684,0.31977665,-0.53258365,0.19834618,-0.21774788",""
"./server.tsx","server","embeddingsNode2Vec","-0.13765642,-0.23515189,-0.043858416,-0.14105958,0.018781535,-0.04439823,-0.052172996,0.46656615,-0.16934617,-0.020381127,0.14821585,-0.37821653,-0.109980404,0.23361157,-0.1913019,0.05531477,0.030103728,-0.18807483,-0.07367989,0.0004395803,-0.2170154,0.15745094,0.18826866,0.17764445,0.4358267,0.09456348,-0.34380555,-0.28237438,0.32140163,-0.5299307,0.19824916,-0.21398532",""
"./index.tsx","react-router-native","embeddingsNode2Vec","-0.1345319,-0.24061026,-0.04948171,-0.13972802,0.021466086,-0.047347862,-0.051618494,0.46091235,-0.17121577,-0.02697057,0.14326036,-0.3669557,-0.11206804,0.22280522,-0.18648131,0.059698004,0.023281898,-0.17935929,-0.06992619,0.00803084,-0.22808826,0.14770497,0.19280735,0.18445805,0.43448478,0.08492946,-0.33911481,-0.27512872,0.318501,-0.5231577,0.19183576,-0.22305986",""
