"codeUnitName","shortCodeUnitName","propertyName","propertyValue","Source Cypher File: Dependencies_Projection/Dependencies_8_Stream_Mutated.cypher"
"./index.ts","react-router","embeddingsNode2Vec","-0.053092793,-0.007342463,-0.005888927,0.100936435,-0.13179006,-0.10081932,0.20535707,0.09090631,-0.20542312,0.17038028,0.19516851,-0.075273775,0.11294198,0.34748933,-0.26444402,-0.20500052,0.325631,-0.5102305,0.018344069,-0.29246703,-0.04818518,0.13857645,-0.14623229,-0.011444275,0.102857076,0.2848183,-0.26106673,-0.3217778,-0.03542175,-0.5134342,0.1135801,0.15464301",""
"./index.tsx","react-router-dom","embeddingsNode2Vec","-0.036892075,-0.012700048,0.0077354237,0.13899076,-0.17285761,-0.08387043,0.20060776,0.061638143,-0.2125087,0.18657759,0.19619167,-0.050692625,0.12638742,0.32387903,-0.2461494,-0.22616217,0.31734663,-0.5195441,0.023430929,-0.27826717,-0.029199284,0.115123495,-0.13298203,-0.016791333,0.07805003,0.29018325,-0.2629374,-0.3049456,-0.030589912,-0.53153825,0.11710028,0.1582229",""
"./server.tsx","server","embeddingsNode2Vec","-0.027971635,0.027436424,-0.010472373,0.13563584,-0.15294974,-0.10222496,0.24232523,0.026741946,-0.19842917,0.19290435,0.1945718,-0.014941468,0.14757185,0.34875783,-0.26252607,-0.24336815,0.35633096,-0.5405842,0.025442488,-0.32544428,-0.021988992,0.13078631,-0.19834954,-0.04832084,0.03877556,0.2928589,-0.23503119,-0.30164054,-0.09114113,-0.47688347,0.08351793,0.21043563",""
"./index.tsx","react-router-native","embeddingsNode2Vec","-0.03534789,-0.039446875,-0.026632112,0.10532046,-0.14750962,-0.08712014,0.20174897,0.10386095,-0.21642241,0.17228068,0.20977029,-0.06831913,0.117328756,0.34698087,-0.2669493,-0.22552721,0.31771952,-0.528373,0.0031303638,-0.27800694,-0.06878933,0.1365226,-0.13293013,-0.009866941,0.11428622,0.30194193,-0.2923133,-0.32989442,-0.007980145,-0.54623544,0.10167068,0.13774174",""
"./index.ts","router","embeddingsNode2Vec","-0.03166425,-0.024035925,-0.021027299,0.09838801,-0.14641966,-0.08037709,0.19725832,0.10997116,-0.20024876,0.17106676,0.20473269,-0.07685251,0.11329737,0.34185037,-0.2603487,-0.21941277,0.30327836,-0.5044805,-0.0061207926,-0.268678,-0.055271115,0.14436555,-0.12846223,-0.017150028,0.11701085,0.30719015,-0.29557896,-0.3321302,0.0012262212,-0.5449313,0.10678306,0.14388776",""
