"codeUnitName","shortCodeUnitName","propertyName","propertyValue","Source Cypher File: Dependencies_Projection/Dependencies_8_Stream_Mutated.cypher"
"./index.ts","react-router","embeddingsNode2Vec","-0.012930717,-0.29184756,0.13900138,0.0899548,-0.20006062,0.15717329,-0.319493,0.14864513,-0.1260145,-0.048379075,-0.02547523,-0.14940624,-0.122483715,-0.2549641,0.2030226,0.10909527,-0.34206048,0.2276594,0.0027801928,0.41098073,-0.020518951,-0.2052449,0.48520172,0.20733514,0.15948309,-0.17895806,-0.08051191,0.15970741,0.39694867,-0.21514611,0.1686861,-0.39986572",""
"./index.tsx","react-router-dom","embeddingsNode2Vec","-0.009728427,-0.27985093,0.1484832,0.09668538,-0.20433702,0.16226211,-0.32846004,0.12931727,-0.11881848,-0.04652483,-0.033941902,-0.13978533,-0.11927886,-0.26796028,0.2152899,0.11167792,-0.3491551,0.24107398,0.006826256,0.41863152,-0.002320889,-0.21371903,0.48769864,0.19980244,0.14069492,-0.18442121,-0.06424359,0.17314619,0.38672963,-0.19460142,0.16848099,-0.3923893",""
"./server.tsx","server","embeddingsNode2Vec","-0.0014794661,-0.2911422,0.13679595,0.10009751,-0.20658182,0.16194484,-0.32648957,0.12499122,-0.122778915,-0.047866523,-0.03097667,-0.12614839,-0.1154421,-0.2705814,0.21616979,0.10239323,-0.34890607,0.23533796,0.003975403,0.42890966,-0.01226984,-0.22192615,0.48814854,0.20065016,0.1388088,-0.1827623,-0.07015538,0.1767041,0.38628724,-0.19606498,0.1561727,-0.39014935",""
"./index.tsx","react-router-native","embeddingsNode2Vec","-0.00969159,-0.30067673,0.12721388,0.088862695,-0.1979067,0.1534157,-0.31806517,0.14398341,-0.12879834,-0.050594866,-0.024247596,-0.139522,-0.12017302,-0.25618595,0.20261729,0.105799966,-0.3439986,0.22567736,0.0021647776,0.41713953,-0.028334571,-0.21061842,0.48892936,0.20856635,0.15721512,-0.17852181,-0.0834892,0.16127835,0.39415708,-0.21591027,0.16037548,-0.40082973",""
