"codeUnitName","shortCodeUnitName","propertyName","propertyValue","Source Cypher File: Dependencies_Projection/Dependencies_8_Stream_Mutated.cypher"
"./index.ts","react-router","embeddingsNode2Vec","0.19348879,-0.20300177,-0.057138454,0.20043486,-0.16884562,0.13538949,-0.098179124,-0.33253625,0.002597244,-0.05764762,-0.11083033,0.3964837,0.042304147,-0.4165341,0.30080104,-0.06592763,-0.29304564,0.27835816,0.04237504,0.34280312,-0.012131909,-0.36921638,0.1541759,0.004981202,-0.3050332,-0.19794948,0.18504046,0.40119186,-0.025582233,0.2860721,-0.23670697,-0.16357495",""
"./index.tsx","react-router-dom","embeddingsNode2Vec","0.18175413,-0.20936699,-0.053895924,0.19203097,-0.1647797,0.131379,-0.102888875,-0.31637332,-0.0015379781,-0.059885997,-0.109890915,0.38057554,0.036247082,-0.41483787,0.29916573,-0.05564619,-0.28607357,0.2783767,0.041967727,0.33397672,-0.014541699,-0.3570261,0.16043627,0.0129420245,-0.28354642,-0.1953217,0.17536415,0.38238654,-0.016016465,0.2722324,-0.22091375,-0.16628478",""
"./server.tsx","server","embeddingsNode2Vec","0.18906857,-0.2129072,-0.06588298,0.19443119,-0.16345742,0.12728372,-0.09370051,-0.3231742,-0.0022256284,-0.062116295,-0.1082097,0.394711,0.039594594,-0.41174948,0.29672822,-0.06422183,-0.28741142,0.27031934,0.04209106,0.3387676,-0.025637537,-0.36168292,0.15342307,0.010206556,-0.2945194,-0.19646531,0.17888746,0.3888219,-0.026104307,0.27780533,-0.23644543,-0.16270375",""
"./index.tsx","react-router-native","embeddingsNode2Vec","0.1925542,-0.22739044,-0.06716422,0.19870682,-0.17149536,0.13429719,-0.10091128,-0.32009104,-0.0076994877,-0.063471094,-0.10708891,0.39705706,0.037917998,-0.42153382,0.30246395,-0.06594042,-0.29829535,0.27461395,0.040293325,0.35196358,-0.03075406,-0.37041593,0.1664,0.01568967,-0.29122657,-0.19977072,0.17291956,0.39479628,-0.013294263,0.2688927,-0.23780453,-0.17748003",""
