"codeUnitName","shortCodeUnitName","propertyName","propertyValue","Source Cypher File: Dependencies_Projection/Dependencies_8_Stream_Mutated.cypher"
"./index.ts","react-router","embeddingsNode2Vec","0.20724007,-0.5498868,-0.4527093,0.047687203,-0.08055398,0.0032893335,0.1619756,0.0034399019,-0.20121099,-0.09837272,0.14483601,0.38231537,0.06882577,-0.08057258,-0.04068346,-0.24517044,-0.09180197,-0.16451831,-0.09851289,0.18337114,-0.53394157,-0.185822,0.03242039,0.07694564,-0.0016848146,0.056155916,-0.23667257,0.08505785,0.056187145,-0.18044847,-0.39374217,-0.2607886",""
"./index.tsx","react-router-dom","embeddingsNode2Vec","0.21352321,-0.549921,-0.4533775,0.052915413,-0.08156701,0.006368513,0.15817714,-0.008335382,-0.19676852,-0.09579447,0.14050144,0.40371192,0.070411466,-0.0924301,-0.03208423,-0.25254723,-0.101701446,-0.16029894,-0.09582961,0.19058403,-0.5256202,-0.19174857,0.03351806,0.072551526,-0.012263851,0.04745045,-0.22361118,0.09554348,0.051506072,-0.1661607,-0.38944307,-0.25823557",""
"./server.tsx","server","embeddingsNode2Vec","0.20778245,-0.5442012,-0.4583748,0.047085736,-0.0746617,-0.00072000804,0.17167102,-0.008726575,-0.20247069,-0.098895654,0.14233935,0.40587273,0.07105042,-0.084702544,-0.040667586,-0.2538626,-0.092393816,-0.16680768,-0.09604418,0.18265802,-0.53446335,-0.1834825,0.020929,0.070154436,-0.012878736,0.05269025,-0.2271594,0.08787222,0.040831935,-0.15840627,-0.39070582,-0.24513845",""
"./index.tsx","react-router-native","embeddingsNode2Vec","0.21033065,-0.5544404,-0.45923913,0.047943603,-0.077505514,0.0016842523,0.16346861,-0.001810484,-0.197691,-0.09746764,0.1395823,0.38337612,0.066987,-0.082992256,-0.03772588,-0.24234858,-0.09339922,-0.1595097,-0.09510752,0.18268292,-0.52651095,-0.18553007,0.02951555,0.07506645,-0.0060744085,0.051285516,-0.2284654,0.08668591,0.05041607,-0.17050217,-0.3887293,-0.25410253",""
