"codeUnitName","shortCodeUnitName","propertyName","propertyValue","Source Cypher File: Dependencies_Projection/Dependencies_8_Stream_Mutated.cypher"
"./index.ts","react-router","embeddingsNode2Vec","0.2237131,-0.27109662,-0.16896382,0.18193893,-0.13911143,0.099492714,-0.013361257,-0.3399251,-0.018031234,-0.07394809,-0.0846496,0.48058474,0.06608336,-0.38160434,0.25672463,-0.12628527,-0.24840623,0.21285747,0.028218796,0.29414347,-0.11665675,-0.35774246,0.07933504,-0.0068650516,-0.31026083,-0.15961906,0.14989671,0.36727965,-0.0769997,0.27470484,-0.33206803,-0.14874148",""
"./index.tsx","react-router-dom","embeddingsNode2Vec","0.21232718,-0.26074493,-0.15340379,0.17994818,-0.1394355,0.10077657,-0.02291882,-0.33137414,-0.017403735,-0.07176158,-0.085188866,0.45612592,0.059898406,-0.3752343,0.25418,-0.114926,-0.25460383,0.22069176,0.0301678,0.30083308,-0.109763354,-0.3592878,0.09008255,-0.0025187398,-0.30594984,-0.16554497,0.15257181,0.36980408,-0.069431335,0.27356982,-0.32139066,-0.1539073",""
"./server.tsx","server","embeddingsNode2Vec","0.21369092,-0.2615048,-0.16742241,0.17630154,-0.12880723,0.0912226,-0.0077786827,-0.34019977,-0.015497504,-0.0757709,-0.08635241,0.47078508,0.06316953,-0.37082356,0.24859372,-0.11779968,-0.24247235,0.2144512,0.032246884,0.28613555,-0.119238704,-0.35537624,0.07089054,-0.0061305356,-0.31089276,-0.16313517,0.15737651,0.36473444,-0.088115774,0.2845743,-0.33288473,-0.14362676",""
"./index.tsx","react-router-native","embeddingsNode2Vec","0.21880883,-0.2925761,-0.18062289,0.17708766,-0.13786209,0.09588019,-0.011495788,-0.32336158,-0.029236075,-0.07860515,-0.07675535,0.47012475,0.06099121,-0.37208024,0.24652998,-0.12544295,-0.25175482,0.2067374,0.025505347,0.30150363,-0.14077558,-0.36070246,0.087742,0.003971434,-0.29510838,-0.15908279,0.13486071,0.36071536,-0.06611533,0.25492337,-0.3363482,-0.16555002",""
