"codeUnitName","shortCodeUnitName","propertyName","propertyValue","Source Cypher File: Dependencies_Projection/Dependencies_8_Stream_Mutated.cypher"
"./index.ts","react-router","embeddingsNode2Vec","0.085398205,-0.49583215,-0.535846,-0.09353497,0.12994324,-0.17187525,0.302683,0.07798799,-0.170808,-0.14434619,0.11999653,0.29922614,0.03138781,0.09444916,-0.17934038,-0.16776031,0.086179994,-0.21706861,-0.04262296,-0.044948965,-0.605952,-0.075046696,-0.17296687,0.08203429,0.06756466,0.06500283,-0.19214705,-0.0872489,-0.12731972,-0.13164109,-0.40992028,-0.13491987",""
"./index.tsx","react-router-dom","embeddingsNode2Vec","0.10374706,-0.51941353,-0.55514777,-0.08127742,0.119096324,-0.16473131,0.30494627,0.057230785,-0.17448474,-0.14882268,0.11836773,0.3343954,0.037587903,0.07173061,-0.16567138,-0.1817087,0.07134378,-0.2094942,-0.043757252,-0.02541948,-0.6229395,-0.09868903,-0.17215292,0.08226829,0.0491039,0.06000418,-0.19030179,-0.06579847,-0.13199219,-0.120929495,-0.4361082,-0.1456751",""
"./server.tsx","server","embeddingsNode2Vec","0.09455628,-0.4992155,-0.54969966,-0.087756015,0.1292121,-0.1717107,0.30917996,0.05735452,-0.16684175,-0.1453201,0.116317496,0.32378882,0.03777423,0.08367466,-0.17066796,-0.17391005,0.083555214,-0.21066144,-0.04112625,-0.04285962,-0.60511553,-0.084704764,-0.18142301,0.074597314,0.047997672,0.06233669,-0.18071713,-0.07410566,-0.14074242,-0.11139745,-0.42362595,-0.12807049",""
"./index.tsx","react-router-native","embeddingsNode2Vec","0.09640307,-0.50867814,-0.53491956,-0.08206395,0.11864486,-0.16226564,0.29215434,0.06049442,-0.169943,-0.14675866,0.11218556,0.3165039,0.032212786,0.069310576,-0.16006216,-0.16843143,0.06736408,-0.19786295,-0.039369036,-0.023441212,-0.5986455,-0.09485552,-0.1610423,0.08389239,0.05238348,0.052576285,-0.18044291,-0.06391806,-0.12489586,-0.115907274,-0.4187292,-0.1454565",""
