"codeUnitName","shortCodeUnitName","propertyName","propertyValue","Source Cypher File: Dependencies_Projection/Dependencies_8_Stream_Mutated.cypher"
"./index.ts","react-router","embeddingsNode2Vec","-0.17564094,0.2404034,0.10478392,0.100855194,-0.0012954397,-0.2349752,0.30036536,-0.11451638,-0.12516165,0.1451997,0.057189018,-0.008653405,0.12035459,0.3297434,-0.23564345,-0.07102579,0.4307662,-0.40176737,0.1739106,-0.47143525,0.073092,0.09436212,-0.33153123,-0.04281166,-0.077884145,0.15587917,0.047167335,-0.26545915,-0.36347282,-0.16128194,0.13182275,0.34760413",""
"./index.tsx","react-router-dom","embeddingsNode2Vec","-0.1623299,0.24815686,0.115102194,0.11921749,-0.014852381,-0.21739005,0.28953966,-0.12857375,-0.120841324,0.16485512,0.058780234,0.0010834204,0.12591211,0.31073374,-0.22882906,-0.082145594,0.4368178,-0.40372267,0.16937414,-0.457346,0.09184385,0.09384454,-0.33185077,-0.053275615,-0.09194972,0.15514064,0.049349174,-0.25578442,-0.3684057,-0.1526684,0.13118987,0.3616543",""
"./server.tsx","server","embeddingsNode2Vec","-0.16816685,0.24166282,0.10704597,0.10528157,-0.0026852842,-0.2317507,0.2957313,-0.12797192,-0.120785035,0.148417,0.054808684,-0.0026324803,0.117683455,0.33969715,-0.23783368,-0.07032722,0.42908433,-0.40106273,0.17597707,-0.45688805,0.08276636,0.090067424,-0.33360347,-0.047360662,-0.08745609,0.15378565,0.056685098,-0.2585352,-0.36913016,-0.14729986,0.13980898,0.35796487",""
"./index.tsx","react-router-native","embeddingsNode2Vec","-0.15488139,0.23103143,0.094735846,0.11914066,-0.019478181,-0.22126323,0.29979154,-0.12620564,-0.13194318,0.16435945,0.06722605,0.0110540725,0.12921762,0.32545334,-0.23597494,-0.096184246,0.43940583,-0.41993096,0.16420767,-0.45299998,0.07344439,0.091301374,-0.33227992,-0.053766653,-0.08890379,0.16584064,0.03350662,-0.26275435,-0.3665515,-0.16852914,0.117894955,0.34675148",""
"./index.ts","router","embeddingsNode2Vec","-0.1659482,0.24975885,0.10434148,0.10718269,-0.0036271564,-0.22451666,0.29127073,-0.11650385,-0.11956817,0.16186647,0.06135507,-0.0073209205,0.12244588,0.32425517,-0.2362769,-0.08029555,0.44017583,-0.40205902,0.15949182,-0.45449793,0.08314638,0.10413533,-0.33532688,-0.054395415,-0.08143459,0.15849158,0.04176073,-0.26614618,-0.36881807,-0.15158552,0.12744838,0.34885886",""
