"codeUnitName","shortCodeUnitName","propertyName","propertyValue","Source Cypher File: Dependencies_Projection/Dependencies_8_Stream_Mutated.cypher"
"./index.ts","react-router","embeddingsNode2Vec","0.14975716,-0.2838907,0.011416557,0.19047551,-0.22543004,0.17055035,-0.20467813,-0.18071927,-0.059938505,-0.05728371,-0.086458564,0.24270856,-0.015107762,-0.4261188,0.30583048,-0.016032752,-0.36250833,0.2900383,0.027384447,0.43374556,-0.020421047,-0.35754153,0.32463288,0.089521326,-0.15556225,-0.21603183,0.08863173,0.35260257,0.15799353,0.102689944,-0.10284529,-0.2891271",""
"./index.tsx","react-router-dom","embeddingsNode2Vec","0.12971309,-0.28602087,0.018936059,0.19063239,-0.21120739,0.16020316,-0.20627607,-0.18942174,-0.060176563,-0.06332132,-0.09591717,0.23426381,-0.020122102,-0.41886812,0.3104718,0.0001014629,-0.35898876,0.30158582,0.04093021,0.42673144,-0.019771488,-0.36372703,0.3223904,0.09840292,-0.15669084,-0.22830483,0.10851807,0.35798967,0.14296798,0.120015144,-0.097030155,-0.28714588",""
"./server.tsx","server","embeddingsNode2Vec","0.13609299,-0.27757683,0.014061232,0.1844489,-0.20675847,0.16250846,-0.20240541,-0.18970391,-0.05128636,-0.06480855,-0.10039469,0.23834722,-0.0198821,-0.43384016,0.30961746,-0.0015947195,-0.37199366,0.3088704,0.035355713,0.43906477,-0.018349895,-0.36132297,0.32384536,0.09248316,-0.16295457,-0.22481658,0.11012231,0.36176404,0.14022991,0.13384895,-0.10603138,-0.2917366",""
"./index.tsx","react-router-native","embeddingsNode2Vec","0.13535455,-0.29941553,-0.0018527405,0.18855198,-0.2132117,0.15989877,-0.19579978,-0.17700616,-0.068713225,-0.06495735,-0.08571084,0.24053219,-0.018090986,-0.41454065,0.30690342,-0.012700339,-0.35895848,0.28757775,0.032099675,0.4302871,-0.041845866,-0.35832393,0.31849447,0.099025615,-0.14518733,-0.21611886,0.08823438,0.34799144,0.1511991,0.0990821,-0.1101634,-0.29954332",""
"./index.ts","router","embeddingsNode2Vec","0.14278188,-0.30756348,0.010249788,0.1889427,-0.21827164,0.17487478,-0.21608888,-0.1795762,-0.06126867,-0.061806772,-0.084680736,0.2299412,-0.019788034,-0.41570538,0.30798736,-0.009306272,-0.35686412,0.29096448,0.02800676,0.42608184,-0.026440566,-0.35215124,0.34313357,0.09958084,-0.15151185,-0.21386363,0.08863732,0.36405507,0.16600595,0.09609824,-0.10229031,-0.28910357",""
