"codeUnitName","shortCodeUnitName","propertyName","propertyValue","Source Cypher File: Dependencies_Projection/Dependencies_8_Stream_Mutated.cypher"
"./index.ts","react-router","embeddingsFastRandomProjection","0.1136833,-0.14023642,-0.14023642,-0.1830258,-0.14023642,0.36793417,0,0.25391966,0.14023642,0.042789392,0.25425088,-0.25391966,-0.36793417,-0.14023642,-0.36793417,0.39415616,-0.1830258,-0.1136833,0.5081706,0.1830258,-0.11401451,-0.22769777,-0.25391966,-0.43694547,0,-0.14023642,-0.43694547,0.1830258,0.32326224,-0.07089388,-0.11401451,0",""
"./index.tsx","react-router-dom","embeddingsFastRandomProjection","0.04945515,-0.25779802,-0.25779802,-0.18623501,-0.25779802,0.41101658,0,0.30725315,0.25779802,-0.07156299,0.3615614,-0.30725315,-0.41101658,-0.25779802,-0.41101658,0.5650512,-0.18623501,-0.04945515,0.6688146,0.18623501,-0.10376342,-0.15321855,-0.30725315,-0.4934882,0,-0.25779802,-0.4934882,0.18623501,0.44403303,-0.12101814,-0.10376342,0",""
"./server.tsx","server","embeddingsFastRandomProjection","0.1397517,-0.1508522,-0.1508522,-0.15633133,-0.1508522,0.35543847,0,0.2906039,0.1508522,0.0054791346,0.21568678,-0.2906039,-0.35543847,-0.1508522,-0.35543847,0.4414561,-0.15633133,-0.1397517,0.50629073,0.15633133,-0.06483461,-0.20458628,-0.2906039,-0.4469352,0,-0.1508522,-0.4469352,0.15633133,0.30718356,-0.13427256,-0.06483461,0",""
"./index.tsx","react-router-native","embeddingsFastRandomProjection","0.09540732,-0.13414444,-0.13414444,-0.20908335,-0.13414444,0.33431718,0,0.22955175,0.13414444,0.074938916,0.23890987,-0.22955175,-0.33431718,-0.13414444,-0.33431718,0.36369622,-0.20908335,-0.09540732,0.46846163,0.20908335,-0.104765445,-0.20017278,-0.22955175,-0.4386351,0,-0.13414444,-0.4386351,0.20908335,0.3432278,-0.0204684,-0.104765445,0",""
