"codeUnitName","shortCodeUnitName","propertyName","propertyValue","Source Cypher File: Dependencies_Projection/Dependencies_8_Stream_Mutated.cypher"
"./index.ts","react-router","embeddingsNode2Vec","0.18593083,-0.5021992,-0.23387179,0.142501,-0.16756655,0.102907166,-0.066221036,-0.13022636,-0.12871318,-0.10743999,-0.014181321,0.3383507,0.0017962825,-0.34454203,0.2086326,-0.104100704,-0.30100238,0.16907115,-0.0032100505,0.39176264,-0.27309245,-0.3614663,0.23839642,0.122415446,-0.10814249,-0.15519467,-0.017889442,0.2914243,0.10992612,0.027823059,-0.27766347,-0.34227046",""
"./index.tsx","react-router-dom","embeddingsNode2Vec","0.18546486,-0.48235184,-0.21986182,0.14632145,-0.16670561,0.1046144,-0.06948585,-0.14543122,-0.119186476,-0.10484284,-0.022730056,0.34183457,0.0036766739,-0.35105586,0.2163425,-0.09913418,-0.30136597,0.1795438,0.0013232613,0.38882306,-0.25400716,-0.3625194,0.23318641,0.11502232,-0.12216124,-0.16067594,-0.0010137677,0.3000612,0.09941603,0.04905827,-0.27356982,-0.3298007",""
"./server.tsx","server","embeddingsNode2Vec","0.19117136,-0.49107388,-0.23138009,0.14691032,-0.16743724,0.10399441,-0.06404164,-0.1461918,-0.121932566,-0.106155165,-0.019516217,0.350539,0.005739705,-0.35114324,0.21381836,-0.10531829,-0.2996484,0.17438567,-0.0006154394,0.388588,-0.26333812,-0.3642141,0.22995226,0.115095794,-0.12304702,-0.15724923,-0.005655923,0.29961058,0.09771118,0.046508025,-0.28209558,-0.33219087",""
"./index.tsx","react-router-native","embeddingsNode2Vec","0.1871015,-0.5070731,-0.24268857,0.14162593,-0.16378014,0.09898215,-0.05974579,-0.1340792,-0.12944466,-0.11045096,-0.014720783,0.34739697,0.0031678139,-0.34481764,0.2070753,-0.106039755,-0.29947302,0.16832577,-0.0022484383,0.38999766,-0.28195542,-0.3644854,0.23221028,0.12209162,-0.11198883,-0.15632717,-0.015793338,0.2931505,0.102323234,0.033253077,-0.2870565,-0.34108528",""
