"codeUnitName","shortCodeUnitName","propertyName","propertyValue","Source Cypher File: Dependencies_Projection/Dependencies_8_Stream_Mutated.cypher"
"./index.ts","react-router","embeddingsFastRandomProjection","-0.18804821,-0.34496266,0.03736481,-0.399396,-0.34496266,0.1862878,0,-0.22541301,-0.03736481,-0.71022165,0.75666344,-0.15691447,-0.1862878,-0.34496266,-0.1862878,0.5018772,-0.01706853,0.18804821,0.14892295,0.01706853,-0.41170081,-0.22365257,-0.5392419,-0.17398301,0,-0.72729015,-0.17398301,0.01706853,0.36203122,-0.13984594,-0.029373314,0",""
"./index.tsx","react-router-dom","embeddingsFastRandomProjection","-0.15624957,-0.28839758,0.025847882,-0.321688,-0.28839758,0.081682965,0,-0.1820974,-0.025847882,-0.59520054,0.55217797,-0.13214804,-0.081682965,-0.28839758,-0.081682965,0.42054567,-0.0074425056,0.15624957,0.05583504,0.0074425056,-0.26378042,-0.10753079,-0.44639355,-0.13959055,0,-0.6026431,-0.13959055,0.0074425056,0.29584008,-0.12470553,0.05046507,0",""
"./server.tsx","server","embeddingsFastRandomProjection","-0.18716078,-0.3631073,0.020408943,-0.40206742,-0.3631073,0.1006608,0,-0.20756972,-0.020408943,-0.7280724,0.67133784,-0.17594653,-0.1006608,-0.3631073,-0.1006608,0.5390539,-0.018551143,0.18716078,0.08025178,0.018551143,-0.30823055,-0.12106969,-0.5594628,-0.19449767,0,-0.7466236,-0.19449767,0.018551143,0.38165846,-0.1573954,0.07528574,0",""
"./index.tsx","react-router-native","embeddingsFastRandomProjection","-0.02424194,-0.27228832,0.041004688,-0.48369876,-0.27228832,0.1455762,0,-0.06524663,-0.041004688,-0.41517556,0.48311108,-0.24804637,-0.1455762,-0.27228832,-0.1455762,0.5203347,-0.17040575,0.02424194,0.10457149,0.17040575,-0.21082282,-0.18658087,-0.5613394,-0.4184521,0,-0.5855813,-0.4184521,0.17040575,0.44269407,-0.07764063,0.1024702,0",""
"./index.ts","router","embeddingsFastRandomProjection","-0.14646997,-0.27635935,0.050027892,-0.33463147,-0.27635935,0.081710435,0,-0.19649786,-0.050027892,-0.59450245,0.5545677,-0.12988938,-0.081710435,-0.27635935,-0.081710435,0.40624875,-0.008244209,0.14646997,0.03168249,0.008244209,-0.2782083,-0.13173828,-0.45627666,-0.1381336,0,-0.6027466,-0.1381336,0.008244209,0.28460357,-0.12164518,0.048178963,0",""
