"codeUnitName","shortCodeUnitName","propertyName","propertyValue","Source Cypher File: Dependencies_Projection/Dependencies_8_Stream_Mutated.cypher"
"./index.ts","react-router","embeddingsNode2Vec","0.054831408,-0.061851062,0.20623654,0.17441162,-0.17783545,0.1665918,-0.2747761,-0.20517844,0.02315344,-0.03315425,-0.15605083,0.101090044,-0.047661453,-0.40816644,0.34368744,0.10339734,-0.3425071,0.39067525,0.07501194,0.38250542,0.18863311,-0.30292767,0.3305777,0.070113495,-0.17189977,-0.26590154,0.21784955,0.36166131,0.12715662,0.22701718,0.05114056,-0.20451857",""
"./index.tsx","react-router-dom","embeddingsNode2Vec","0.05694238,-0.070383035,0.19764444,0.17440715,-0.1746204,0.16116399,-0.26857817,-0.2117732,0.021906061,-0.03802315,-0.15876913,0.113239706,-0.046651658,-0.41510218,0.34684685,0.1029032,-0.34548342,0.39398748,0.07869554,0.38752955,0.18055175,-0.30863202,0.325397,0.07117545,-0.17814553,-0.2712776,0.22219098,0.36951274,0.11799712,0.23649871,0.039127804,-0.20408069",""
"./server.tsx","server","embeddingsNode2Vec","0.064924665,-0.06430066,0.19385533,0.18018694,-0.17750067,0.16383855,-0.264198,-0.22626315,0.026736366,-0.035825953,-0.16044341,0.1282861,-0.040567786,-0.41629463,0.3476578,0.09449314,-0.3410597,0.39118272,0.07655065,0.37834,0.18092768,-0.31092152,0.31352293,0.0625975,-0.1911625,-0.266995,0.22678235,0.37251756,0.10724281,0.24796614,0.029259628,-0.19513597",""
"./index.tsx","react-router-native","embeddingsNode2Vec","0.059466302,-0.08323476,0.18632768,0.17241098,-0.17788607,0.16431852,-0.26767007,-0.201276,0.015014209,-0.037383318,-0.15375254,0.112361014,-0.047015745,-0.41292152,0.34563926,0.096184604,-0.34242284,0.38407335,0.071516454,0.3861375,0.16576533,-0.30753946,0.32982907,0.074910246,-0.16795762,-0.2652257,0.20805869,0.361909,0.129425,0.2141446,0.037703086,-0.21211047",""
