"codeUnitName","shortCodeUnitName","propertyName","propertyValue","Source Cypher File: Dependencies_Projection/Dependencies_8_Stream_Mutated.cypher"
"./index.ts","react-router","embeddingsNode2Vec","-0.041355863,0.14604513,0.111614026,0.17543738,-0.19794892,-0.061936364,0.18350676,-0.016454425,-0.16967493,0.23415855,0.17073968,-0.065165564,0.15478392,0.32576102,-0.22233123,-0.21969448,0.35598844,-0.50908184,0.046963107,-0.32375988,0.12152217,0.13342367,-0.16981177,-0.0750011,0.0037767985,0.29542762,-0.1883187,-0.28655788,-0.08489624,-0.45696235,0.17617272,0.25898468",""
"./index.tsx","react-router-dom","embeddingsNode2Vec","-0.039209276,0.15100804,0.12338104,0.1899833,-0.21157238,-0.057678558,0.179933,-0.03121118,-0.17369397,0.23938707,0.16841874,-0.056455623,0.16220014,0.31633225,-0.21314368,-0.22358991,0.3519447,-0.50751185,0.05404371,-0.3219816,0.13400221,0.122794144,-0.16349131,-0.07608131,-0.008439387,0.29686427,-0.18439186,-0.2784862,-0.087551974,-0.45386708,0.17859048,0.26217",""
"./server.tsx","server","embeddingsNode2Vec","-0.035298742,0.14349231,0.09328445,0.16408645,-0.17899287,-0.065461636,0.19198953,-0.025311168,-0.15833974,0.22345406,0.16385524,-0.047810156,0.15367569,0.3199356,-0.21935868,-0.21663344,0.35280144,-0.49709898,0.04506386,-0.32705536,0.11059298,0.1326649,-0.18352558,-0.080314875,-0.0064468775,0.2889891,-0.17609833,-0.27693042,-0.10141681,-0.42881736,0.15422398,0.2619816",""
"./index.tsx","react-router-native","embeddingsNode2Vec","-0.027219376,0.13943341,0.09723087,0.17400526,-0.19966625,-0.054599125,0.18618117,-0.020733928,-0.1661803,0.23493673,0.17583925,-0.051526695,0.16155005,0.32315895,-0.2222927,-0.23423149,0.35260114,-0.51276135,0.039547976,-0.32533947,0.11888384,0.13477068,-0.17774019,-0.083878174,-0.0018207886,0.31184837,-0.20083171,-0.28952986,-0.08371497,-0.46125814,0.16256838,0.2641365",""
"./index.ts","router","embeddingsNode2Vec","-0.02554079,0.15695204,0.098960534,0.1681731,-0.19322947,-0.055099405,0.18786986,-0.025368216,-0.15290894,0.23529856,0.17379218,-0.052006274,0.1649755,0.3253232,-0.22432901,-0.23543552,0.3633619,-0.5171032,0.037313633,-0.33719504,0.12949993,0.141926,-0.19040851,-0.093539104,-0.0076090083,0.31690136,-0.19463003,-0.29059494,-0.09063845,-0.4471677,0.16083097,0.27730146",""
