"codeUnitName","shortCodeUnitName","propertyName","propertyValue","Source Cypher File: Dependencies_Projection/Dependencies_8_Stream_Mutated.cypher"
"./index.ts","react-router","embeddingsNode2Vec","0.08680571,0.37077978,-0.048003085,-0.3775289,0.4101179,-0.12516738,0.31582218,0.26885787,-0.20101897,0.010037472,-0.16168202,0.11207693,0.020316713,0.20431799,-0.2022278,0.11338852,0.019859646,0.3853338,0.03696539,0.29421505,0.0135970265,0.2968579,0.23897736,0.019387746,-0.2106599,0.33063373,-0.27409437,-0.23009573,-0.006705565,0.2954691,0.06021466,-0.11034363",""
"./index.tsx","react-router-dom","embeddingsNode2Vec","0.08780123,0.38254586,-0.050687,-0.3875521,0.4178045,-0.121583566,0.32364213,0.2684177,-0.19136423,0.005637216,-0.16356702,0.11774339,0.015723571,0.20214039,-0.1924215,0.110947594,0.033917088,0.38002682,0.03911455,0.29850423,0.019100785,0.29104686,0.24252678,0.023515502,-0.20568173,0.3270228,-0.26638255,-0.22695048,-0.011226102,0.291388,0.055681225,-0.11998604",""
"./server.tsx","server","embeddingsNode2Vec","0.09255056,0.37349826,-0.034866266,-0.3786208,0.4196794,-0.107008085,0.32286802,0.27815095,-0.19955005,0.006538808,-0.16815796,0.13051154,0.022383003,0.19556908,-0.21551228,0.1102641,0.019814806,0.38643995,0.039568257,0.2922992,0.010208088,0.28556952,0.23453963,0.017890012,-0.2204823,0.32456487,-0.2845239,-0.22031967,0.0024443269,0.31348863,0.048328523,-0.11181295",""
"./index.tsx","react-router-native","embeddingsNode2Vec","0.09424646,0.37085703,-0.037249573,-0.37352213,0.40863645,-0.10016018,0.31876004,0.2673905,-0.18549265,0.0047656856,-0.16073376,0.12802176,0.023199312,0.19272168,-0.19923118,0.10747016,0.034152355,0.38025266,0.033893272,0.2957301,0.017103199,0.27820018,0.2351155,0.023485243,-0.20925228,0.31934372,-0.2739796,-0.2184773,-0.0063933516,0.3040051,0.04576037,-0.12339989",""
