"codeUnitName","shortCodeUnitName","propertyName","propertyValue","Source Cypher File: Dependencies_Projection/Dependencies_8_Stream_Mutated.cypher"
"./index.ts","react-router","embeddingsFastRandomProjection","0.08913429,-0.23107162,0.12819918,-0.42130265,-0.23107162,0.36897275,0,-0.039064884,-0.12819918,-0.5283106,0.6391092,-0.32020587,-0.36897275,-0.23107162,-0.36897275,0.5512775,-0.062031858,-0.08913429,0.24077356,0.062031858,-0.40803763,-0.49717194,-0.6794767,-0.38223776,0,-0.59034246,-0.38223776,0.062031858,0.2931035,-0.25817403,-0.048766837,0",""
"./index.tsx","react-router-dom","embeddingsFastRandomProjection","0.08355872,-0.27786225,0.089272074,-0.41185528,-0.27786225,0.28358826,0,-0.0057133436,-0.089272074,-0.6002755,0.56716377,-0.36142093,-0.28358826,-0.27786225,-0.28358826,0.6392832,-0.044720985,-0.08355872,0.19431615,0.044720985,-0.28930163,-0.37286037,-0.72855526,-0.40614194,0,-0.6449965,-0.40614194,0.044720985,0.3225832,-0.31669998,0.07783268,0",""
"./server.tsx","server","embeddingsFastRandomProjection","0.13020556,-0.24354082,0.09493128,-0.3950541,-0.24354082,0.26101053,0,0.035274267,-0.09493128,-0.525431,0.46927705,-0.37374634,-0.26101053,-0.24354082,-0.26101053,0.61728716,-0.056581996,-0.13020556,0.1660792,0.056581996,-0.22573626,-0.35594183,-0.7122185,-0.43032837,0,-0.58201295,-0.43032837,0.056581996,0.30012283,-0.31716436,0.11273583,0",""
"./index.tsx","react-router-native","embeddingsFastRandomProjection","0.14560196,-0.16718501,0.17040575,-0.5079965,-0.16718501,0.2669648,0,-0.024803782,-0.17040575,-0.33437002,0.45895356,-0.31278697,-0.2669648,-0.16718501,-0.2669648,0.47997198,-0.17040575,-0.14560196,0.09655905,0.17040575,-0.29176855,-0.43737054,-0.65037775,-0.4831927,0,-0.50477576,-0.4831927,0.17040575,0.33759075,-0.14238122,0.045822196,0",""
"./index.ts","router","embeddingsFastRandomProjection","0.08703113,-0.22096884,0.16665953,-0.43967757,-0.22096884,0.25701052,0,-0.07962838,-0.16665953,-0.556548,0.5576077,-0.30799997,-0.25701052,-0.22096884,-0.25701052,0.5289688,-0.05204922,-0.08703113,0.090350956,0.05204922,-0.33663893,-0.42367005,-0.6956283,-0.3600492,0,-0.6085972,-0.3600492,0.05204922,0.27301803,-0.25595075,0.050989464,0",""
