"codeUnitName","shortCodeUnitName","propertyName","propertyValue","Source Cypher File: Dependencies_Projection/Dependencies_8_Stream_Mutated.cypher"
"./index.ts","react-router","embeddingsNode2Vec","0.15349345,-0.23573878,-0.06863185,0.17162281,-0.13201633,0.101863645,-0.09446331,-0.30665982,-0.012528443,-0.08634659,-0.124295406,0.3741896,0.016057845,-0.4111768,0.28891534,-0.025368616,-0.2919956,0.2953613,0.060313847,0.33798695,-0.057709657,-0.37460643,0.16368566,0.041282658,-0.26794818,-0.22940321,0.20027944,0.3905127,-0.034898225,0.29901555,-0.22812434,-0.18781154",""
"./index.tsx","react-router-dom","embeddingsNode2Vec","0.13584068,-0.20876983,-0.040668223,0.16450511,-0.122874714,0.09790203,-0.10458329,-0.29647604,-0.0044968156,-0.083374,-0.13485144,0.3659523,0.009991278,-0.42285883,0.3026822,-0.007041268,-0.30005148,0.32147834,0.06944584,0.3449823,-0.035104483,-0.36325526,0.16690211,0.043661997,-0.2731072,-0.23759994,0.21728243,0.3843919,-0.034819018,0.30368978,-0.19938056,-0.17874399",""
"./server.tsx","server","embeddingsNode2Vec","0.14580986,-0.22871506,-0.070347846,0.16585621,-0.122154824,0.09438983,-0.09035207,-0.3169046,-0.010372253,-0.09257081,-0.12718841,0.37766594,0.01546105,-0.41070762,0.28638437,-0.021225583,-0.28220153,0.29651102,0.063752696,0.32923344,-0.05985196,-0.3750383,0.15503626,0.04124908,-0.2664231,-0.22915876,0.2088423,0.38145116,-0.045853794,0.30332384,-0.2267158,-0.17847148",""
"./index.tsx","react-router-native","embeddingsNode2Vec","0.14796992,-0.2484845,-0.07600555,0.16401471,-0.12442201,0.094787546,-0.09093427,-0.29407963,-0.0180419,-0.0909636,-0.12119015,0.36988643,0.012408723,-0.40912017,0.2857081,-0.022308286,-0.2896063,0.29521716,0.06100827,0.33373588,-0.07169198,-0.3693268,0.1637241,0.047753662,-0.2570656,-0.23025912,0.19243178,0.38053262,-0.033167884,0.2872072,-0.22646812,-0.19395779",""
