"codeUnitName","shortCodeUnitName","propertyName","propertyValue","Source Cypher File: Dependencies_Projection/Dependencies_8_Stream_Mutated.cypher"
"./index.ts","react-router","embeddingsNode2Vec","0.17506595,0.18444097,0.2365867,-0.17939201,0.30476078,0.27842066,0.2922782,0.34374645,-0.13576531,-0.02557348,-0.16731644,0.3610169,0.111365415,0.013562133,-0.4526134,0.047216706,-0.03389165,0.3525105,0.019544588,0.2055394,-0.06936669,0.033680223,0.034168415,-0.02193381,-0.33371294,0.12942266,-0.4286177,0.002286932,0.17292577,0.47178274,-0.17582537,-0.0483421",""
"./index.tsx","react-router-dom","embeddingsNode2Vec","0.18424983,0.20935339,0.22877179,-0.19824988,0.32199842,0.27397504,0.30648416,0.34605613,-0.13442095,-0.026254248,-0.1698681,0.360419,0.1115115,0.024909519,-0.44216242,0.05121231,-0.017966876,0.3651994,0.016490297,0.22086295,-0.059321303,0.044841435,0.05191679,-0.014522473,-0.32882825,0.14282064,-0.42518693,-0.012022023,0.16015252,0.46165648,-0.17260852,-0.06383752",""
"./server.tsx","server","embeddingsNode2Vec","0.16914365,0.171633,0.24126911,-0.17021978,0.294143,0.29000273,0.28559113,0.3353554,-0.122725196,-0.029155644,-0.16380784,0.3639883,0.108299434,0.004623149,-0.4464919,0.04179927,-0.027924508,0.34306714,0.021317923,0.19995879,-0.067441486,0.022660624,0.029124958,-0.020888831,-0.32701713,0.11832257,-0.4170897,0.01080402,0.17227325,0.45855674,-0.18285757,-0.047574975",""
"./index.tsx","react-router-native","embeddingsNode2Vec","0.18599427,0.18225265,0.23773885,-0.16676459,0.29164436,0.29630867,0.28555724,0.32939187,-0.11405251,-0.0296173,-0.15864642,0.3698832,0.11319598,0.0055001904,-0.43331152,0.04156487,-0.0142869875,0.34113038,0.012729154,0.20370926,-0.060269274,0.016053589,0.033487357,-0.014748395,-0.31885606,0.11909574,-0.41933504,0.009689494,0.16382916,0.44898856,-0.18764682,-0.0599558",""
