"codeUnitName","shortCodeUnitName","propertyName","propertyValue","Source Cypher File: Dependencies_Projection/Dependencies_8_Stream_Mutated.cypher"
"./index.ts","react-router","embeddingsNode2Vec","0.11495207,-0.35930872,-0.51533,-0.057685863,0.16352378,-0.18662065,0.35320842,-0.11200661,-0.093778916,-0.14140221,0.050862398,0.4354459,0.074368864,0.01748103,-0.12619409,-0.17540188,0.12420958,-0.14732605,-4.648551e-05,-0.10872288,-0.5010536,-0.09588927,-0.284948,0.011044688,-0.10886554,0.025606913,-0.026857885,0.002931282,-0.31800824,0.11854534,-0.4918219,-0.0121805845",""
"./index.tsx","react-router-dom","embeddingsNode2Vec","0.12152404,-0.36507905,-0.51903206,-0.049121875,0.15490931,-0.17704558,0.33615133,-0.12743776,-0.08901982,-0.14018956,0.041408673,0.44052717,0.07376507,-0.004068104,-0.106687546,-0.16966593,0.10792019,-0.1271607,0.0041457056,-0.09245123,-0.48224634,-0.10939262,-0.27030882,0.010299604,-0.12252053,0.013127364,-0.01177445,0.022585677,-0.3036651,0.13831145,-0.50148666,-0.016165456",""
"./server.tsx","server","embeddingsNode2Vec","0.11582867,-0.35473445,-0.5125241,-0.052406073,0.16458516,-0.18572357,0.34656596,-0.1300999,-0.08809933,-0.14361067,0.040242314,0.4329244,0.074176595,0.00041294217,-0.11168316,-0.16334097,0.11569934,-0.13022366,0.006609007,-0.102311045,-0.49519956,-0.1077576,-0.2831728,0.009578222,-0.12814015,0.012801225,-0.0074431114,0.020047933,-0.31826633,0.14368345,-0.49663705,-0.010457317",""
"./index.tsx","react-router-native","embeddingsNode2Vec","0.117954105,-0.35929066,-0.5144562,-0.053593077,0.16086505,-0.18307646,0.34319285,-0.11925597,-0.092288,-0.14167537,0.04582348,0.42657277,0.07504064,0.005501451,-0.11409958,-0.16521016,0.11248381,-0.13476428,0.0025520811,-0.09697783,-0.48759875,-0.10304402,-0.27048796,0.01216653,-0.11352032,0.017673062,-0.018820439,0.014212975,-0.30037168,0.12819,-0.505122,-0.016868839",""
