"codeUnitName","shortCodeUnitName","propertyName","propertyValue","Source Cypher File: Dependencies_Projection/Dependencies_8_Stream_Mutated.cypher"
"./index.ts","react-router","embeddingsNode2Vec","-0.19873935,0.1437095,0.3574864,-0.064943105,-0.07322732,0.07425507,-0.26545268,0.3501374,-0.029487422,0.07327075,0.0321111,-0.5298837,-0.12761897,0.122982405,-0.031710215,0.19367653,-0.044734497,0.014142739,-0.021640278,0.03918853,0.23206456,0.18338428,0.2923729,0.11084662,0.329505,0.014356751,-0.14929788,-0.1788372,0.36405253,-0.35355857,0.46975213,-0.10109114",""
"./index.tsx","react-router-dom","embeddingsNode2Vec","-0.18969555,0.12556423,0.35032275,-0.057690557,-0.080336414,0.079142846,-0.26803634,0.34335595,-0.03404654,0.068645135,0.031958964,-0.52674,-0.1289101,0.11179705,-0.023340806,0.18713649,-0.05617743,0.02019133,-0.022377366,0.05425705,0.22217265,0.16278586,0.3030591,0.112886935,0.3265516,0.008583183,-0.14658429,-0.16282217,0.37657386,-0.34912252,0.4598934,-0.111162275",""
"./server.tsx","server","embeddingsNode2Vec","-0.18734552,0.15589216,0.36247897,-0.055863,-0.0772289,0.07875924,-0.2678054,0.34391856,-0.02132405,0.07695663,0.02608297,-0.54034936,-0.12596023,0.111867286,-0.021120807,0.18875487,-0.049737327,0.022916961,-0.020313755,0.046104584,0.25168827,0.18152285,0.30848253,0.1061292,0.32675317,0.011226214,-0.13527043,-0.16794509,0.3771657,-0.33881122,0.4812787,-0.09686842",""
"./index.tsx","react-router-native","embeddingsNode2Vec","-0.18730806,0.122346245,0.34319922,-0.061214335,-0.079155155,0.07697629,-0.26327622,0.35491544,-0.03698243,0.07085507,0.0386078,-0.5395783,-0.1295544,0.12265428,-0.032131474,0.18507762,-0.05163732,0.008885233,-0.026837612,0.050371822,0.22146624,0.1767814,0.31036773,0.11677074,0.3464885,0.017296838,-0.15648855,-0.17162913,0.36991414,-0.3583361,0.4576437,-0.11204964",""
