"codeUnitName","shortCodeUnitName","propertyName","propertyValue","Source Cypher File: Dependencies_Projection/Dependencies_8_Stream_Mutated.cypher"
"./index.ts","react-router","embeddingsNode2Vec","0.19879566,-0.5454137,-0.47878385,0.050456036,-0.013938593,-0.044778507,0.18177593,-0.12761225,-0.14631014,-0.142229,0.046315566,0.48248112,0.05462599,-0.16825648,0.030094562,-0.19469777,-0.105815,-0.030255971,-0.02229424,0.17421447,-0.49720237,-0.2705085,-0.039823882,0.06910817,-0.11138701,-0.044054806,-0.071029484,0.15762271,-0.09648183,0.027298521,-0.48171422,-0.21375644",""
"./index.tsx","react-router-dom","embeddingsNode2Vec","0.19874941,-0.530074,-0.45483452,0.059757486,-0.02297557,-0.034555607,0.16518727,-0.13921428,-0.13988924,-0.14054148,0.035557996,0.47660813,0.05211913,-0.18519017,0.047488667,-0.18546583,-0.12014479,-0.0085893,-0.017308379,0.18913081,-0.47711536,-0.2827237,-0.02449658,0.067634754,-0.12034258,-0.056472413,-0.055292264,0.17376506,-0.09010889,0.043060623,-0.46187228,-0.21626002",""
"./server.tsx","server","embeddingsNode2Vec","0.19752869,-0.53471005,-0.47377697,0.05041041,-0.009896389,-0.047403928,0.18504114,-0.13364597,-0.14338414,-0.14410426,0.041753627,0.48414773,0.05510851,-0.16916773,0.031781368,-0.19276595,-0.10497962,-0.025384083,-0.018962612,0.1723522,-0.49929088,-0.27509478,-0.04477383,0.06663384,-0.11659118,-0.048376128,-0.06243355,0.16261734,-0.10560397,0.04022473,-0.47758684,-0.21016136",""
"./index.tsx","react-router-native","embeddingsNode2Vec","0.18479933,-0.53224593,-0.46263635,0.044645555,-0.006769946,-0.049212307,0.17500511,-0.116284855,-0.14439858,-0.1448422,0.039882727,0.45092013,0.046117235,-0.16265054,0.02909349,-0.1768872,-0.10569949,-0.020511216,-0.016733442,0.17577916,-0.50221336,-0.27403343,-0.032233704,0.07560496,-0.09973002,-0.05316798,-0.06520985,0.15373443,-0.09243686,0.028752508,-0.45525002,-0.2186497",""
