"codeUnitName","shortCodeUnitName","propertyName","propertyValue","Source Cypher File: Dependencies_Projection/Dependencies_8_Stream_Mutated.cypher"
"./index.ts","react-router","embeddingsNode2Vec","0.040831223,0.29584184,0.30001396,0.15361486,-0.09972826,0.11383983,-0.1689748,-0.38184386,0.17859764,0.04646824,-0.1930615,0.12847368,0.029735563,-0.2867857,0.27024862,0.08536306,-0.1490519,0.31977692,0.09328696,0.09510661,0.4157803,-0.15407474,0.038058423,-0.1228377,-0.3622786,-0.17038487,0.36520368,0.30443993,-0.12991707,0.43897778,0.057895288,0.1183625",""
"./index.tsx","react-router-dom","embeddingsNode2Vec","0.047660798,0.28313574,0.27647093,0.15783942,-0.100960284,0.12073318,-0.16605859,-0.37199262,0.17386632,0.044014025,-0.19344996,0.14147182,0.031542838,-0.2943792,0.2763208,0.07920173,-0.15588453,0.31204474,0.09210642,0.10319414,0.4048412,-0.16186586,0.03848399,-0.11269189,-0.35297853,-0.16481216,0.35737413,0.29689768,-0.12641613,0.43593666,0.043604776,0.10768997",""
"./server.tsx","server","embeddingsNode2Vec","0.040497713,0.28800613,0.28706914,0.15050267,-0.09745443,0.11055938,-0.15598479,-0.3652398,0.17624313,0.042036775,-0.18661107,0.13820326,0.031354424,-0.28879523,0.27427688,0.081648044,-0.14712936,0.309244,0.09211175,0.09179592,0.40685815,-0.15289706,0.031826302,-0.1149846,-0.34728098,-0.16904867,0.36910042,0.3033006,-0.13682358,0.45780644,0.051319424,0.11854601",""
"./index.tsx","react-router-native","embeddingsNode2Vec","0.050718084,0.292132,0.27790996,0.16634713,-0.10066964,0.114354245,-0.15607178,-0.38118845,0.17774263,0.045214847,-0.19470777,0.15036412,0.035143003,-0.29786766,0.2703346,0.07518153,-0.14983931,0.30361786,0.0918113,0.0970678,0.41022617,-0.15620275,0.029609239,-0.12351692,-0.3773523,-0.16444828,0.3644882,0.30676323,-0.13651602,0.4482311,0.040144403,0.11831847",""
