"codeUnitName","shortCodeUnitName","propertyName","propertyValue","Source Cypher File: Dependencies_Projection/Dependencies_8_Stream_Mutated.cypher"
"./index.ts","react-router","embeddingsNode2Vec","0.13294074,-0.16181333,-0.044898268,0.1599905,-0.09280658,0.07601262,-0.074236594,-0.33728334,0.019764518,-0.08588477,-0.1468445,0.37899524,0.01932945,-0.39973712,0.28672242,-0.001835234,-0.26048484,0.31499293,0.08098998,0.29985508,-0.019814419,-0.3462672,0.10716879,0.020217076,-0.30744046,-0.24897476,0.26003143,0.38771388,-0.108378865,0.38523164,-0.23046309,-0.13326995",""
"./index.tsx","react-router-dom","embeddingsNode2Vec","0.11619894,-0.16651843,-0.038041122,0.14968018,-0.083223864,0.068440236,-0.07978008,-0.32085553,0.016005583,-0.093057215,-0.15236321,0.35543033,0.008342499,-0.40479296,0.28738937,0.016699176,-0.26137245,0.32140127,0.08602866,0.28866255,-0.02471252,-0.3447047,0.11892719,0.032614894,-0.2784468,-0.24540558,0.25286934,0.38195515,-0.09691767,0.3702065,-0.21113765,-0.14395201",""
"./server.tsx","server","embeddingsNode2Vec","0.12412145,-0.16154732,-0.038466953,0.15539156,-0.08542678,0.07054026,-0.08003682,-0.33934963,0.020248793,-0.092271,-0.15457712,0.3701623,0.011929737,-0.3921142,0.28984416,0.013886277,-0.26606804,0.32812375,0.0883671,0.29153225,-0.020402389,-0.36013824,0.1126564,0.02770064,-0.2962186,-0.25450772,0.2635,0.38502526,-0.10516639,0.38322902,-0.21133965,-0.13447587",""
"./index.tsx","react-router-native","embeddingsNode2Vec","0.1368393,-0.1943093,-0.07045148,0.15628012,-0.086894974,0.068208836,-0.063544646,-0.32863638,0.0092302635,-0.0941634,-0.14081983,0.38370326,0.017921388,-0.41498262,0.27915338,-0.005106382,-0.2569029,0.31430414,0.07892995,0.28748944,-0.051435295,-0.3499807,0.10397771,0.028342225,-0.2884735,-0.24570812,0.23875752,0.37079453,-0.10239361,0.35725474,-0.2353249,-0.14294133",""
