"codeUnitName","shortCodeUnitName","propertyName","propertyValue","Source Cypher File: Dependencies_Projection/Dependencies_8_Stream_Mutated.cypher"
"./index.ts","react-router","embeddingsNode2Vec","0.18169232,-0.19529419,-0.07036097,0.18563546,-0.13432494,0.10749112,-0.070193656,-0.35089925,0.012521479,-0.06656929,-0.12225654,0.4120385,0.042170867,-0.4058473,0.28799966,-0.058131628,-0.26904166,0.28240067,0.05533863,0.3135738,-0.028767185,-0.36073554,0.11752106,0.0001247807,-0.3150656,-0.2038556,0.21368352,0.39090908,-0.07657423,0.33076853,-0.25503856,-0.13720162",""
"./index.tsx","react-router-dom","embeddingsNode2Vec","0.16997857,-0.1969199,-0.06762248,0.18038593,-0.12986135,0.10337192,-0.073521905,-0.34393492,0.009841583,-0.07329021,-0.12649159,0.40593737,0.035852708,-0.40914163,0.2899922,-0.04736184,-0.26925945,0.28657088,0.058891345,0.3119271,-0.034077354,-0.35866866,0.122113794,0.008702222,-0.30586714,-0.21148661,0.2157823,0.38777524,-0.07477438,0.32926407,-0.2476876,-0.14370236",""
"./server.tsx","server","embeddingsNode2Vec","0.1781839,-0.19711207,-0.07798419,0.18134281,-0.12679724,0.100517094,-0.063193485,-0.35233653,0.011972822,-0.07128372,-0.124568395,0.42067167,0.04203656,-0.40820038,0.2878719,-0.056938,-0.26595458,0.28252658,0.057730373,0.30935317,-0.037508577,-0.35670877,0.108749494,0.0016246825,-0.31362265,-0.20471545,0.21529219,0.38686168,-0.08521791,0.3354703,-0.2606129,-0.13557361",""
"./index.tsx","react-router-native","embeddingsNode2Vec","0.17946605,-0.21547952,-0.09202151,0.18012665,-0.12792175,0.0988891,-0.058866184,-0.34627074,0.004159554,-0.075852945,-0.119758815,0.42370668,0.041125257,-0.40437502,0.28204992,-0.061158616,-0.26426828,0.27353477,0.05473666,0.309929,-0.055846225,-0.354906,0.10932891,0.0070514,-0.3024153,-0.20020926,0.2022391,0.3786063,-0.07968211,0.31799412,-0.264666,-0.14301348",""
