"codeUnitName","shortCodeUnitName","propertyName","propertyValue","Source Cypher File: Dependencies_Projection/Dependencies_8_Stream_Mutated.cypher"
"./index.ts","react-router","embeddingsNode2Vec","0.019060088,0.34508058,0.26159853,-0.16217734,0.3033786,0.09786099,-0.110968746,-0.4365447,0.12761585,0.22671543,0.04613933,-0.1681037,-0.25700325,-0.20392671,-0.5639832,0.012032547,0.007670749,0.46559456,-0.08342275,-0.019360641,0.1307385,0.11601387,-0.21233042,-0.013767325,-0.012124351,-0.19079252,0.34618008,-0.22208217,0.05238926,0.113281436,-0.0002675958,-0.09634018",""
"./index.tsx","react-router-dom","embeddingsNode2Vec","0.021633958,0.33135235,0.26787362,-0.1621069,0.29998532,0.09281496,-0.1063649,-0.43879578,0.14006026,0.22629815,0.04105324,-0.17614223,-0.23944712,-0.19936849,-0.5602815,0.003790117,0.0040329574,0.47380295,-0.09748252,-0.016888058,0.13835599,0.12478926,-0.22561477,-0.01531046,-0.024823686,-0.18737178,0.3427127,-0.2291201,0.04476261,0.10539519,0.008721172,-0.09205359",""
"./server.tsx","server","embeddingsNode2Vec","0.021340247,0.34233955,0.26687768,-0.17230912,0.31728727,0.08655183,-0.09280103,-0.45342174,0.14991339,0.2300442,0.04413369,-0.17654832,-0.23677978,-0.1896435,-0.55573034,-0.0038385317,-0.009649087,0.4799143,-0.10735025,-0.0078719705,0.13735072,0.11362309,-0.22841625,-0.023788776,-0.007754162,-0.183044,0.34516606,-0.22105268,0.054226384,0.10684752,0.004265363,-0.08177559",""
"./index.tsx","react-router-native","embeddingsNode2Vec","0.024817035,0.3561547,0.2666843,-0.16010787,0.30310896,0.099429816,-0.11335558,-0.43613875,0.11404798,0.2254701,0.049351323,-0.15350623,-0.27097028,-0.19501168,-0.5721302,0.013481987,0.006806722,0.46700722,-0.07436069,-0.03444228,0.13131933,0.124338575,-0.20418628,-0.02670302,-0.0070173247,-0.198162,0.3515157,-0.21504323,0.056101587,0.120504126,0.0019328756,-0.11071017",""
"./index.ts","router","embeddingsNode2Vec","0.026238823,0.3450825,0.2616974,-0.16459148,0.30708587,0.09059235,-0.10822194,-0.4397716,0.13295673,0.23337805,0.044136122,-0.17157415,-0.25237322,-0.19651017,-0.5649733,0.0064722793,0.005154428,0.46568573,-0.0858868,-0.014821188,0.12834047,0.11293947,-0.2152504,-0.011821771,-0.0032366435,-0.1850298,0.35211274,-0.21696644,0.05537698,0.11759915,-0.003401713,-0.09022831",""
