"codeUnitName","shortCodeUnitName","propertyName","propertyValue","Source Cypher File: Dependencies_Projection/Dependencies_8_Stream_Mutated.cypher"
"./index.ts","react-router","embeddingsNode2Vec","-0.014528995,0.35485348,-0.24752174,-0.078784995,0.19804503,-0.028895363,0.08445599,0.02084022,-0.20770381,0.064154565,0.13325416,0.18973315,-0.32388952,0.06412829,0.030406618,0.086485416,-0.064240836,-0.2567713,0.25943053,0.081435986,-0.24512868,-0.38802797,0.31339234,-0.013937974,0.5746284,0.029057773,0.12591134,0.334561,0.3057127,0.23326668,-0.30897427,0.07075244",""
"./index.tsx","react-router-dom","embeddingsNode2Vec","-0.009799238,0.3409386,-0.24572644,-0.08151031,0.19852845,-0.038086135,0.0907983,0.016360385,-0.1904691,0.066452764,0.12726675,0.1792314,-0.30028635,0.07254731,0.0396747,0.07524233,-0.06819209,-0.25625888,0.2433784,0.090702526,-0.24484386,-0.38669577,0.30397144,-0.010697349,0.580558,0.04031921,0.1235638,0.33901298,0.30594444,0.2336473,-0.316746,0.08473405",""
"./server.tsx","server","embeddingsNode2Vec","-0.012360778,0.32992756,-0.24571982,-0.084849685,0.20542051,-0.045769323,0.10994166,0.012889481,-0.18267703,0.06022897,0.12823443,0.18305676,-0.28611082,0.085454375,0.05678751,0.06692231,-0.0838427,-0.25843042,0.23228629,0.09731351,-0.23964094,-0.39213446,0.29690927,-0.023776032,0.5785672,0.043858435,0.11496076,0.34168026,0.30676118,0.22109258,-0.30259395,0.091855",""
"./index.tsx","react-router-native","embeddingsNode2Vec","-0.0058936523,0.35589826,-0.23599778,-0.07857866,0.19884388,-0.031306926,0.08373477,0.014022815,-0.20870246,0.06563547,0.13136293,0.19439887,-0.32397172,0.0747724,0.02523388,0.081225924,-0.066489145,-0.25076646,0.257628,0.07145271,-0.24017432,-0.37513018,0.31030616,-0.023422675,0.5734859,0.027559452,0.13046551,0.33789968,0.30285636,0.2359472,-0.29903036,0.06297175",""
"./index.ts","router","embeddingsNode2Vec","-0.013700922,0.33788157,-0.25266585,-0.08111579,0.19959272,-0.0379763,0.1015128,0.022933774,-0.2005957,0.05951773,0.12934431,0.18987383,-0.30556703,0.07836167,0.051026862,0.076171845,-0.073042065,-0.25733808,0.24374595,0.08479427,-0.24115124,-0.37984604,0.3035456,-0.020355051,0.5681277,0.03756323,0.114068225,0.34118906,0.30091533,0.22389355,-0.30633956,0.07958162",""
