"codeUnitName","shortCodeUnitName","propertyName","propertyValue","Source Cypher File: Dependencies_Projection/Dependencies_8_Stream_Mutated.cypher"
"./index.ts","react-router","embeddingsNode2Vec","-0.15713473,0.19467328,0.1277689,-0.023584729,0.03781855,0.2494555,-0.2741486,-0.12961626,0.00046353054,0.11986278,0.036075585,-0.23333846,-0.32430422,-0.50745463,-0.49244165,0.19866918,0.20769523,0.34960523,0.040948153,-0.008236986,0.10257621,0.10010283,-0.13100009,0.21173348,-0.26085886,-0.2416344,0.16656014,-0.39041665,-0.0721542,0.018281702,-0.0051201475,-0.14578171",""
"./index.tsx","react-router-dom","embeddingsNode2Vec","-0.15884936,0.16003603,0.12560019,-0.009104943,0.00893795,0.25617227,-0.26741058,-0.10687202,-0.0010080809,0.0929383,0.031306885,-0.22835451,-0.30251235,-0.52073085,-0.475745,0.19932054,0.20974149,0.3477118,0.029424705,-0.021752216,0.117670104,0.12781478,-0.13441896,0.20178047,-0.30676103,-0.24453339,0.13214329,-0.41849864,-0.09547976,-0.006657525,0.018683245,-0.15195008",""
"./server.tsx","server","embeddingsNode2Vec","-0.15241896,0.17541882,0.13034876,-0.019438954,0.027687477,0.248613,-0.27038538,-0.12554236,0.008906324,0.11262687,0.030830365,-0.2367102,-0.3025294,-0.5072904,-0.48430464,0.19405101,0.20714001,0.35587794,0.03067807,-0.009331925,0.11012289,0.11509844,-0.13890171,0.21120751,-0.28273225,-0.24002194,0.15565103,-0.4001239,-0.08292529,0.006730467,0.0059070555,-0.14242382",""
"./index.tsx","react-router-native","embeddingsNode2Vec","-0.14552836,0.19615433,0.13989352,-0.013978867,0.0258269,0.2545544,-0.28319547,-0.123605646,-0.017642459,0.11151647,0.035778802,-0.21347788,-0.3332884,-0.49856043,-0.5002579,0.20044273,0.21231988,0.35270977,0.051531337,-0.03635013,0.108539015,0.1255494,-0.122876495,0.19517872,-0.27951777,-0.25042394,0.16414292,-0.3866979,-0.07807998,0.020500742,0.008417767,-0.1701795",""
"./index.ts","router","embeddingsNode2Vec","-0.15755558,0.1518846,0.13436829,0.00024458114,-0.0061888816,0.26057208,-0.27716085,-0.09002392,-0.010624743,0.09140724,0.026678232,-0.21709616,-0.29991168,-0.48437595,-0.45371345,0.19406064,0.20810401,0.32742482,0.036607295,-0.032030594,0.11456646,0.13294035,-0.12875381,0.19986735,-0.30718356,-0.24353017,0.12594007,-0.40039942,-0.10121711,-0.008462755,0.02616797,-0.16674586",""
