"codeUnitName","shortCodeUnitName","propertyName","propertyValue","Source Cypher File: Dependencies_Projection/Dependencies_8_Stream_Mutated.cypher"
"./index.ts","react-router","embeddingsNode2Vec","-0.059493985,0.37945664,-0.0094205635,0.07784849,-0.03733346,0.22942051,-0.25031736,0.10407574,-0.4246488,-0.021297526,0.12528947,0.2310397,-0.56726086,-0.2003984,-0.30880183,0.2640363,0.18192956,-0.020890113,0.381326,-0.26103595,-0.069226995,0.040764444,0.28587252,-0.025958154,0.059516814,-0.2432392,0.10752749,0.011575603,0.0846006,0.18058681,-0.08544173,-0.3337912",""
"./index.tsx","react-router-dom","embeddingsNode2Vec","-0.042831298,0.35921082,0.016376778,0.07731104,-0.038703784,0.22811206,-0.26308706,0.08738679,-0.40567267,-0.012890234,0.11495706,0.22218288,-0.56593424,-0.1955825,-0.33037865,0.25798067,0.18701515,0.001962381,0.37079415,-0.2715153,-0.056709852,0.0697289,0.26841524,-0.028803855,0.036892038,-0.2486733,0.12025918,-0.0019861355,0.0729475,0.18137151,-0.07042957,-0.34467673",""
"./server.tsx","server","embeddingsNode2Vec","-0.04403036,0.36755878,0.0016214306,0.07409782,-0.031164795,0.22532518,-0.25611767,0.0904974,-0.41158134,-0.012159294,0.11925422,0.23277773,-0.5607643,-0.18646704,-0.317583,0.2545288,0.1844178,-0.013630701,0.3862893,-0.2663565,-0.06875193,0.049640156,0.28505316,-0.029692192,0.06477474,-0.24866395,0.123247035,0.015579884,0.08650508,0.18877286,-0.08470166,-0.3415011",""
"./index.tsx","react-router-native","embeddingsNode2Vec","-0.045394007,0.35856515,0.002802573,0.077447854,-0.038201235,0.2237629,-0.25117362,0.09619004,-0.41532436,-0.021499546,0.11979132,0.24021287,-0.55942875,-0.18116817,-0.3086396,0.25560325,0.17929123,-0.016819557,0.3799836,-0.27460122,-0.06463467,0.056850757,0.28497157,-0.039520174,0.056255255,-0.24667564,0.110882536,0.016452344,0.081477374,0.18164156,-0.07573397,-0.3450041",""
"./index.ts","router","embeddingsNode2Vec","-0.052079007,0.34916025,-0.00925667,0.08542759,-0.05432737,0.2266178,-0.26375452,0.11708849,-0.42109936,-0.029992057,0.12075051,0.250421,-0.5570471,-0.18899053,-0.30164123,0.27231854,0.18861994,-0.032933008,0.3923588,-0.27790913,-0.0697948,0.05250488,0.29701495,-0.030148802,0.049102314,-0.2457067,0.097549066,0.01565085,0.07740631,0.18168369,-0.0772499,-0.34831557",""
