"codeUnitName","shortCodeUnitName","propertyName","propertyValue","Source Cypher File: Dependencies_Projection/Dependencies_8_Stream_Mutated.cypher"
"./index.ts","react-router","embeddingsFastRandomProjection","0.34997696,-0.5042194,0.1819081,-0.19664663,-0.009483829,-0.48512557,0.36209458,0.21746214,-0.5015857,0.016460134,-0.36907086,0.7311654,0.016460134,-0.15160872,0.035554036,0.016460134,-0.33351684,-0.36907086,-0.36907086,0.016460134,0,0.33179522,-0.8541964,-0.15160872,-0.1801865,0,-0.1801865,0,0.1819081,-0.33351684,0.16979046,0.36907086",""
"./index.tsx","react-router-dom","embeddingsFastRandomProjection","0.29783556,-0.44610575,0.15683274,-0.09007277,0.07334156,-0.42369425,0.23933347,0.18681636,-0.43126628,0.0075720632,-0.32024708,0.55958056,0.0075720632,-0.13343073,0.02998364,0.0075720632,-0.29026347,-0.32024708,-0.32024708,0.0075720632,0,0.21593145,-0.7439413,-0.13343073,-0.08250072,0,-0.08250072,0,0.15683274,-0.29026347,0.21533485,0.32024708",""
"./server.tsx","server","embeddingsFastRandomProjection","0.36809176,-0.52528757,0.18023436,-0.115351364,0.07763226,-0.5201614,0.2776918,0.20325448,-0.53805524,0.017893896,-0.373218,0.6509098,0.017893896,-0.16996348,0.023020118,0.017893896,-0.35019785,-0.373218,-0.373218,0.017893896,0,0.26742095,-0.8933794,-0.16996348,-0.097457476,0,-0.097457476,0,0.18023436,-0.35019785,0.27063426,0.373218",""
"./index.tsx","react-router-native","embeddingsFastRandomProjection","0.43086433,-0.38075733,0.022080764,-0.30773753,-0.02422151,-0.5060249,0.16300677,0.06362471,-0.6728364,0.16681153,-0.30559677,0.46860352,0.16681153,-0.24197206,0.041543946,0.16681153,-0.2640528,-0.30559677,-0.30559677,0.16681153,0,0.3828981,-0.81162167,-0.24197206,-0.14092602,0,-0.14092602,0,0.022080764,-0.2640528,0.28993833,0.30559677",""
"./index.ts","router","embeddingsFastRandomProjection","0.28448278,-0.45662463,0.14544395,-0.09061906,0.09831144,-0.40673298,0.22766869,0.20372996,-0.4151273,0.00839434,-0.3343745,0.56204313,0.00839434,-0.1306445,0.058286026,0.00839434,-0.27608845,-0.3343745,-0.3343745,0.00839434,0,0.21286923,-0.7411074,-0.1306445,-0.08222473,0,-0.08222473,0,0.14544395,-0.27608845,0.20225807,0.3343745",""
