"codeUnitName","shortCodeUnitName","propertyName","propertyValue","Source Cypher File: Dependencies_Projection/Dependencies_8_Stream_Mutated.cypher"
"./index.ts","react-router","embeddingsNode2Vec","0.020853652,0.060651775,0.075253546,-0.25764865,0.38124964,-0.17570718,0.28763956,-0.43367988,0.43189675,0.1740836,-0.0066264262,-0.25938654,0.25077313,0.090567544,-0.045943145,-0.22632584,-0.26635823,0.2608964,-0.38288572,0.30031663,0.085584454,-0.15224306,-0.3064708,-0.06129147,0.20147574,0.10142318,0.15773638,-0.018827291,0.10587081,-0.03189026,-0.03755724,0.3066655",""
"./index.tsx","react-router-dom","embeddingsNode2Vec","0.026506135,0.035732936,0.08689147,-0.24458084,0.354851,-0.16831997,0.27464473,-0.42877197,0.44574928,0.1754707,-0.015760113,-0.25427866,0.28242806,0.09718316,-0.04356074,-0.23830232,-0.27176383,0.27131355,-0.3906462,0.28480172,0.09424506,-0.12672593,-0.32635215,-0.06010079,0.17675208,0.10642588,0.15169643,-0.031381644,0.09389966,-0.044622596,-0.02138041,0.31273618",""
"./server.tsx","server","embeddingsNode2Vec","0.014911664,0.04611738,0.066735536,-0.24387558,0.362928,-0.17246503,0.296649,-0.4109677,0.42778176,0.15914562,-0.0064281137,-0.2429761,0.26870614,0.10014618,-0.02758844,-0.23626812,-0.27717245,0.2509832,-0.38407162,0.29459816,0.08612139,-0.15678047,-0.31948408,-0.07293431,0.20397641,0.10922121,0.14448148,-0.014783542,0.10728651,-0.04140927,-0.032382183,0.3139572",""
"./index.tsx","react-router-native","embeddingsNode2Vec","0.030365855,0.07699589,0.078291886,-0.2557037,0.39139315,-0.17524233,0.29063293,-0.4418176,0.40913272,0.17053092,-0.001584055,-0.22927386,0.23713216,0.109240174,-0.049773537,-0.23007667,-0.27321395,0.2516662,-0.357252,0.27757367,0.07908591,-0.1506453,-0.30211365,-0.079022765,0.21858862,0.09822112,0.16519602,0.0007874036,0.11676041,-0.01913891,-0.039716564,0.2977861",""
"./index.ts","router","embeddingsNode2Vec","0.030865826,0.042168044,0.08077655,-0.24887112,0.36556324,-0.17537333,0.27578148,-0.42620644,0.4368731,0.17515208,-0.014773928,-0.25344977,0.28064647,0.10177876,-0.041477498,-0.24212255,-0.2737572,0.262076,-0.3841059,0.30127677,0.08631664,-0.13864155,-0.32343027,-0.055993855,0.18693404,0.11218473,0.15569486,-0.020199291,0.09973785,-0.035656318,-0.030905468,0.3164638",""
