"codeUnitName","shortCodeUnitName","propertyName","propertyValue","Source Cypher File: Dependencies_Projection/Dependencies_8_Stream_Mutated.cypher"
"./index.ts","react-router","embeddingsFastRandomProjection","0.27104777,-0.5710881,-0.081958905,-0.4005239,0.013015702,-0.51055515,0.26181534,0.03532365,-0.56730473,0.05674963,-0.3315807,0.59339595,0.05674963,-0.29625702,0.11728258,0.05674963,-0.21429813,-0.3315807,-0.3315807,0.05674963,0,0.6400313,-0.8421358,-0.29625702,-0.34377426,0,-0.34377426,0,-0.081958905,-0.21429813,-0.072726525,0.3315807",""
"./index.tsx","react-router-dom","embeddingsFastRandomProjection","0.29418677,-0.6269996,-0.076452315,-0.30024332,0.11549725,-0.58189815,0.18232712,0.010112986,-0.62336206,0.04146386,-0.33928826,0.52161527,0.04146386,-0.32917523,0.0865653,0.04146386,-0.25272292,-0.33928826,-0.33928826,0.04146386,0,0.5879547,-0.9211863,-0.32917523,-0.25877947,0,-0.25877947,0,-0.076452315,-0.25272292,0.035407323,0.33928826",""
"./server.tsx","server","embeddingsFastRandomProjection","0.2766597,-0.6105075,-0.116697885,-0.29563946,0.142971,-0.5652546,0.12656023,-0.019063696,-0.61763597,0.05238133,-0.3219126,0.44847277,0.05238133,-0.34097624,0.0976342,0.05238133,-0.22427838,-0.3219126,-0.3219126,0.05238133,0,0.58423436,-0.88716716,-0.34097624,-0.24325813,0,-0.24325813,0,-0.116697885,-0.22427838,0.033401564,0.3219126",""
"./index.tsx","react-router-native","embeddingsFastRandomProjection","0.3253923,-0.45896703,-0.14180548,-0.41726416,0.049933627,-0.45896703,0.10864715,0.025006037,-0.62577856,0.16681153,-0.3253923,0.43403944,0.16681153,-0.30038625,0.16681153,0.16681153,-0.1585808,-0.3253923,-0.3253923,0.16681153,0,0.55083895,-0.78435934,-0.30038625,-0.25045264,0,-0.25045264,0,-0.14180548,-0.1585808,0.07493967,0.3253923",""
"./index.ts","router","embeddingsFastRandomProjection","0.2537483,-0.6101785,-0.07765787,-0.28861088,0.1678592,-0.48511463,0.16093306,0.097425945,-0.53513455,0.05001993,-0.37881222,0.5397452,0.05001993,-0.28138626,0.17508383,0.05001993,-0.20372838,-0.37881222,-0.37881222,0.05001993,0,0.5199772,-0.8639268,-0.28138626,-0.23859096,0,-0.23859096,0,-0.07765787,-0.20372838,0.015157344,0.37881222",""
