"codeUnitName","shortCodeUnitName","propertyName","propertyValue","Source Cypher File: Dependencies_Projection/Dependencies_8_Stream_Mutated.cypher"
"./index.ts","react-router","embeddingsNode2Vec","-0.19672386,0.4362872,-0.13896461,-0.11672192,0.23391883,0.18338472,-0.099465415,-0.114214465,-0.10861621,0.14612389,0.14958794,-0.09251082,-0.49822655,-0.43312734,-0.36511585,0.23233725,0.090973,0.095217705,0.18761207,0.14251235,-0.10931069,-0.30052692,0.113784745,0.18244717,0.26592848,-0.17031495,0.2186429,-0.08009503,0.20857741,0.17015158,-0.27945894,0.009570987",""
"./index.tsx","react-router-dom","embeddingsNode2Vec","-0.191606,0.42849743,-0.12754461,-0.11167174,0.22994113,0.18581535,-0.1140944,-0.11505416,-0.10691916,0.15457459,0.14340992,-0.10244061,-0.49231923,-0.43796283,-0.37957326,0.2322744,0.10224468,0.105439134,0.18651308,0.13770106,-0.10287633,-0.28302267,0.10325981,0.19215213,0.24427842,-0.16991426,0.2252906,-0.09386387,0.1979614,0.16861892,-0.27318716,0.003694388",""
"./server.tsx","server","embeddingsNode2Vec","-0.19435637,0.43768573,-0.1505474,-0.121859096,0.23787527,0.17371984,-0.08665155,-0.11320148,-0.10677979,0.14519069,0.15235978,-0.08621418,-0.48740122,-0.41226178,-0.34643447,0.22266822,0.079843245,0.08222751,0.18836495,0.14629744,-0.11582432,-0.3163677,0.121434,0.17532064,0.2844494,-0.15944295,0.21468203,-0.063384905,0.21527182,0.1715794,-0.2834605,0.018838177",""
"./index.tsx","react-router-native","embeddingsNode2Vec","-0.18429899,0.45261705,-0.13248177,-0.11826079,0.24054351,0.17854784,-0.09857683,-0.121943355,-0.11863087,0.14882366,0.15362123,-0.07556717,-0.5072184,-0.4111664,-0.37119976,0.22773291,0.08518336,0.09307732,0.19480221,0.12761085,-0.11121673,-0.29522234,0.12263877,0.16558729,0.2825601,-0.17284384,0.22798888,-0.06347954,0.21640971,0.1817298,-0.27915692,-0.00076606683",""
"./index.ts","router","embeddingsNode2Vec","-0.20230493,0.43341044,-0.15312676,-0.11290464,0.22675025,0.18175185,-0.09516171,-0.09840176,-0.113913015,0.13932018,0.15097679,-0.087045245,-0.494984,-0.4345218,-0.34907478,0.23578136,0.09108998,0.07725577,0.19295564,0.14694305,-0.11648373,-0.31230438,0.1246526,0.18781614,0.27328026,-0.16489859,0.20858015,-0.07182092,0.20995826,0.16853335,-0.28207138,0.015308864",""
