"codeUnitName","shortCodeUnitName","propertyName","propertyValue","Source Cypher File: Dependencies_Projection/Dependencies_8_Stream_Mutated.cypher"
"./index.ts","react-router","embeddingsNode2Vec","-0.09424045,0.463444,0.0052480847,-0.25135472,0.45108837,0.04318163,0.09569842,-0.40669474,0.11804675,0.21358185,0.13094684,-0.12681755,-0.29798245,-0.19145587,-0.36864763,0.026691196,-0.123291984,0.26996902,-0.05146237,0.1882833,-0.013773946,-0.24622014,-0.07234116,-0.01499119,0.35569364,-0.11754827,0.30412817,-0.02824061,0.25027454,0.1528895,-0.20491268,0.10170564",""
"./index.tsx","react-router-dom","embeddingsNode2Vec","-0.08839676,0.45128033,0.025066769,-0.25444248,0.4490525,0.04157566,0.092097856,-0.42736784,0.13917437,0.22682345,0.12472908,-0.14504156,-0.28413066,-0.1955015,-0.38572133,0.017888349,-0.12403705,0.2974265,-0.07116606,0.18982472,0.00073772506,-0.22804688,-0.09758779,-0.013900224,0.34190908,-0.11944365,0.30949864,-0.048423804,0.23950377,0.14568502,-0.1930374,0.102867596",""
"./server.tsx","server","embeddingsNode2Vec","-0.08655919,0.44181803,0.011646086,-0.25824368,0.45493937,0.024268022,0.12136442,-0.42326945,0.14560562,0.21250306,0.12525925,-0.13217923,-0.25945142,-0.16371256,-0.34705022,0.0028948358,-0.14660005,0.27615428,-0.08143311,0.19903494,-0.0047166897,-0.24409637,-0.093798235,-0.031921558,0.36839345,-0.10714865,0.30147955,-0.02258225,0.2526546,0.14369413,-0.19534118,0.12047515",""
"./index.tsx","react-router-native","embeddingsNode2Vec","-0.08285972,0.45867208,0.015618139,-0.252902,0.45130795,0.034249313,0.101833954,-0.41463503,0.12343339,0.21327342,0.12781937,-0.1204902,-0.28522545,-0.16939877,-0.36378756,0.014743629,-0.13232891,0.27316704,-0.05963592,0.18131782,-0.008759784,-0.235687,-0.07773605,-0.029462198,0.3557387,-0.113276534,0.30780226,-0.021261811,0.25014424,0.15378506,-0.19730452,0.10057262",""
"./index.ts","router","embeddingsNode2Vec","-0.08370386,0.4544254,0.013920666,-0.25738496,0.45603898,0.02952175,0.10687652,-0.41861773,0.1362459,0.21748695,0.124913566,-0.13053603,-0.2725789,-0.16956294,-0.35862532,0.009627668,-0.1352088,0.2744629,-0.068952866,0.19187638,-0.008323945,-0.24024256,-0.08598019,-0.023954963,0.35596466,-0.10594848,0.3063861,-0.023632996,0.24904202,0.14986202,-0.19876646,0.111830145",""
