"codeUnitName","shortCodeUnitName","propertyName","propertyValue","Source Cypher File: Dependencies_Projection/Dependencies_8_Stream_Mutated.cypher"
"./index.ts","react-router","embeddingsNode2Vec","0.080911815,0.16371684,0.35964268,-0.027921462,0.06910524,0.14053366,-0.2719818,-0.2835933,0.048575602,0.15374175,-0.026093286,-0.13731709,-0.19203524,-0.1925902,-0.5574018,0.03538554,0.13916056,0.44436616,-0.04228643,-0.18692175,0.18592656,0.35563004,-0.21300049,0.011570114,-0.29691547,-0.20567082,0.26138476,-0.31263724,-0.118924454,0.05490896,0.14363739,-0.24647619",""
"./index.tsx","react-router-dom","embeddingsNode2Vec","0.08574937,0.12586173,0.3600312,-0.01475798,0.041848734,0.13452491,-0.26288152,-0.27752307,0.051193893,0.13243887,-0.03488543,-0.1262066,-0.15277754,-0.17475216,-0.5092453,0.023355234,0.1363749,0.43671402,-0.05625766,-0.1971192,0.19384453,0.38531107,-0.23398216,-0.0035630115,-0.3337994,-0.20135494,0.23588297,-0.3137563,-0.13920255,0.03542017,0.1721516,-0.25195712",""
"./server.tsx","server","embeddingsNode2Vec","0.092901886,0.14233084,0.3639882,-0.0211902,0.05638811,0.12912482,-0.26036006,-0.28096104,0.05266236,0.14597267,-0.03334377,-0.13007803,-0.16350503,-0.16904883,-0.5355196,0.02253854,0.13439977,0.44899786,-0.05306247,-0.20017898,0.19614667,0.38046196,-0.22756793,-0.0010818477,-0.32472607,-0.20583862,0.25300097,-0.31236717,-0.13136104,0.046172157,0.16788237,-0.2544116",""
"./index.tsx","react-router-native","embeddingsNode2Vec","0.09690544,0.16302668,0.37433708,-0.020272253,0.061049595,0.13543576,-0.26979297,-0.2856531,0.034412947,0.1467062,-0.02781832,-0.1122011,-0.19162177,-0.16277075,-0.5586733,0.028291289,0.13412967,0.444036,-0.037179843,-0.21629998,0.19709218,0.38444942,-0.2109881,-0.01585972,-0.30415893,-0.20874509,0.25905132,-0.29936442,-0.12678409,0.058421735,0.16238195,-0.27118963",""
"./index.ts","router","embeddingsNode2Vec","0.09360996,0.12468567,0.36522114,-0.008231602,0.032838702,0.13401815,-0.26821023,-0.25997338,0.04798462,0.13468808,-0.03912464,-0.12752792,-0.15325664,-0.16689008,-0.52126276,0.024289668,0.14223818,0.44558892,-0.05526144,-0.20846944,0.20115371,0.39778975,-0.22646305,-0.0022778488,-0.3547545,-0.19883044,0.23106259,-0.31240305,-0.14663859,0.03319129,0.18058072,-0.26299748",""
