"codeUnitName","shortCodeUnitName","propertyName","propertyValue","Source Cypher File: Dependencies_Projection/Dependencies_8_Stream_Mutated.cypher"
"./index.ts","react-router","embeddingsNode2Vec","-0.13337724,-0.16699366,-0.17224088,-0.1652378,0.18919115,-0.17614113,0.40602544,-0.11762141,0.3668734,-0.022413095,-0.0016887032,-0.18164866,0.4004326,0.08069123,0.34956628,-0.18553999,-0.28714958,-0.03284922,-0.35005382,0.3828279,0.010775382,-0.30609795,-0.17339775,-0.028230233,0.17756224,0.18203695,-0.14523911,0.052653488,0.082210965,-0.16890343,-0.060685202,0.41611922",""
"./index.tsx","react-router-dom","embeddingsNode2Vec","-0.12077788,-0.17706467,-0.15336512,-0.16240504,0.182215,-0.18019257,0.40534434,-0.12281353,0.36758587,-0.024033953,-0.008298183,-0.17916995,0.41577193,0.097491406,0.3497026,-0.1958343,-0.29017898,-0.022740705,-0.35986805,0.3709504,0.021797849,-0.2816009,-0.1848778,-0.04058536,0.15903597,0.18192394,-0.14569195,0.04914595,0.0709164,-0.1733644,-0.043153476,0.40596431",""
"./server.tsx","server","embeddingsNode2Vec","-0.12549268,-0.17672539,-0.16435,-0.16210666,0.18049301,-0.18291976,0.41734412,-0.11322219,0.35953742,-0.035587482,-0.0047907135,-0.16759534,0.4200887,0.10520166,0.36468336,-0.1933389,-0.29472074,-0.035641205,-0.3526342,0.36437303,0.018959967,-0.28263235,-0.16829544,-0.050451316,0.1600818,0.17614534,-0.15425469,0.05756896,0.07201454,-0.17116924,-0.04217031,0.4032405",""
"./index.tsx","react-router-native","embeddingsNode2Vec","-0.11831821,-0.16833593,-0.15995906,-0.16523196,0.18890557,-0.18312521,0.40666023,-0.12348333,0.36560395,-0.024004275,-0.0046232888,-0.16917208,0.4062517,0.10581194,0.35220975,-0.195743,-0.29392543,-0.030521672,-0.3516631,0.3701752,0.0156171415,-0.29145226,-0.1760964,-0.045842662,0.17733157,0.18415041,-0.1419022,0.061436795,0.080385394,-0.16598089,-0.05008634,0.40434733",""
"./index.ts","router","embeddingsNode2Vec","-0.121552736,-0.19363908,-0.16070737,-0.1530298,0.16610551,-0.17906204,0.3940395,-0.10325557,0.36276114,-0.033906706,-0.011050487,-0.17287932,0.42459983,0.10020398,0.36832735,-0.19373922,-0.28550422,-0.036554575,-0.361708,0.37449586,0.019706791,-0.28553286,-0.18071176,-0.037709586,0.15193984,0.18778564,-0.16017744,0.050835297,0.065540425,-0.1796099,-0.039206088,0.39900288",""
