"codeUnitName","shortCodeUnitName","propertyName","propertyValue","Source Cypher File: Dependencies_Projection/Dependencies_8_Stream_Mutated.cypher"
"./index.ts","react-router","embeddingsNode2Vec","0.06843592,-0.20580542,0.33710873,0.049234442,-0.117104545,0.058115575,-0.15963222,-0.13074332,0.17097498,0.017679082,-0.11564102,-0.17521957,0.18466492,-0.07451997,-0.22028251,-0.06741857,0.09272643,0.36182255,-0.20405014,-0.15018193,0.25293228,0.4444211,-0.31592616,-0.0063108117,-0.53314304,-0.090904206,0.011950987,-0.34787643,-0.26888743,-0.14492907,0.28715447,-0.15224531",""
"./index.tsx","react-router-dom","embeddingsNode2Vec","0.06426525,-0.22067688,0.33199415,0.04971118,-0.12200958,0.054253213,-0.14916293,-0.12716636,0.17993908,0.0089294985,-0.11737669,-0.17462818,0.20339704,-0.06832584,-0.2035867,-0.0739259,0.08514455,0.35984975,-0.21437943,-0.14500931,0.25580263,0.44210196,-0.31865448,-0.012221202,-0.537071,-0.086097054,-0.0017646662,-0.34709337,-0.27316388,-0.15569384,0.2934968,-0.14492087",""
"./server.tsx","server","embeddingsNode2Vec","0.070597045,-0.22973643,0.3323758,0.046593517,-0.11781666,0.0415026,-0.136803,-0.1284224,0.18999402,0.011213458,-0.12345649,-0.1814757,0.2271562,-0.05234164,-0.18863565,-0.08606086,0.0769795,0.35632908,-0.23147483,-0.14019625,0.25798053,0.44358757,-0.32624835,-0.013730726,-0.5304817,-0.07420545,-0.0029795684,-0.33765292,-0.27233452,-0.16017418,0.29413542,-0.13015135",""
"./index.tsx","react-router-native","embeddingsNode2Vec","0.075618915,-0.19939531,0.34130675,0.050768428,-0.11639013,0.055842925,-0.15802076,-0.13102984,0.16116646,0.014783615,-0.11480091,-0.16146033,0.18086109,-0.059254255,-0.21923219,-0.06989498,0.08895706,0.35859576,-0.19877319,-0.16274372,0.2526912,0.45082477,-0.30827782,-0.020069761,-0.5265053,-0.09277908,0.0134954285,-0.33721867,-0.26633734,-0.14040439,0.29089186,-0.16198796",""
"./index.ts","router","embeddingsNode2Vec","0.07307491,-0.22006917,0.34312814,0.051650964,-0.12466741,0.053283267,-0.15580934,-0.1292629,0.17872465,0.011867315,-0.119452015,-0.17200144,0.20023693,-0.062229678,-0.20976822,-0.07509848,0.08858007,0.36234802,-0.2133722,-0.15245104,0.2586339,0.45255944,-0.32235393,-0.013206207,-0.54853994,-0.08705529,0.003266223,-0.35656458,-0.2852437,-0.15722758,0.30580813,-0.15628152",""
