"codeUnitName","shortCodeUnitName","propertyName","propertyValue","Source Cypher File: Dependencies_Projection/Dependencies_8_Stream_Mutated.cypher"
"./index.ts","react-router","embeddingsNode2Vec","0.016610032,-0.17278877,0.23954411,-0.086074196,0.07649353,-0.02955933,-0.012697427,-0.2892061,0.40443423,0.12789276,-0.10672629,-0.36680445,0.30153346,-0.12442641,-0.19781555,-0.14637975,-0.014481027,0.40583092,-0.37255397,0.13077615,0.21896736,0.20248789,-0.436378,0.095431566,-0.3503342,0.007402674,0.0837144,-0.3460392,-0.17909469,-0.15210578,0.16581999,0.11601435",""
"./index.tsx","react-router-dom","embeddingsNode2Vec","0.02163362,-0.1873685,0.24737993,-0.07861807,0.06326419,-0.03263287,-0.009547181,-0.28149694,0.40181488,0.11588584,-0.111937135,-0.3558047,0.31832194,-0.10741128,-0.18478921,-0.1539341,-0.018290795,0.40519154,-0.37890622,0.116117716,0.22736546,0.22190475,-0.43628094,0.080181666,-0.36663035,0.007833219,0.069697246,-0.342199,-0.18905169,-0.16008064,0.18165627,0.10602634",""
"./server.tsx","server","embeddingsNode2Vec","0.022486944,-0.18325403,0.22798277,-0.08600041,0.07581631,-0.04794785,0.018081391,-0.28962618,0.41594964,0.1156446,-0.111321956,-0.35518417,0.3399713,-0.084336,-0.16124213,-0.16982147,-0.040593006,0.39680183,-0.39546555,0.13379633,0.22379838,0.20298637,-0.44101456,0.06903903,-0.3399854,0.02220297,0.06624203,-0.32379138,-0.17701878,-0.16200791,0.17580391,0.12932089",""
"./index.tsx","react-router-native","embeddingsNode2Vec","0.030812146,-0.16663447,0.25348002,-0.08792655,0.08303647,-0.03782249,-0.003154299,-0.30133268,0.40135157,0.12458565,-0.10681588,-0.34849915,0.30812356,-0.09213705,-0.19664986,-0.15977754,-0.028784413,0.41108304,-0.3769499,0.112277076,0.22558159,0.21895353,-0.4371811,0.06577105,-0.34355384,0.005847679,0.08690232,-0.33106625,-0.17620204,-0.14811859,0.17700592,0.1041795",""
"./index.ts","router","embeddingsNode2Vec","0.020676473,-0.18492742,0.23421492,-0.08108992,0.06860815,-0.03670396,-0.003804808,-0.28088662,0.40374616,0.1191999,-0.109888226,-0.36318433,0.31993377,-0.10638743,-0.17866142,-0.1542102,-0.021190176,0.39383394,-0.37700835,0.1280055,0.22076568,0.20725244,-0.4384468,0.08467584,-0.3503233,0.014201135,0.07353088,-0.3403528,-0.18144527,-0.15654093,0.17183408,0.11720428",""
