"codeUnitName","shortCodeUnitName","propertyName","propertyValue","Source Cypher File: Dependencies_Projection/Dependencies_8_Stream_Mutated.cypher"
"./index.ts","react-router","embeddingsNode2Vec","0.14798969,-0.15142316,0.39438716,0.02670087,-0.061036993,0.011124697,-0.13069832,-0.20977756,0.1726541,0.036707655,-0.114066444,-0.114363104,0.185898,0.056579728,-0.24244055,-0.124710485,0.036705784,0.38474137,-0.2190539,-0.20033741,0.26279098,0.48693478,-0.32271528,-0.09409841,-0.46730104,-0.08034904,0.068563156,-0.27542764,-0.24063128,-0.10160696,0.3091027,-0.1788078",""
"./index.tsx","react-router-dom","embeddingsNode2Vec","0.13823521,-0.16076751,0.38216668,0.029296026,-0.068050064,0.0121452585,-0.12385402,-0.19547962,0.17045423,0.028238025,-0.11245188,-0.11385756,0.19053945,0.050740153,-0.2275752,-0.12239576,0.03607139,0.37557158,-0.22103614,-0.19456849,0.26170027,0.48030198,-0.32047382,-0.091511585,-0.47283477,-0.07861447,0.055515308,-0.2772203,-0.24159046,-0.1085607,0.3092672,-0.17201304",""
"./server.tsx","server","embeddingsNode2Vec","0.1408157,-0.15964232,0.37708262,0.024868887,-0.061014123,0.005938907,-0.11553896,-0.20020343,0.17665364,0.030397253,-0.11466488,-0.1168506,0.20097156,0.05979118,-0.22423251,-0.12934351,0.029502988,0.37765327,-0.22871348,-0.1906442,0.26296246,0.47930112,-0.32548994,-0.095048055,-0.468014,-0.07622014,0.060490314,-0.28666517,-0.24865699,-0.1099585,0.3175733,-0.16824616",""
"./index.tsx","react-router-native","embeddingsNode2Vec","0.14665842,-0.14791176,0.39155778,0.029254796,-0.0638404,0.0127621405,-0.12786454,-0.20358554,0.1618678,0.029585382,-0.111476384,-0.10195628,0.18098357,0.06294434,-0.23873758,-0.123748854,0.03445252,0.3813222,-0.2147764,-0.21011673,0.26385793,0.49174288,-0.31576455,-0.10504359,-0.46811622,-0.08486286,0.06447687,-0.2741849,-0.24100506,-0.10174253,0.3154992,-0.186964",""
"./index.ts","router","embeddingsNode2Vec","0.15108173,-0.16682078,0.39185384,0.030436005,-0.06911094,0.0024506866,-0.12135829,-0.20114248,0.17539115,0.028840097,-0.11795553,-0.108307,0.20532675,0.074425265,-0.21824946,-0.13219628,0.030038783,0.3704936,-0.22415306,-0.20057453,0.26216882,0.4879727,-0.32127535,-0.10089487,-0.46728468,-0.070646524,0.055350848,-0.262008,-0.2412004,-0.10717021,0.31215104,-0.17118181",""
