"codeUnitName","shortCodeUnitName","propertyName","propertyValue","Source Cypher File: Dependencies_Projection/Dependencies_8_Stream_Mutated.cypher"
"./index.ts","react-router","embeddingsNode2Vec","-0.16265097,-0.48315617,-0.0972517,0.12045209,-0.31362626,0.030373545,-0.027245615,0.26148957,0.19851835,-0.116299696,-0.11476467,-0.32010937,0.37096557,-0.20680006,0.23493302,0.034152962,0.12869997,-0.048018962,-0.16123466,0.197257,0.0712564,0.024069715,-0.17402743,0.2621449,-0.45248982,0.0852613,-0.29946736,-0.2693365,-0.23321077,-0.2336792,0.08887017,0.13905336",""
"./index.tsx","react-router-dom","embeddingsNode2Vec","-0.15035401,-0.48869908,-0.086558826,0.11856955,-0.30936193,0.021801885,-0.018919224,0.25184637,0.20487173,-0.11758004,-0.117632285,-0.3126893,0.38492835,-0.18692987,0.24098705,0.02105549,0.11799624,-0.042882916,-0.17230743,0.18976782,0.07767238,0.036097743,-0.18106513,0.24631894,-0.4538447,0.08902134,-0.2986524,-0.26355883,-0.23572105,-0.2372525,0.09956311,0.13817468",""
"./server.tsx","server","embeddingsNode2Vec","-0.15720503,-0.4897,-0.096813865,0.11568023,-0.3086829,0.022307435,-0.016417924,0.25461346,0.21060276,-0.11540303,-0.1169699,-0.3236063,0.3859044,-0.19856729,0.24464929,0.024775282,0.11983643,-0.047180515,-0.17376861,0.2054596,0.073262654,0.02097909,-0.18236144,0.25990966,-0.44870397,0.09287807,-0.30238575,-0.26798502,-0.23409633,-0.2395629,0.091119826,0.15073918",""
"./index.tsx","react-router-native","embeddingsNode2Vec","-0.1540898,-0.4919318,-0.09459805,0.122751676,-0.3165961,0.025016293,-0.02316488,0.26240698,0.19893208,-0.119463705,-0.116940096,-0.31402338,0.37993696,-0.19268979,0.24364941,0.028036715,0.12439929,-0.051471736,-0.16399471,0.19245078,0.072692886,0.029947234,-0.17425108,0.25394166,-0.45299435,0.08907313,-0.30290535,-0.2631782,-0.23510754,-0.23519027,0.09414144,0.13781646",""
"./index.ts","router","embeddingsNode2Vec","-0.1620898,-0.4924488,-0.10201718,0.12218616,-0.31662074,0.026993595,-0.021145001,0.26679006,0.19868396,-0.12103602,-0.115386166,-0.3162129,0.37855422,-0.20037748,0.24724056,0.031381864,0.1263149,-0.05592942,-0.16495018,0.20089595,0.070313215,0.02175055,-0.1720313,0.25798908,-0.449387,0.08905745,-0.30588865,-0.26373884,-0.23744766,-0.24153686,0.09164959,0.14560473",""
