"codeUnitName","shortCodeUnitName","propertyName","propertyValue","Source Cypher File: Dependencies_Projection/Dependencies_8_Stream_Mutated.cypher"
"./index.ts","react-router","embeddingsNode2Vec","0.047299035,0.36822778,0.2554038,0.0027199045,0.07675207,0.18835105,-0.23503992,-0.18042001,-0.22226782,0.06081459,0.07559311,0.13895617,-0.4464461,-0.11457466,-0.50217533,0.12503256,0.10460687,0.28360868,0.17216147,-0.32394865,0.1015784,0.2804857,0.041198507,-0.1502396,-0.09346593,-0.28906605,0.22875997,-0.11789366,0.012495836,0.15007168,0.072420724,-0.38547856",""
"./index.tsx","react-router-dom","embeddingsNode2Vec","0.055651106,0.34284675,0.28488964,-0.0033587306,0.08330611,0.18383858,-0.23288555,-0.20658799,-0.19206779,0.06345492,0.065429404,0.12431191,-0.41355652,-0.10428377,-0.51111436,0.108013466,0.09438313,0.3191515,0.14054093,-0.33574978,0.12619516,0.30887392,0.00589953,-0.16668418,-0.12503119,-0.29592755,0.23400141,-0.13934807,-0.003180338,0.1345766,0.0988988,-0.38758987",""
"./server.tsx","server","embeddingsNode2Vec","0.061799284,0.3674638,0.28211734,-0.0068407576,0.09299664,0.18166806,-0.22919458,-0.21186177,-0.20195553,0.06871153,0.07006295,0.13338462,-0.4283324,-0.09630504,-0.5156517,0.10791892,0.09072652,0.30957332,0.14897622,-0.33031473,0.11712521,0.29837734,0.017430015,-0.16844483,-0.101332515,-0.2920184,0.24050441,-0.123711206,0.008727635,0.14567137,0.08818975,-0.38406727",""
"./index.tsx","react-router-native","embeddingsNode2Vec","0.051251497,0.3514936,0.26192063,-0.0007996136,0.081639886,0.18135715,-0.22631483,-0.19397244,-0.21829487,0.05580333,0.07515654,0.14851092,-0.43347117,-0.094991244,-0.4988376,0.11508345,0.08954522,0.29306406,0.15938145,-0.3447355,0.115051575,0.2983158,0.033777796,-0.17590967,-0.09739787,-0.29469046,0.22649297,-0.11501133,0.01151985,0.14830978,0.08618155,-0.39414132",""
"./index.ts","router","embeddingsNode2Vec","0.053016614,0.34919664,0.25647002,0.013804561,0.060526803,0.18960148,-0.2366247,-0.1602893,-0.23614405,0.04658885,0.073264,0.15814224,-0.44352832,-0.097861156,-0.48787493,0.12538292,0.104761146,0.2745188,0.1795159,-0.3426318,0.104555875,0.29381406,0.052232318,-0.16564488,-0.104718454,-0.28930393,0.21252713,-0.107519455,0.005804272,0.14882332,0.08421475,-0.3952256",""
