"codeUnitName","shortCodeUnitName","propertyName","propertyValue","Source Cypher File: Dependencies_Projection/Dependencies_8_Stream_Mutated.cypher"
"./index.ts","react-router","embeddingsNode2Vec","0.06543597,0.46676612,-0.058252737,-0.1863875,0.38513246,-0.061943106,0.1076387,-0.27231613,-0.051180627,0.18503644,0.12537701,0.10422674,-0.3089685,0.11242651,-0.1908547,-0.011914739,-0.14133923,0.0027902394,0.116770774,0.07566145,-0.14494959,-0.28326654,0.13430864,-0.09967526,0.5783247,-0.0102815665,0.29907456,0.2654894,0.31907088,0.2671669,-0.25491467,0.06447333",""
"./index.tsx","react-router-dom","embeddingsNode2Vec","0.074998416,0.45393458,-0.04793521,-0.18620421,0.38658184,-0.062446944,0.102628745,-0.2782843,-0.056427147,0.18315135,0.12035219,0.10658773,-0.3024756,0.11680177,-0.19152464,-0.013423059,-0.13564642,0.00735584,0.116305746,0.061541095,-0.138223,-0.26123193,0.13003775,-0.10251734,0.5574481,-0.012382529,0.2944844,0.2575787,0.30443308,0.2603043,-0.23818539,0.052290615",""
"./server.tsx","server","embeddingsNode2Vec","0.07407156,0.45965654,-0.049343802,-0.19385138,0.39532378,-0.07502585,0.12341438,-0.28813395,-0.032552645,0.18624215,0.11703322,0.09788944,-0.27581677,0.12989847,-0.1774848,-0.028631823,-0.15221496,0.010627092,0.093666784,0.07815672,-0.13570845,-0.2691993,0.11465296,-0.10885581,0.5625635,-0.0020013035,0.29124522,0.26197296,0.30853736,0.25588486,-0.24132052,0.07288792",""
"./index.tsx","react-router-native","embeddingsNode2Vec","0.07569667,0.47753918,-0.044501852,-0.1883082,0.3923585,-0.06486004,0.110619545,-0.28546432,-0.055683665,0.18544143,0.12617362,0.11814642,-0.31186077,0.13151991,-0.19795834,-0.018580846,-0.14842372,0.010905441,0.11564251,0.059180435,-0.1382309,-0.26798198,0.13417774,-0.12099933,0.57977676,-0.015686031,0.30583084,0.27334255,0.3221386,0.2730245,-0.24795783,0.05196616",""
"./index.ts","router","embeddingsNode2Vec","0.07214277,0.45619994,-0.050417554,-0.18174662,0.3799469,-0.06566779,0.10379648,-0.26013005,-0.052666344,0.17823751,0.12161627,0.11454824,-0.30237243,0.12749666,-0.18581809,-0.016975507,-0.14189829,0.0012154008,0.115421295,0.06342228,-0.13849105,-0.26669756,0.13335252,-0.10840784,0.5619964,-0.009053068,0.28869542,0.2660743,0.31246752,0.26328462,-0.23705189,0.055909596",""
