"codeUnitName","shortCodeUnitName","propertyName","propertyValue","Source Cypher File: Dependencies_Projection/Dependencies_8_Stream_Mutated.cypher"
"./index.ts","react-router","embeddingsNode2Vec","-0.19166145,0.3586402,-0.09442863,0.009530835,0.033963803,0.2705676,-0.25448486,0.0507897,-0.26137966,0.062826246,0.12739089,-0.013701898,-0.5592951,-0.48037246,-0.38403967,0.3142297,0.22326985,0.060319792,0.2993037,-0.03022833,-0.08249396,-0.12737776,0.17970824,0.1947761,0.04902538,-0.23550655,0.14029014,-0.14743333,0.09511891,0.14399435,-0.18661857,-0.16737705",""
"./index.tsx","react-router-dom","embeddingsNode2Vec","-0.1826013,0.35599768,-0.08365982,0.009201852,0.035018064,0.2680481,-0.2598821,0.042851213,-0.25718942,0.069579996,0.12415075,-0.018899856,-0.5585284,-0.47997263,-0.39621404,0.31198525,0.22717841,0.06955224,0.2977861,-0.03372994,-0.07949891,-0.118053794,0.17277236,0.19749357,0.04338033,-0.23599939,0.14943016,-0.15245119,0.09199228,0.14693041,-0.1843347,-0.17149228",""
"./server.tsx","server","embeddingsNode2Vec","-0.18635406,0.35555404,-0.09699302,0.010577087,0.032429185,0.2671886,-0.26025334,0.053149108,-0.25806674,0.069371045,0.12383182,-0.020338077,-0.5553151,-0.47977385,-0.38338056,0.313062,0.22833152,0.05519046,0.30151552,-0.024370775,-0.087992586,-0.13164315,0.17895387,0.20653881,0.052778687,-0.22762936,0.14518692,-0.14527306,0.09456659,0.14777693,-0.19139796,-0.16149256",""
"./index.tsx","react-router-native","embeddingsNode2Vec","-0.17544177,0.3714281,-0.08300178,0.009830112,0.038932808,0.26633102,-0.25698805,0.043064784,-0.27244434,0.065687455,0.12845762,0.00415343,-0.5687656,-0.4577349,-0.39201128,0.3095087,0.21974543,0.06063866,0.30813453,-0.048436265,-0.08328527,-0.11572322,0.18708897,0.17786436,0.060491152,-0.23784906,0.15157863,-0.13272476,0.10042875,0.15576161,-0.1840845,-0.181887",""
"./index.ts","router","embeddingsNode2Vec","-0.18616603,0.34601584,-0.096437894,0.014763065,0.024453755,0.2662507,-0.25761265,0.06010567,-0.26090872,0.062064912,0.122667,-0.01486384,-0.54825014,-0.47479582,-0.3744721,0.31208563,0.22677197,0.051150594,0.30071574,-0.029689953,-0.08558307,-0.1255282,0.18007727,0.20068257,0.04502977,-0.22727215,0.13649595,-0.14461215,0.09011101,0.14257625,-0.18534096,-0.16409273",""
