"codeUnitName","shortCodeUnitName","propertyName","propertyValue","Source Cypher File: Dependencies_Projection/Dependencies_8_Stream_Mutated.cypher"
"./index.ts","react-router","embeddingsNode2Vec","0.065732904,-0.028618434,-0.15916434,0.13606088,-0.19804701,-0.05478696,0.08753493,0.3365327,-0.3544465,-0.2270881,0.042859953,0.45401,-0.04912852,0.35440487,0.39066136,0.018246837,-0.058896877,-0.41919124,0.24988319,-0.23482887,-0.136796,-0.024633292,0.38379323,-0.25962532,0.18856779,0.04502178,-0.22062378,0.38281932,0.07129978,0.042209983,0.001224862,-0.15606037",""
"./index.tsx","react-router-dom","embeddingsNode2Vec","0.05725469,-0.072415404,-0.14317414,0.1494854,-0.22846182,-0.049391177,0.08209888,0.35035142,-0.34590852,-0.24655852,0.030569416,0.43846616,-0.014122016,0.35093775,0.39810917,0.013195726,-0.05238504,-0.40428382,0.22738132,-0.24564461,-0.11192449,0.010779363,0.34215975,-0.25681558,0.122850195,0.04109838,-0.24656777,0.33702528,0.036620975,0.011301368,0.032886874,-0.15629596",""
"./server.tsx","server","embeddingsNode2Vec","0.06290206,-0.051336154,-0.14947332,0.1331863,-0.19787556,-0.06055228,0.09789488,0.32695493,-0.33234012,-0.23008496,0.036238577,0.43880343,-0.01903525,0.3597225,0.3976901,0.0054336186,-0.0680643,-0.4055885,0.22269844,-0.22688426,-0.12272974,-0.014374055,0.35315907,-0.2564134,0.16432022,0.0483456,-0.22800939,0.36157712,0.059575245,0.025440967,0.015107961,-0.14099142",""
"./index.tsx","react-router-native","embeddingsNode2Vec","0.06863306,-0.035507865,-0.14925277,0.13968755,-0.203351,-0.052544367,0.085600056,0.3239781,-0.3486135,-0.22836307,0.040311128,0.44791064,-0.04448018,0.3613014,0.38189134,0.014404105,-0.060274515,-0.39948583,0.24046706,-0.24358235,-0.12223365,-0.0032137218,0.36022323,-0.26090398,0.16667458,0.038032245,-0.2166688,0.36776283,0.059458494,0.03451803,0.016073817,-0.1619646",""
"./index.ts","router","embeddingsNode2Vec","0.05083664,-0.082850024,-0.14898914,0.14771956,-0.22911479,-0.051648114,0.089919984,0.34942046,-0.32862872,-0.24724437,0.029404264,0.42994013,-0.00092201756,0.3444098,0.40450037,0.010423012,-0.05919304,-0.4189359,0.21432613,-0.23295979,-0.111329496,0.0032811216,0.3465428,-0.25905585,0.12762238,0.046094216,-0.25089145,0.34348425,0.036767013,0.003490804,0.033067074,-0.15116769",""
