"codeUnitName","shortCodeUnitName","propertyName","propertyValue","Source Cypher File: Dependencies_Projection/Dependencies_8_Stream_Mutated.cypher"
"./index.ts","react-router","embeddingsNode2Vec","0.06574392,0.14250842,0.35732874,-0.12788771,0.21329278,0.043014713,-0.058935534,-0.43305156,0.22735296,0.15679318,-0.019511007,-0.1789729,-0.023143595,-0.07722767,-0.449015,-0.09474472,-0.043967634,0.5108734,-0.23207387,-0.07014249,0.23277704,0.28240827,-0.33249265,-0.1020421,-0.21477202,-0.15756209,0.23824094,-0.2728672,-0.0689309,-0.008259143,0.16068855,-0.1010471",""
"./index.tsx","react-router-dom","embeddingsNode2Vec","0.06833098,0.12631035,0.36483672,-0.121145144,0.20007817,0.04299661,-0.0622744,-0.42638323,0.2293165,0.15106322,-0.025145896,-0.1802901,-0.009540494,-0.07463981,-0.44429266,-0.097471245,-0.0405761,0.5179057,-0.23965453,-0.076878734,0.24161905,0.2990427,-0.33979973,-0.10251863,-0.23541489,-0.15655078,0.22997117,-0.2810112,-0.08115911,-0.016638596,0.17542157,-0.10935509",""
"./server.tsx","server","embeddingsNode2Vec","0.06903276,0.13272622,0.36383116,-0.13048229,0.2150689,0.035587724,-0.04732316,-0.43790543,0.2385045,0.15342857,-0.0225166,-0.17875773,-0.0043489463,-0.06380258,-0.4377052,-0.105493814,-0.054315247,0.5180059,-0.24838744,-0.06863278,0.24103396,0.2889154,-0.3434536,-0.11132102,-0.21806473,-0.15208058,0.23287375,-0.2726771,-0.07248076,-0.015884895,0.16882375,-0.09771912",""
"./index.tsx","react-router-native","embeddingsNode2Vec","0.074749835,0.1459058,0.3722878,-0.12439127,0.2102154,0.04302627,-0.059051465,-0.4359085,0.21757871,0.1506363,-0.019339664,-0.16120408,-0.025153358,-0.059361465,-0.4515865,-0.09879871,-0.047813796,0.51712304,-0.23038028,-0.0906435,0.23946995,0.30090505,-0.328252,-0.12237555,-0.22063279,-0.16378237,0.23576576,-0.26589462,-0.07133097,-0.0073416485,0.17197676,-0.11966472",""
"./index.ts","router","embeddingsNode2Vec","0.07011372,0.1345939,0.35794115,-0.12789877,0.21260983,0.040448602,-0.05963117,-0.42583612,0.23344529,0.15430984,-0.022315873,-0.17472883,-0.014935317,-0.0696773,-0.4387818,-0.0969787,-0.044242796,0.5145362,-0.23739181,-0.073910296,0.23897347,0.29164144,-0.3392417,-0.10298409,-0.21892658,-0.15358454,0.23789188,-0.2758913,-0.074196815,-0.010766198,0.17324676,-0.10690131",""
