"codeUnitName","shortCodeUnitName","propertyName","propertyValue","Source Cypher File: Dependencies_Projection/Dependencies_8_Stream_Mutated.cypher"
"./index.ts","react-router","embeddingsNode2Vec","0.047166448,-0.25781155,-0.06788011,0.2007797,-0.32963338,-0.04272606,0.07259743,0.37817505,-0.2645317,-0.3038625,-0.024389796,0.37083644,0.15295711,0.34374934,0.44600666,-0.024726689,-0.038850404,-0.34582165,0.11324105,-0.26585624,-0.012418719,0.16302074,0.232962,-0.25044757,-0.11595128,0.043058574,-0.3405397,0.21810637,-0.095556356,-0.10681698,0.16678797,-0.17144646",""
"./index.tsx","react-router-dom","embeddingsNode2Vec","0.05391991,-0.26772553,-0.04677901,0.19951174,-0.3301829,-0.042368155,0.06818706,0.36327565,-0.25124615,-0.3043991,-0.03027485,0.366255,0.16547288,0.34411886,0.43685368,-0.032375474,-0.038127694,-0.32071477,0.099380106,-0.27742592,0.0029662244,0.18947221,0.21493421,-0.25889847,-0.1424828,0.03862924,-0.33963197,0.20314151,-0.10923789,-0.114609204,0.18513496,-0.18064943",""
"./server.tsx","server","embeddingsNode2Vec","0.04724593,-0.2631063,-0.05676335,0.19390428,-0.32140118,-0.0443449,0.078617506,0.36126706,-0.2480988,-0.3047095,-0.026352132,0.36590937,0.16512102,0.3513275,0.4443436,-0.032581214,-0.04534959,-0.32503513,0.09692489,-0.2649801,-0.0013196153,0.17571342,0.22336763,-0.25925276,-0.12809604,0.04073966,-0.3408305,0.20739274,-0.10037926,-0.11370219,0.17677513,-0.17031543",""
"./index.tsx","react-router-native","embeddingsNode2Vec","0.05307453,-0.2405607,-0.04904497,0.19894218,-0.32374102,-0.03734831,0.06626501,0.35687816,-0.26657853,-0.30131954,-0.021496577,0.37979412,0.13783251,0.34315616,0.4225386,-0.025083302,-0.03938398,-0.32001153,0.113862105,-0.28536865,-0.0021041902,0.18231976,0.2284095,-0.2676803,-0.12277648,0.028742885,-0.32851338,0.21238299,-0.09600361,-0.10105464,0.17601718,-0.19084302",""
"./index.ts","router","embeddingsNode2Vec","0.03560611,-0.2593356,-0.06282983,0.20424663,-0.3362365,-0.027480334,0.062452078,0.37877762,-0.2687698,-0.31081042,-0.021893594,0.37208575,0.14163412,0.31767887,0.43639866,-0.013716781,-0.029159017,-0.32885975,0.11546646,-0.27608567,-0.002925166,0.17174324,0.22911997,-0.25170606,-0.14157078,0.027486032,-0.34757224,0.19856524,-0.10437975,-0.11139187,0.17343663,-0.18562537",""
