"codeUnitName","shortCodeUnitName","propertyName","propertyValue","Source Cypher File: Dependencies_Projection/Dependencies_8_Stream_Mutated.cypher"
"./index.ts","react-router","embeddingsNode2Vec","0.045712087,-0.16808462,0.17770487,0.32939023,-0.10748561,0.12712157,-0.16757314,0.22923908,-0.13752548,0.1151705,0.39341944,-0.21987844,-0.19997421,-0.48233813,0.1555114,0.23043616,-0.235779,-0.14578353,-0.056382626,-0.3887275,0.026479028,0.18655755,0.02364856,-0.35441676,0.288662,0.1332254,-0.22101533,-0.18736897,0.29504386,0.20196515,0.14112096,-0.014628936",""
"./index.tsx","react-router-dom","embeddingsNode2Vec","0.044129983,-0.16305049,0.17494062,0.3352532,-0.09789639,0.13487045,-0.16298811,0.23951851,-0.12693474,0.116495095,0.39925832,-0.21728851,-0.19563606,-0.47264042,0.15066577,0.2371885,-0.2362589,-0.14886293,-0.07095308,-0.4004573,0.030395964,0.19364877,0.0230711,-0.35482135,0.28822923,0.13379301,-0.22892778,-0.19047086,0.29304144,0.21326324,0.13159908,-0.009553017",""
"./server.tsx","server","embeddingsNode2Vec","0.0445554,-0.18139179,0.18631929,0.34081158,-0.113447465,0.11817107,-0.16525143,0.22113831,-0.1326564,0.11173047,0.39214155,-0.20441677,-0.20599411,-0.4682029,0.15732214,0.23022014,-0.24118704,-0.13435817,-0.06219442,-0.3985554,0.022034138,0.17069553,0.02805551,-0.35618165,0.28294116,0.13908055,-0.22146074,-0.18940395,0.29398376,0.20585415,0.12724985,-0.0024933843",""
"./index.tsx","react-router-native","embeddingsNode2Vec","0.04550002,-0.163372,0.17044249,0.33834866,-0.10040657,0.11951632,-0.1717629,0.2321402,-0.12343638,0.102545984,0.37816423,-0.21148916,-0.19551894,-0.47251302,0.15511975,0.23309517,-0.23819053,-0.14549766,-0.04938737,-0.39441732,0.033221945,0.18246268,0.022547936,-0.3425235,0.27392542,0.13762443,-0.21298598,-0.1891226,0.29442558,0.21228407,0.12919538,-0.00042347968",""
"./index.ts","router","embeddingsNode2Vec","0.047468226,-0.17408551,0.17764859,0.3376005,-0.105603375,0.11455611,-0.1762475,0.23112626,-0.12259943,0.10463017,0.37439752,-0.20691724,-0.20749718,-0.48435163,0.16284919,0.2241524,-0.23585047,-0.13554616,-0.059060577,-0.40667352,0.025770588,0.16698235,0.025086405,-0.34682253,0.28247508,0.13430636,-0.21794131,-0.1906613,0.29343748,0.2048836,0.12163869,0.0046130707",""
