"codeUnitName","shortCodeUnitName","propertyName","propertyValue","Source Cypher File: Dependencies_Projection/Dependencies_8_Stream_Mutated.cypher"
"./index.ts","react-router","embeddingsNode2Vec","0.04562396,-0.16968018,0.17995134,0.27037922,0.016101709,0.13771833,-0.06541296,0.30972654,0.07399971,0.15399508,0.46962684,-0.14624257,-0.26562172,-0.48545966,0.19152474,0.19518712,-0.16796759,-0.10689741,-0.37335342,-0.3593028,-0.022445887,0.03840567,0.03868328,-0.26815084,0.16472995,0.05169068,-0.307611,-0.10200194,0.23311353,0.10865147,-0.03987514,0.105636105",""
"./index.tsx","react-router-dom","embeddingsNode2Vec","0.04350268,-0.16442934,0.1768348,0.25793657,0.020961285,0.13711879,-0.06010958,0.3097071,0.077312104,0.15883972,0.47559172,-0.14495149,-0.26700854,-0.46820042,0.19032255,0.19130197,-0.1637522,-0.108633906,-0.39054418,-0.37059504,-0.023464698,0.034497883,0.040866498,-0.26592994,0.15822949,0.05151124,-0.3272079,-0.105565235,0.23927093,0.11298393,-0.048156597,0.11336537",""
"./server.tsx","server","embeddingsNode2Vec","0.043544773,-0.1777327,0.18188202,0.2700953,0.009589983,0.12551951,-0.06779952,0.29893443,0.0804133,0.15066944,0.46266562,-0.13478798,-0.27702254,-0.47408548,0.19660449,0.18155426,-0.1664706,-0.09368914,-0.3765839,-0.36445424,-0.0282526,0.018239686,0.04312919,-0.25968254,0.15287143,0.05374547,-0.31255835,-0.10502799,0.23728515,0.10903082,-0.05359371,0.11786814",""
"./index.tsx","react-router-native","embeddingsNode2Vec","0.043794908,-0.15879591,0.16759586,0.2693015,0.021164816,0.12962648,-0.07021832,0.30351743,0.07752821,0.1421833,0.45756292,-0.14479834,-0.26076734,-0.47615036,0.19281363,0.19955562,-0.16699927,-0.109612614,-0.36034527,-0.36680895,-0.014717359,0.040309492,0.03670659,-0.26048073,0.15893,0.05734602,-0.31079954,-0.10918473,0.23392203,0.12297645,-0.04292314,0.113714024",""
"./index.ts","router","embeddingsNode2Vec","0.044899788,-0.1736934,0.17944708,0.2740914,0.013541279,0.12838587,-0.06497711,0.30189234,0.07826042,0.14723033,0.49959096,-0.14104906,-0.28168258,-0.46084192,0.1986086,0.18478386,-0.16477759,-0.09726642,-0.36960706,-0.3524411,-0.028265402,0.019513866,0.04052749,-0.2500602,0.14929333,0.049164336,-0.30578074,-0.09605636,0.23407666,0.105360426,-0.052160755,0.11672948",""
