"codeUnitName","shortCodeUnitName","propertyName","propertyValue","Source Cypher File: Dependencies_Projection/Dependencies_8_Stream_Mutated.cypher"
"./index.ts","react-router","embeddingsNode2Vec","0.021350939,-0.46266258,0.3489195,0.25731674,-0.3369051,-0.12980257,-0.12915242,-0.04913243,0.015731564,0.10000495,0.11530025,0.15319724,-0.41698638,-0.18441677,0.25997928,-0.20479473,-0.17278257,0.30312073,-0.1973456,-0.23353301,-0.25149682,-0.4105388,0.14271194,-0.13124885,-0.004504212,0.038811814,-0.04871204,-0.039053086,0.21631329,-0.12920241,-0.16971561,0.1656576",""
"./index.tsx","react-router-dom","embeddingsNode2Vec","0.02165275,-0.4544877,0.3500224,0.24816139,-0.32575655,-0.13170189,-0.116811715,-0.041080303,0.028658917,0.1002102,0.117014065,0.14559026,-0.40491247,-0.18245138,0.24813357,-0.19605789,-0.15763497,0.29574513,-0.21879418,-0.23439406,-0.24341935,-0.4068407,0.14058438,-0.12189037,-0.0116319265,0.03410048,-0.054763008,-0.034590933,0.21675251,-0.13283934,-0.17948861,0.17051923",""
"./server.tsx","server","embeddingsNode2Vec","0.019187232,-0.46915707,0.35750172,0.25839928,-0.32724687,-0.12847307,-0.11897434,-0.03599971,0.029603312,0.102836266,0.12423992,0.15059358,-0.4267444,-0.19777071,0.26610866,-0.19838881,-0.16789483,0.2986172,-0.22264864,-0.24597427,-0.24801031,-0.40921146,0.14648944,-0.12857138,-0.014122341,0.04233991,-0.058699187,-0.04397378,0.21327211,-0.11788387,-0.17651619,0.17409426",""
"./index.tsx","react-router-native","embeddingsNode2Vec","0.02412403,-0.4662737,0.34962448,0.26792172,-0.32743484,-0.13374129,-0.13179532,-0.03602892,0.027468681,0.093591884,0.12245763,0.14344423,-0.42112526,-0.20397542,0.2688978,-0.1916973,-0.17239343,0.2962674,-0.20500976,-0.2529665,-0.23913948,-0.4041423,0.14152358,-0.13220401,-0.004551374,0.045148253,-0.056774113,-0.04610321,0.22046699,-0.11270111,-0.17225407,0.17398521",""
"./index.ts","router","embeddingsNode2Vec","0.018404374,-0.45548606,0.34777167,0.2579759,-0.32716617,-0.13592386,-0.12089146,-0.04884723,0.029165057,0.09526636,0.104931384,0.1576949,-0.43163815,-0.18743277,0.2808136,-0.2173175,-0.17053115,0.31293634,-0.21155617,-0.23917656,-0.25307178,-0.41677204,0.14993145,-0.12797165,-0.019918516,0.039191138,-0.047230892,-0.038493667,0.20152234,-0.12247844,-0.17849427,0.17335534",""
