"codeUnitName","shortCodeUnitName","propertyName","propertyValue","Source Cypher File: Dependencies_Projection/Dependencies_8_Stream_Mutated.cypher"
"./index.ts","react-router","embeddingsNode2Vec","-0.049043413,-0.07678924,-0.05727014,0.2586069,-0.11550871,-0.33543554,-0.22237901,-0.20337965,0.19869944,-0.31255874,-0.4143888,0.21908557,-0.12678108,0.11066673,0.14526866,-0.11092946,-0.044848472,0.25931165,0.41567636,-0.017881306,0.041100755,-0.33113074,0.03860541,0.28532425,-0.31776413,0.16988188,0.24067226,-0.17210366,-0.101627804,0.18520549,-0.2639302,0.32855213",""
"./index.tsx","react-router-dom","embeddingsNode2Vec","-0.047300592,-0.060456447,-0.06452746,0.22540282,-0.09805787,-0.3394572,-0.20231518,-0.20378728,0.21432738,-0.31600705,-0.41729718,0.21911614,-0.1108793,0.12349406,0.12749273,-0.112831004,-0.030856714,0.26732206,0.44291347,5.9637838e-05,0.044758335,-0.317606,0.03106236,0.30063096,-0.32776484,0.16539763,0.25294137,-0.14764772,-0.11086797,0.17111428,-0.2571016,0.32597068",""
"./server.tsx","server","embeddingsNode2Vec","-0.04526812,-0.07955831,-0.049140804,0.24841186,-0.10730466,-0.34023318,-0.21684644,-0.19386704,0.21311031,-0.31396282,-0.40729156,0.21820474,-0.13129465,0.09953838,0.14544497,-0.10747637,-0.041723963,0.26185086,0.40464908,-0.022022517,0.037220675,-0.33067805,0.036436897,0.29115555,-0.32613415,0.16814408,0.23559229,-0.15618572,-0.09449113,0.17437612,-0.2554439,0.33024666",""
"./index.tsx","react-router-native","embeddingsNode2Vec","-0.049221154,-0.0643064,-0.06251128,0.25285065,-0.09959426,-0.34020284,-0.21789369,-0.19148722,0.20868953,-0.3232127,-0.41601768,0.20990911,-0.12480566,0.10046606,0.13900754,-0.09291361,-0.042736884,0.25168586,0.4333536,-0.0214647,0.05158815,-0.31019995,0.03245535,0.291819,-0.32230225,0.17940341,0.23970717,-0.17014813,-0.09954521,0.19488052,-0.25209147,0.32837594",""
"./index.ts","router","embeddingsNode2Vec","-0.050725643,-0.06366851,-0.061786342,0.23501574,-0.098807685,-0.33089247,-0.19974364,-0.19776113,0.20433456,-0.31025627,-0.41676956,0.2183145,-0.12273671,0.1198419,0.13464783,-0.11371802,-0.033754267,0.26564306,0.4178164,-0.004472526,0.042927105,-0.3282652,0.035643235,0.29871505,-0.3329319,0.16956323,0.24520041,-0.15999453,-0.1072368,0.17417425,-0.26736742,0.32772574",""
