"codeUnitName","shortCodeUnitName","propertyName","propertyValue","Source Cypher File: Dependencies_Projection/Dependencies_8_Stream_Mutated.cypher"
"./index.ts","react-router","embeddingsNode2Vec","0.029073006,-0.105822586,0.3039165,0.40729392,-0.110232465,-0.18522784,0.12866732,0.30911797,0.35937795,-0.06342183,-0.05189285,-0.04392067,0.13906683,0.1029132,0.14151062,0.21993686,0.43440214,0.05581714,-0.23376076,0.21294482,-0.07618098,-0.36524838,0.17155276,-0.19080378,-0.071512155,-0.1140778,-0.24855562,0.0586426,-0.4587215,0.03714949,0.0850575,-0.33350018",""
"./index.tsx","react-router-dom","embeddingsNode2Vec","0.025525268,-0.113825835,0.31421375,0.41958097,-0.1082393,-0.16982313,0.12821014,0.32664487,0.3556437,-0.06254315,-0.04826335,-0.049368985,0.14490665,0.09723958,0.1612987,0.22857493,0.4285111,0.06610247,-0.25093088,0.23617223,-0.06452955,-0.37008378,0.16634162,-0.18123579,-0.074409775,-0.12513323,-0.2536051,0.05059519,-0.4523741,0.059001673,0.08197896,-0.32186237",""
"./server.tsx","server","embeddingsNode2Vec","0.025822302,-0.11200506,0.3016261,0.41158286,-0.10658877,-0.18208039,0.12276413,0.30924118,0.36419252,-0.062819965,-0.05716242,-0.045922235,0.13867372,0.107533194,0.14952742,0.22240427,0.4339777,0.05541483,-0.23991224,0.21642318,-0.07407852,-0.3664212,0.16906878,-0.18064524,-0.079087794,-0.10659872,-0.246198,0.0553851,-0.45972797,0.04353655,0.08581885,-0.33223563",""
"./index.tsx","react-router-native","embeddingsNode2Vec","0.025252622,-0.09630003,0.30798715,0.40365854,-0.11992661,-0.17679691,0.12205802,0.30641335,0.35128027,-0.066325605,-0.03770201,-0.050738588,0.14471804,0.10347432,0.13774572,0.22651544,0.42661384,0.0650944,-0.22024971,0.21207978,-0.06428633,-0.3637069,0.16356142,-0.18146515,-0.07208203,-0.12275327,-0.2409347,0.06886441,-0.45418054,0.031526085,0.07182645,-0.33151227",""
"./index.ts","router","embeddingsNode2Vec","0.026020542,-0.117167115,0.30802375,0.42138073,-0.11006342,-0.18587647,0.12199903,0.29840943,0.35178974,-0.06918779,-0.04372274,-0.0549081,0.13183706,0.10445401,0.14989996,0.22442456,0.41273165,0.050674297,-0.22098325,0.21743424,-0.071708865,-0.3700471,0.16639465,-0.17163615,-0.079668075,-0.11098452,-0.22728015,0.07132877,-0.44335455,0.046739206,0.072993785,-0.32992154",""
