"codeUnitName","shortCodeUnitName","propertyName","propertyValue","Source Cypher File: Dependencies_Projection/Dependencies_8_Stream_Mutated.cypher"
"./index.ts","react-router","embeddingsNode2Vec","0.03318182,-0.05154272,0.033368304,0.4476146,0.032802735,9.9858866e-05,-0.2568172,0.251994,0.09646889,-0.08816611,0.24052766,-0.16813348,-0.17264615,-0.48034912,0.19939862,0.30332363,-0.21178922,-0.1496039,0.104082204,-0.3988636,0.1491121,0.12771988,-0.010336251,-0.16334487,0.10345814,0.20418073,-0.16349,-0.25856128,0.18022256,0.37394646,-0.010291181,0.20281222",""
"./index.tsx","react-router-dom","embeddingsNode2Vec","0.028502434,-0.040216114,0.0258592,0.4371604,0.048217017,0.0043693003,-0.25173202,0.26041138,0.113867976,-0.0891116,0.24547301,-0.17295101,-0.18264475,-0.49725962,0.20188384,0.31315193,-0.20734866,-0.16007403,0.08851444,-0.40784693,0.15901384,0.12827148,-0.011393112,-0.15635544,0.09463158,0.20535073,-0.17586963,-0.26337713,0.18236925,0.40034094,-0.023559371,0.21445109",""
"./server.tsx","server","embeddingsNode2Vec","0.030439155,-0.058190804,0.03930385,0.43943685,0.030020112,-0.0010615981,-0.24340495,0.24810405,0.10374084,-0.081154324,0.24808471,-0.16048732,-0.18729511,-0.4838678,0.2046089,0.29899904,-0.21134986,-0.14083199,0.08222285,-0.39584756,0.14070527,0.11032393,-0.005835947,-0.16002402,0.09579616,0.20259677,-0.17056048,-0.25967938,0.18354678,0.37369537,-0.024426011,0.21150354",""
"./index.tsx","react-router-native","embeddingsNode2Vec","0.027205704,-0.043105472,0.02664129,0.43930715,0.038308,0.001197754,-0.24922577,0.2534341,0.10269054,-0.08942457,0.23999406,-0.16647275,-0.1764572,-0.4772018,0.19958301,0.3086347,-0.21139997,-0.15036842,0.10223666,-0.40107328,0.15434907,0.1279209,-0.010179485,-0.15750724,0.09416888,0.21061051,-0.16758595,-0.26868975,0.17799683,0.3873185,-0.018902713,0.20795222",""
"./index.ts","router","embeddingsNode2Vec","0.030164154,-0.052117977,0.030449314,0.4459484,0.035979334,-0.00839836,-0.24995746,0.24789666,0.11408224,-0.09361447,0.23799759,-0.15683746,-0.18092245,-0.4835331,0.20557272,0.29910085,-0.21266793,-0.1434786,0.10283805,-0.41016895,0.14874503,0.11242762,-0.009154836,-0.15280554,0.09033548,0.21319307,-0.1648429,-0.26757056,0.1727057,0.40490544,-0.02700019,0.22059257",""
