"codeUnitName","shortCodeUnitName","propertyName","propertyValue","Source Cypher File: Dependencies_Projection/Dependencies_8_Stream_Mutated.cypher"
"./index.ts","react-router","embeddingsFastRandomProjection","0.019379498,0.08564277,-0.7843699,0.30786064,-0.3564281,0.20572387,0.20572387,0.27078533,0,0.57864594,0,-0.029187962,0,0.2901648,-0.12008111,-0.57864594,-0.019379498,-0.3729221,-0.08564277,-0.20572387,-0.037075296,-0.39230156,0,-0.16576304,-0.22510336,-0.065061405,0.037075296,-0.47650918,0,0.20572387,-0.08564277,0",""
"./index.tsx","react-router-dom","embeddingsFastRandomProjection","0.020404933,0.08564928,-0.7769902,0.29153448,-0.36809346,0.20301141,0.20301141,0.2824442,0,0.57397866,0,-0.056154102,0,0.3028491,-0.11736212,-0.57397866,-0.020404933,-0.3709673,-0.08564928,-0.20301141,-0.00909023,-0.3913722,0,-0.17638999,-0.22341633,-0.079432815,0.00909023,-0.48545557,0,0.20301141,-0.08564928,0",""
"./server.tsx","server","embeddingsFastRandomProjection","0.01739366,0.12224727,-0.9083313,0.3360626,-0.4670928,0.22742307,0.22742307,0.34484553,0,0.6809082,0,-0.11363657,0,0.36223924,-0.10517581,-0.6809082,-0.01739366,-0.45348513,-0.12224727,-0.22742307,0.008782968,-0.47087878,0,-0.20520465,-0.24481672,-0.117422484,-0.008782968,-0.5722686,0,0.22742307,-0.12224727,0",""
"./index.tsx","react-router-native","embeddingsFastRandomProjection","0.031072238,0.059209827,-0.7636167,0.2870034,-0.33645475,0.19936833,0.19936833,0.2772449,0,0.5642483,0,-0.018379107,0,0.30831715,-0.14015852,-0.5642483,-0.031072238,-0.36487994,-0.059209827,-0.19936833,-0.009758502,-0.39595217,0,-0.18696284,-0.23044057,-0.07787654,0.009758502,-0.47661325,0,0.19936833,-0.059209827,0",""
"./index.ts","router","embeddingsFastRandomProjection","0.020433808,0.085050695,-0.8114244,0.30444258,-0.367294,0.22473846,0.22473846,0.2822433,0,0.5866859,0,-0.04241763,0,0.3026771,-0.13968778,-0.5866859,-0.020433808,-0.36194745,-0.085050695,-0.22473846,-0.022199243,-0.38238126,0,-0.17675881,-0.24517228,-0.057504833,0.022199243,-0.5069818,0,0.22473846,-0.085050695,0",""
