"codeUnitName","shortCodeUnitName","propertyName","propertyValue","Source Cypher File: Dependencies_Projection/Dependencies_8_Stream_Mutated.cypher"
"./index.ts","react-router","embeddingsNode2Vec","-0.036682375,0.0112044625,0.061834417,0.1748779,0.20005342,0.36712888,0.0033934992,0.42944863,0.13696614,0.17683445,-0.2271161,0.14664778,0.24094181,-0.022267336,0.16245507,-0.044322364,0.2799613,0.24827045,-0.53317505,0.1765127,0.14127833,0.13198681,-0.05259148,-0.07430682,0.028241597,0.000815896,-0.3322162,-0.47374216,-0.23261046,0.17410605,0.24023351,0.10739013",""
"./index.tsx","react-router-dom","embeddingsNode2Vec","-0.04707922,0.024424069,0.06999737,0.17758635,0.19005711,0.38972357,-0.011919196,0.4222668,0.1251043,0.17803718,-0.20942457,0.13693102,0.25694185,-0.018771337,0.16253212,-0.033089824,0.27877545,0.26955754,-0.5143697,0.1708616,0.17067327,0.14355014,-0.07131597,-0.056012776,0.023911847,-0.011019925,-0.34356368,-0.481114,-0.23521906,0.18137537,0.23500161,0.11944496",""
"./server.tsx","server","embeddingsNode2Vec","-0.03709713,0.006063205,0.070742,0.18574233,0.1883648,0.34193626,0.0020589405,0.4067267,0.1410886,0.1698495,-0.21954061,0.13748918,0.2397723,-0.015658237,0.16491804,-0.032759354,0.28740385,0.2460831,-0.51658666,0.17315996,0.14420502,0.120626755,-0.051520437,-0.071252786,0.021605156,-0.0022956445,-0.33837742,-0.4705283,-0.24303594,0.18133926,0.24162428,0.099328026",""
"./index.tsx","react-router-native","embeddingsNode2Vec","-0.036274284,0.020587657,0.086819224,0.18975122,0.17376941,0.34479868,0.0071361098,0.4197886,0.1414305,0.16773517,-0.20555378,0.13566461,0.2526166,-0.017584259,0.15620275,-0.02504756,0.29856932,0.25926986,-0.51086164,0.17372456,0.15144783,0.11603946,-0.0515271,-0.0825092,0.029047368,-0.021494761,-0.34645125,-0.4624426,-0.25481325,0.16883574,0.23497885,0.09175657",""
"./index.ts","router","embeddingsNode2Vec","-0.037198402,0.002017647,0.077048786,0.19518352,0.18912971,0.34584138,0.004353572,0.4147364,0.1428863,0.16646852,-0.21180503,0.13146928,0.24189727,-0.019178305,0.17342085,-0.02690416,0.27768844,0.24875104,-0.5164352,0.1829115,0.14952418,0.11521829,-0.053769015,-0.06907639,0.022791415,-0.010739915,-0.3329935,-0.46773282,-0.23457797,0.19049074,0.23550905,0.103600174",""
