"codeUnitName","shortCodeUnitName","propertyName","propertyValue","Source Cypher File: Dependencies_Projection/Dependencies_8_Stream_Mutated.cypher"
"./index.ts","react-router","embeddingsFastRandomProjection","0.01841726,0.08843755,-0.86575603,0.34055254,-0.3749419,0.23869906,0.23869906,0.28650436,0,0.6270569,0,-0.015972078,0,0.30492163,-0.1502615,-0.6270569,-0.01841726,-0.38835782,-0.08843755,-0.23869906,-0.054048195,-0.40677512,0,-0.17964956,-0.25711632,-0.04780531,0.054048195,-0.5252034,0,0.23869906,-0.08843755,0",""
"./index.tsx","react-router-dom","embeddingsFastRandomProjection","0.020978231,0.08890352,-0.83637136,0.29143187,-0.40602288,0.22782004,0.22782004,0.3171194,0,0.60855126,0,-0.093612745,0,0.33809763,-0.13891652,-0.60855126,-0.020978231,-0.38073123,-0.08890352,-0.22782004,0.025687471,-0.40170944,0,-0.20723766,-0.24879828,-0.089299366,-0.025687471,-0.5449394,0,0.22782004,-0.08890352,0",""
"./server.tsx","server","embeddingsFastRandomProjection","0.015934695,0.11374669,-0.91138643,0.32943612,-0.45347905,0.24221791,0.24221791,0.3397324,0,0.66916853,0,-0.108108275,0,0.3556671,-0.12847123,-0.66916853,-0.015934695,-0.4269506,-0.11374669,-0.24221791,0.01029627,-0.44288528,0,-0.21005103,-0.2581526,-0.097514495,-0.01029627,-0.5819503,0,0.24221791,-0.11374669,0",""
"./index.tsx","react-router-native","embeddingsFastRandomProjection","0.03106943,0.06349994,-0.80184513,0.28390136,-0.36513996,0.21630368,0.21630368,0.30164,0,0.58554137,0,-0.050169155,0,0.33270943,-0.15280373,-0.58554137,-0.03106943,-0.36923772,-0.06349994,-0.21630368,0.01773864,-0.40030712,0,-0.20707066,-0.2473731,-0.08533634,-0.01773864,-0.5179437,0,0.21630368,-0.06349994,0",""
"./index.ts","router","embeddingsFastRandomProjection","0.019688424,0.08654348,-0.91103655,0.3238539,-0.39323932,0.28048676,0.28048676,0.30669588,0,0.6305498,0,-0.049696967,0,0.3263843,-0.19394328,-0.6305498,-0.019688424,-0.35006297,-0.08654348,-0.28048676,-0.017158076,-0.36975142,0,-0.20046398,-0.3001752,-0.026209101,0.017158076,-0.58718264,0,0.28048676,-0.08654348,0",""
