"codeUnitName","shortCodeUnitName","propertyName","propertyValue","Source Cypher File: Dependencies_Projection/Dependencies_8_Stream_Mutated.cypher"
"./index.ts","react-router","embeddingsNode2Vec","-0.04362087,0.10469811,-0.050370686,0.07818007,0.3190244,0.2440627,0.17801727,0.40659827,0.26950204,0.14690621,0.44167072,-0.13702458,-0.18847317,-0.34590867,0.051082086,0.28018564,-0.0010439843,-0.18959425,-0.59119093,-0.17646231,0.08048658,0.10991687,6.9949514e-05,-0.03373362,-0.08192075,0.006552896,-0.36548427,-0.11156811,0.033476606,0.14624055,-0.20582269,0.14431159",""
"./index.tsx","react-router-dom","embeddingsNode2Vec","-0.048333373,0.098647125,-0.045850363,0.08187148,0.31972933,0.26098627,0.17760281,0.41506466,0.26704228,0.15650347,0.43110806,-0.14289288,-0.20054954,-0.33223268,0.048884843,0.2734034,-0.00447671,-0.18492098,-0.6130531,-0.17990689,0.08237435,0.10926359,0.0032018197,-0.035279132,-0.09093292,0.012969768,-0.36849004,-0.11937593,0.035453808,0.14476936,-0.20309362,0.13942562",""
"./server.tsx","server","embeddingsNode2Vec","-0.043500364,0.08699217,-0.038916886,0.08946757,0.30373958,0.23183127,0.16829303,0.400728,0.27117202,0.14338943,0.42550805,-0.12721792,-0.20356874,-0.34476733,0.06373014,0.27613604,-0.007829065,-0.17424074,-0.59216136,-0.18415715,0.07388129,0.0916601,0.005513447,-0.03399122,-0.088143274,0.011765779,-0.36403564,-0.11557948,0.038620036,0.14628951,-0.21570805,0.15598898",""
"./index.tsx","react-router-native","embeddingsNode2Vec","-0.044616498,0.10574122,-0.052845955,0.093366556,0.3262622,0.24731179,0.16577622,0.4201789,0.27284235,0.14145431,0.43933722,-0.14699644,-0.194956,-0.3508201,0.054879684,0.28954804,-0.007991742,-0.19373405,-0.5797808,-0.18799911,0.09098695,0.117718376,-0.0010714083,-0.035115678,-0.08287843,0.01790183,-0.36342165,-0.12312626,0.03570594,0.16235486,-0.20156209,0.14810449",""
"./index.ts","router","embeddingsNode2Vec","-0.0470603,0.0937301,-0.04694214,0.08188209,0.3289981,0.23803394,0.17150123,0.40026435,0.2802338,0.13906603,0.4192134,-0.12891045,-0.19977011,-0.3251656,0.056498848,0.26202396,0.0006194724,-0.17587543,-0.5890255,-0.17276779,0.07563449,0.08402825,0.0043232045,-0.018738488,-0.099551484,0.0085474495,-0.34651518,-0.10796436,0.026441712,0.13662824,-0.21674663,0.15370318",""
