"codeUnitName","shortCodeUnitName","propertyName","propertyValue","Source Cypher File: Dependencies_Projection/Dependencies_8_Stream_Mutated.cypher"
"./index.ts","react-router","embeddingsNode2Vec","0.040191248,-0.25772583,0.15799975,0.50274825,-0.13263674,-0.19283468,-0.32102418,0.10359624,0.1898907,-0.14170837,0.10346769,0.023090608,-0.31091353,-0.40800315,0.3145737,0.093450285,-0.2220651,0.0934092,0.09867495,-0.3951004,0.01496282,-0.20754595,0.055194985,-0.0807561,-0.016861705,0.19184503,-0.07609155,-0.2225625,0.18576826,0.27455074,-0.1812952,0.37514374",""
"./index.tsx","react-router-dom","embeddingsNode2Vec","0.038873628,-0.24269946,0.15001616,0.49393374,-0.11212661,-0.17882226,-0.3130244,0.11463847,0.20207699,-0.13316041,0.11573835,0.020560363,-0.3077508,-0.39328384,0.3183443,0.10056566,-0.22379723,0.08603961,0.075542584,-0.38817558,0.017678162,-0.21473804,0.0532273,-0.07641009,-0.02146115,0.19480895,-0.08723646,-0.22029339,0.17804575,0.2646341,-0.18102732,0.35748768",""
"./server.tsx","server","embeddingsNode2Vec","0.03641109,-0.24583781,0.1510979,0.47945705,-0.12047053,-0.17932168,-0.307274,0.107260875,0.19370244,-0.13061543,0.11056873,0.022985093,-0.315729,-0.3944345,0.31206048,0.09261674,-0.21765332,0.093799956,0.07614078,-0.38619906,0.012202543,-0.20827363,0.055980276,-0.07849484,-0.02218994,0.18753463,-0.082763046,-0.21697728,0.17779168,0.25858217,-0.18176217,0.357377",""
"./index.tsx","react-router-native","embeddingsNode2Vec","0.036483902,-0.2358589,0.14256144,0.49565005,-0.113353156,-0.18253724,-0.3266425,0.11657421,0.19806193,-0.14346586,0.10814994,0.016078785,-0.31425673,-0.40431553,0.31408614,0.108251475,-0.22144775,0.08316361,0.095481746,-0.3936106,0.025635045,-0.19567053,0.051673017,-0.07631391,-0.021843081,0.19525315,-0.08152655,-0.22670357,0.17918676,0.2850317,-0.18262096,0.37122577",""
"./index.ts","router","embeddingsNode2Vec","0.032929823,-0.2282912,0.13874267,0.48489934,-0.11371376,-0.19313776,-0.3145865,0.10535434,0.21126454,-0.15071034,0.08977821,0.03135931,-0.32065943,-0.3922867,0.31508425,0.09466901,-0.2127933,0.099397644,0.09111281,-0.3999783,0.020318588,-0.21305288,0.0559967,-0.059619732,-0.042143036,0.18793993,-0.07265155,-0.22694285,0.16181521,0.2749093,-0.19212215,0.3586633",""
