"codeUnitName","shortCodeUnitName","propertyName","propertyValue","Source Cypher File: Dependencies_Projection/Dependencies_8_Stream_Mutated.cypher"
"./index.ts","react-router","embeddingsNode2Vec","0.032172456,-0.19016537,-0.033443928,0.04039368,-0.12714161,-0.52512807,-0.009646709,-0.20671163,0.23104133,-0.116564274,-0.12768324,-0.05006747,-0.22208731,0.21977493,-0.009567134,0.09338666,0.29857373,-0.31133527,0.052223373,-0.061481494,-0.3259008,-0.3794107,0.22818652,-0.014073722,-0.21700186,0.23923337,0.02117529,0.31937176,-0.31552202,-0.15846618,0.035045583,-0.43182203",""
"./index.tsx","react-router-dom","embeddingsNode2Vec","0.038017627,-0.20837563,-0.030062653,0.054510526,-0.11565225,-0.5363552,0.0041059344,-0.20410411,0.24180268,-0.12270145,-0.13284099,-0.050627597,-0.22916798,0.21385577,0.0011997796,0.09183112,0.28882673,-0.32321846,0.046959314,-0.05382651,-0.32656652,-0.37412563,0.23846155,-0.023150157,-0.2094049,0.23908055,0.024559474,0.31844744,-0.30217814,-0.14152424,0.040772475,-0.42568216",""
"./server.tsx","server","embeddingsNode2Vec","0.033178,-0.20183077,-0.026291277,0.05779056,-0.11860687,-0.51870996,-0.004403863,-0.19424939,0.24520314,-0.117052376,-0.13429123,-0.0497618,-0.21626984,0.21839365,0.003634899,0.09651304,0.3029626,-0.30759653,0.035616618,-0.049152263,-0.32351255,-0.38237998,0.23019955,-0.017442128,-0.21640873,0.23666173,0.013825104,0.30759218,-0.31943434,-0.14303413,0.042137045,-0.42877504",""
"./index.tsx","react-router-native","embeddingsNode2Vec","0.036052197,-0.18302558,-0.010164487,0.055261407,-0.1390632,-0.5240258,0.003722922,-0.18991816,0.23711714,-0.12294381,-0.11133637,-0.053420346,-0.20732401,0.21263935,-0.013883707,0.1028886,0.30273724,-0.29638147,0.05762283,-0.0546525,-0.31714076,-0.38370216,0.2328242,-0.031272057,-0.2035416,0.21462812,0.012803657,0.32920706,-0.32137415,-0.16183138,0.028791696,-0.43600538",""
"./index.ts","router","embeddingsNode2Vec","0.031512674,-0.20647505,-0.023024736,0.06404792,-0.12060449,-0.5147325,-0.0074854563,-0.20029,0.24254273,-0.12360374,-0.12237857,-0.061147436,-0.21649556,0.21649122,0.013410863,0.10495185,0.2831451,-0.3077759,0.048134234,-0.04186368,-0.3165229,-0.38832492,0.22555074,-0.005544174,-0.21969932,0.22962803,0.029487396,0.31851318,-0.30285093,-0.13285543,0.029507872,-0.4229139",""
