"codeUnitName","shortCodeUnitName","propertyName","propertyValue","Source Cypher File: Dependencies_Projection/Dependencies_8_Stream_Mutated.cypher"
"./index.ts","react-router","embeddingsNode2Vec","0.0028438575,-0.29539445,0.19060181,0.42322847,-0.02776525,-0.254522,0.03747826,0.14004815,0.39668038,-0.10078051,-0.1262022,-0.11112924,0.0056961454,0.17010655,0.2739714,0.22960989,0.3120333,-0.09366355,-0.2116961,0.23838079,-0.13038519,-0.421289,0.17136627,-0.0007349445,-0.2110488,0.059651457,-0.09096335,0.111085296,-0.3657613,0.17094953,0.06870069,-0.31374565",""
"./index.tsx","react-router-dom","embeddingsNode2Vec","-0.0025952666,-0.27868778,0.17877962,0.4265672,-0.018541742,-0.22940977,0.02860866,0.15018007,0.39092693,-0.091833085,-0.13144144,-0.111849025,0.015634302,0.17566606,0.29421055,0.24472022,0.31579006,-0.08318184,-0.2317858,0.26389667,-0.12547727,-0.44667262,0.16827919,0.011463314,-0.22593564,0.06241589,-0.0968466,0.09624671,-0.35465047,0.17742278,0.07112296,-0.31802428",""
"./server.tsx","server","embeddingsNode2Vec","-0.0016597701,-0.27472118,0.17511588,0.41191444,-0.02936489,-0.24286997,0.027289981,0.14347951,0.39086235,-0.090954825,-0.13409358,-0.10557958,0.011688823,0.18147974,0.27436116,0.23645486,0.3331905,-0.08573389,-0.22677933,0.2400007,-0.13110729,-0.4335364,0.16973531,0.0029482224,-0.22240682,0.06871624,-0.10273799,0.10120648,-0.37485784,0.15332353,0.074089654,-0.33197197",""
"./index.tsx","react-router-native","embeddingsNode2Vec","0.0012812775,-0.26696333,0.19411607,0.42263633,-0.04243776,-0.24451376,0.037006874,0.15149023,0.38861153,-0.09876619,-0.113775186,-0.11320116,0.02014516,0.17378944,0.27054143,0.24503765,0.32632977,-0.07797633,-0.21122016,0.24357572,-0.12511943,-0.44232723,0.17108333,-0.006583802,-0.21297948,0.04478232,-0.10095649,0.11740094,-0.37475932,0.15307283,0.06206271,-0.33659145",""
"./index.ts","router","embeddingsNode2Vec","-0.0026137193,-0.29328668,0.1966103,0.4505975,-0.035508644,-0.25506645,0.02864876,0.14881623,0.4125731,-0.10749326,-0.12283631,-0.12701486,0.013721456,0.18546467,0.299477,0.25886157,0.32537487,-0.08887183,-0.22199734,0.2620367,-0.12691864,-0.4604703,0.17350256,0.014731036,-0.23429324,0.058003735,-0.08885477,0.123494476,-0.37543708,0.17697817,0.06011991,-0.33849922",""
