"codeUnitName","shortCodeUnitName","propertyName","propertyValue","Source Cypher File: Dependencies_Projection/Dependencies_8_Stream_Mutated.cypher"
"./index.ts","react-router","embeddingsNode2Vec","0.038293395,-0.18532902,0.21242715,0.17107683,-0.19462124,0.19297253,-0.076479204,0.13259849,-0.33124527,0.21376947,0.3619079,-0.22160043,-0.123485245,-0.33431524,0.046704855,0.14400592,-0.21221918,-0.14502066,-0.06729885,-0.29687503,-0.03962583,0.25666815,0.03140506,-0.42962167,0.38259187,0.07103088,-0.17795682,-0.11361763,0.31109288,0.06243244,0.26887158,-0.22024119",""
"./index.tsx","react-router-dom","embeddingsNode2Vec","0.03875217,-0.16754363,0.21189988,0.16419868,-0.18177195,0.22104806,-0.064329684,0.1518703,-0.33846924,0.2294399,0.39222908,-0.24546467,-0.117602214,-0.34051585,0.03798965,0.16162278,-0.21037872,-0.16294636,-0.09020211,-0.29143214,-0.03337847,0.2854693,0.028731158,-0.43205217,0.3827265,0.06507969,-0.18499269,-0.11137713,0.30755243,0.06364549,0.2832027,-0.23033035",""
"./server.tsx","server","embeddingsNode2Vec","0.042000394,-0.19051614,0.22118963,0.18111245,-0.19288538,0.2015613,-0.0812945,0.14667168,-0.32522213,0.21874072,0.37793678,-0.22694686,-0.13253964,-0.34987527,0.05619174,0.14454934,-0.21015404,-0.13739513,-0.082068026,-0.2950774,-0.04300424,0.24753743,0.033565354,-0.42475304,0.38095826,0.0679417,-0.18211007,-0.11256418,0.31815252,0.060671974,0.2680873,-0.20900117",""
"./index.tsx","react-router-native","embeddingsNode2Vec","0.041682675,-0.16954653,0.20499787,0.18077165,-0.17489944,0.20680746,-0.08133427,0.15580787,-0.31979406,0.21023864,0.38039133,-0.23799022,-0.1173647,-0.3523938,0.048383832,0.16561255,-0.21049587,-0.15933925,-0.07057152,-0.29928795,-0.025362685,0.2712049,0.025758492,-0.42521864,0.38597322,0.07319793,-0.18592224,-0.12013567,0.30937,0.07920724,0.27243564,-0.21181765",""
"./index.ts","router","embeddingsNode2Vec","0.04070999,-0.16304193,0.20173141,0.15663825,-0.17691836,0.21048097,-0.06915596,0.1450585,-0.32581556,0.21701187,0.3764267,-0.23168555,-0.11022179,-0.33176464,0.038750112,0.14991143,-0.19948497,-0.15209626,-0.07930915,-0.27778232,-0.03473619,0.26976416,0.026801374,-0.42910522,0.38793227,0.061818663,-0.1821003,-0.10561837,0.3079745,0.057553686,0.28865236,-0.22857372",""
