"codeUnitName","shortCodeUnitName","propertyName","propertyValue","Source Cypher File: Dependencies_Projection/Dependencies_8_Stream_Mutated.cypher"
"./index.ts","react-router","embeddingsFastRandomProjection","0.2878443,-0.06333115,0.56614447,0.38349336,0.16781384,-0.3349994,0.27166826,-0.056699283,0.08901721,0,0.37686148,0.3026815,-0.3349994,-0.3349994,0,0.6551616,0.056699283,0.04715514,0.06333115,0.056699283,-0.24598223,0.32016218,-0.08901721,-0.19219519,-0.032317925,0,0,0.22451314,0.3349994,0.032317925,-0.23114498,-0.2634629",""
"./index.tsx","react-router-dom","embeddingsFastRandomProjection","0.2936133,-0.06350304,0.56592643,0.39006716,0.17369571,-0.32872763,0.26522455,-0.056414552,0.08936535,0,0.38297868,0.29577684,-0.32872763,-0.32872763,0,0.6552918,0.056414552,0.035114318,0.06350304,0.056414552,-0.23936227,0.3265641,-0.08936535,-0.19715948,-0.0329508,0,0,0.23011027,0.32872763,0.0329508,-0.23719876,-0.27014956",""
"./server.tsx","server","embeddingsFastRandomProjection","0.38863772,-0.09055932,0.76669824,0.5220303,0.22324197,-0.452897,0.36233765,-0.07483642,0.1176697,0,0.50630736,0.41006368,-0.452897,-0.452897,0,0.88436794,0.07483642,0.06425925,0.09055932,0.07483642,-0.33522728,0.431471,-0.1176697,-0.25524512,-0.04283328,0,0,0.2980784,0.452897,0.04283328,-0.3138013,-0.35663456",""
"./index.tsx","react-router-native","embeddingsFastRandomProjection","0.28778425,-0.061186954,0.5559438,0.38220772,0.17200863,-0.32274818,0.26156121,-0.054588646,0.08782518,0,0.3756094,0.28951165,-0.32274818,-0.32274818,0,0.64376897,0.054588646,0.034963936,0.061186954,0.054588646,-0.234923,0.32102078,-0.08782518,-0.19336075,-0.033236537,0,0,0.22659728,0.32274818,0.033236537,-0.23319559,-0.2664321",""
"./index.ts","router","embeddingsFastRandomProjection","0.36672923,-0.079163924,0.7201824,0.48647803,0.20940362,-0.43161488,0.35245094,-0.0781617,0.118746534,0,0.48547575,0.39103,-0.43161488,-0.43161488,0,0.83892894,0.0781617,0.064885624,0.079163924,0.0781617,-0.31286836,0.40731406,-0.118746534,-0.24698047,-0.040584844,0,0,0.28756535,0.43161488,0.040584844,-0.28856754,-0.32915235",""
