"codeUnitName","shortCodeUnitName","propertyName","propertyValue","Source Cypher File: Dependencies_Projection/Dependencies_8_Stream_Mutated.cypher"
"./index.ts","react-router","embeddingsNode2Vec","-0.010935845,-0.011150066,-0.022821585,0.38811538,0.20163712,-0.016618172,-0.121705115,0.32166734,0.39305136,-0.089697175,0.24583502,-0.05487122,-0.27971932,-0.42234263,0.22500113,0.26456884,-0.11425064,-0.068741895,-0.21297427,-0.32952026,0.123759426,-0.06816058,0.011653135,0.02626708,-0.14462677,0.15144695,-0.23110914,-0.2224301,0.061767485,0.31705013,-0.27489543,0.36805078",""
"./index.tsx","react-router-dom","embeddingsNode2Vec","-0.0136394175,0.0066319094,-0.034677327,0.36980683,0.22364128,-0.0027768086,-0.098781735,0.32126483,0.37663186,-0.08296045,0.24754395,-0.06042959,-0.26109406,-0.41885144,0.22090599,0.27207583,-0.1079275,-0.0799481,-0.21979086,-0.31848204,0.1297374,-0.05267839,0.0077924784,0.03204936,-0.14931422,0.15273295,-0.24086945,-0.22099172,0.05609447,0.32833195,-0.28375176,0.3747076",""
"./server.tsx","server","embeddingsNode2Vec","-0.011330255,-0.012993213,-0.018526776,0.36737397,0.19214714,-0.010312751,-0.1091133,0.31445464,0.36999357,-0.079207934,0.24874875,-0.055277206,-0.27212122,-0.42723235,0.22504346,0.26124492,-0.11269545,-0.06843176,-0.21761462,-0.32439917,0.11812759,-0.06691597,0.012725813,0.023223445,-0.14278506,0.14953896,-0.23374489,-0.22110501,0.06498338,0.32040676,-0.28108743,0.37954342",""
"./index.tsx","react-router-native","embeddingsNode2Vec","-0.012539648,-0.0002439675,-0.029843213,0.36566198,0.1972374,-0.012476566,-0.113516,0.31203735,0.36829144,-0.089457646,0.23761341,-0.05883526,-0.26371646,-0.41836706,0.22149692,0.26817468,-0.11102403,-0.07463555,-0.19343616,-0.32097036,0.13002557,-0.055045847,0.008472355,0.028928477,-0.14307159,0.15602848,-0.22685733,-0.22558543,0.059317052,0.3299783,-0.27515146,0.3741776",""
"./index.ts","router","embeddingsNode2Vec","-0.016816007,-0.002976033,-0.03261876,0.3649068,0.21008801,-0.023764472,-0.10933677,0.3184038,0.4080299,-0.097115494,0.23015851,-0.0422767,-0.27540115,-0.41853637,0.22968662,0.25927046,-0.10712372,-0.060705658,-0.21558781,-0.32097253,0.13136554,-0.08553062,0.012456542,0.051516954,-0.17599629,0.15646067,-0.22854331,-0.23140901,0.04826861,0.32552907,-0.296102,0.40236276",""
