"codeUnitName","shortCodeUnitName","propertyName","propertyValue","Source Cypher File: Dependencies_Projection/Dependencies_8_Stream_Mutated.cypher"
"./index.ts","react-router","embeddingsFastRandomProjection","0.29554844,-0.06563245,0.54477334,0.3930546,0.1309956,-0.34814534,0.28251284,-0.09892039,0.13079412,0,0.42634258,0.3162716,-0.34814534,-0.34814534,0,0.67556745,0.09892039,0.052596897,0.06563245,0.09892039,-0.21735123,0.3274221,-0.13079412,-0.19804229,-0.031873725,0,0,0.229916,0.34814534,0.031873725,-0.196628,-0.22850169",""
"./index.tsx","react-router-dom","embeddingsFastRandomProjection","0.30690157,-0.06591166,0.5438502,0.40596306,0.14261976,-0.33531877,0.26940712,-0.09837016,0.13152,0,0.4384216,0.3021689,-0.33531877,-0.33531877,0,0.6753702,0.09837016,0.02841723,0.06591166,0.09837016,-0.2037988,0.34005138,-0.13152,-0.2078401,-0.033149846,0,0,0.24098994,0.33531877,0.033149846,-0.20853138,-0.24168123",""
"./server.tsx","server","embeddingsFastRandomProjection","0.39414787,-0.08976708,0.7227504,0.52578634,0.17598286,-0.4570005,0.3672334,-0.12839797,0.17026934,0,0.56441724,0.41512915,-0.4570005,-0.4570005,0,0.8930198,0.12839797,0.0628526,0.08976708,0.12839797,-0.2867312,0.43601924,-0.17026934,-0.26250952,-0.04187134,0,0,0.30438083,0.4570005,0.04187134,-0.2657499,-0.30762124",""
"./index.tsx","react-router-native","embeddingsFastRandomProjection","0.29623112,-0.06263357,0.5223445,0.39243314,0.13662088,-0.3230901,0.2604565,-0.0969767,0.13054512,0,0.4267763,0.28952166,-0.3230901,-0.3230901,0,0.65288967,0.0969767,0.026858985,0.06263357,0.0969767,-0.192545,0.32979956,-0.13054512,-0.20002913,-0.033568434,0,0,0.23359758,0.3230901,0.033568434,-0.19925442,-0.23282285",""
"./index.ts","router","embeddingsFastRandomProjection","0.3878895,-0.08466154,0.7094176,0.5152887,0.16748841,-0.45726758,0.372606,-0.1357396,0.1784772,0,0.56636673,0.41452992,-0.45726758,-0.45726758,0,0.88789475,0.1357396,0.06937804,0.08466154,0.1357396,-0.2787904,0.43062714,-0.1784772,-0.2604904,-0.042737607,0,0,0.303228,0.45726758,0.042737607,-0.2521499,-0.29488754",""
