"codeUnitName","shortCodeUnitName","propertyName","propertyValue","Source Cypher File: Dependencies_Projection/Dependencies_8_Stream_Mutated.cypher"
"./index.ts","react-router","embeddingsNode2Vec","0.011372478,-0.2943674,0.15496373,0.3270876,-0.18544906,-0.3100649,-0.2265336,-0.08797968,0.26754808,-0.16794483,-0.13876696,0.22959328,-0.32279956,-0.11336575,0.2909832,-0.15832783,-0.11159241,0.3157569,0.07345614,-0.18175414,-0.10599856,-0.48866722,0.09384087,0.120724514,-0.21660098,0.113032445,0.071115315,-0.090837024,0.0507497,0.052050784,-0.31959468,0.40127766",""
"./index.tsx","react-router-dom","embeddingsNode2Vec","0.011402193,-0.2906524,0.1474879,0.31064358,-0.17345795,-0.3043973,-0.22390966,-0.08145852,0.27778438,-0.16990788,-0.13222337,0.22859402,-0.32335892,-0.11010093,0.28823048,-0.15350243,-0.10647359,0.31924307,0.059915096,-0.18141633,-0.09952266,-0.47632563,0.09092369,0.12465475,-0.22714654,0.10526959,0.063909315,-0.08214212,0.041596644,0.046140917,-0.3141898,0.3963954",""
"./server.tsx","server","embeddingsNode2Vec","0.010854309,-0.29532102,0.15365057,0.3274416,-0.1731133,-0.3049831,-0.22518128,-0.07369189,0.272064,-0.16337529,-0.12495763,0.22190501,-0.32848355,-0.124406554,0.2925191,-0.14600308,-0.11184356,0.30780768,0.05433623,-0.18932226,-0.10007323,-0.474909,0.091838464,0.1184697,-0.21665075,0.11008739,0.05716696,-0.09183811,0.050337296,0.05621417,-0.31725547,0.39880872",""
"./index.tsx","react-router-native","embeddingsNode2Vec","0.012888176,-0.2894094,0.1506687,0.33640173,-0.17428906,-0.30694893,-0.23418254,-0.07478976,0.26273417,-0.16986023,-0.12607832,0.21544941,-0.31814227,-0.12830043,0.29151374,-0.13868986,-0.11601459,0.29869488,0.07776681,-0.19238892,-0.091605306,-0.46315444,0.08889997,0.113958076,-0.20954993,0.11569067,0.06111182,-0.09663178,0.052564252,0.06750775,-0.3097953,0.39889798",""
"./index.ts","router","embeddingsNode2Vec","0.007750529,-0.28077224,0.1423774,0.31652972,-0.17199819,-0.30333087,-0.21893822,-0.08798593,0.26402235,-0.17185982,-0.1465292,0.22652406,-0.3097705,-0.09963447,0.28094772,-0.15544182,-0.10314691,0.3108793,0.07069122,-0.1731778,-0.09745295,-0.47974536,0.09059353,0.13373639,-0.22769065,0.10905158,0.072901785,-0.08643721,0.03754505,0.05157971,-0.32026556,0.38766307",""
