"codeUnitName","shortCodeUnitName","propertyName","propertyValue","Source Cypher File: Dependencies_Projection/Dependencies_8_Stream_Mutated.cypher"
"./index.ts","react-router","embeddingsNode2Vec","-0.032207444,-0.07724955,-0.018347679,-0.052002292,-0.18321434,-0.29890433,-0.07074307,-0.34071454,0.03681627,-0.19438267,-0.47030413,0.26617357,0.02208626,0.36921972,0.0030124453,-0.296435,0.06524296,0.3107365,0.34800696,0.205533,-0.07899417,-0.33056062,0.035729125,0.2671814,-0.2388484,0.00947497,0.31827143,0.04830131,-0.14649372,-0.10955345,-0.12561776,0.09868162",""
"./index.tsx","react-router-dom","embeddingsNode2Vec","-0.030412469,-0.07621734,-0.01992411,-0.048195,-0.17536211,-0.31074592,-0.07229679,-0.34089363,0.05511568,-0.20388195,-0.47523466,0.27013898,0.018479612,0.3533967,0.010447124,-0.2918704,0.069261804,0.3080835,0.34226233,0.20835924,-0.08093821,-0.3505118,0.036033608,0.27168208,-0.24643578,0.00840177,0.31243724,0.049566876,-0.14539742,-0.10474131,-0.13526697,0.11410392",""
"./server.tsx","server","embeddingsNode2Vec","-0.031144215,-0.08746893,-0.013216567,-0.038058665,-0.1782706,-0.29333556,-0.0741005,-0.3309444,0.05603277,-0.19349387,-0.4625596,0.27619374,0.0058337636,0.34800842,0.017673947,-0.29295814,0.060894724,0.30433762,0.33262116,0.1929106,-0.08186182,-0.3521028,0.039165933,0.2745746,-0.2536654,0.011846366,0.314467,0.0466071,-0.14619337,-0.10691611,-0.14386362,0.11910552",""
"./index.tsx","react-router-native","embeddingsNode2Vec","-0.031053117,-0.075293556,-0.023322564,-0.03478609,-0.17225766,-0.30315396,-0.08193758,-0.3382171,0.057763934,-0.20952055,-0.4790579,0.2715975,0.015068335,0.3517986,0.0148131,-0.28585687,0.06286317,0.30601045,0.3544501,0.19401368,-0.07185285,-0.34093115,0.035519622,0.2782418,-0.25162333,0.017359035,0.31709042,0.04060649,-0.15049155,-0.095015444,-0.14161271,0.12364697",""
"./index.ts","router","embeddingsNode2Vec","-0.03514831,-0.071907654,-0.02545249,-0.048476778,-0.167084,-0.2966128,-0.065191984,-0.33600974,0.062421758,-0.20274664,-0.48366606,0.27680305,0.011933606,0.36425638,0.009102079,-0.29493067,0.07118645,0.31077844,0.3350675,0.2060996,-0.07947735,-0.35976952,0.03788771,0.28841978,-0.2644143,0.011202468,0.31487748,0.045432217,-0.16949087,-0.111097455,-0.1587453,0.12642801",""
