"codeUnitName","shortCodeUnitName","propertyName","propertyValue","Source Cypher File: Dependencies_Projection/Dependencies_8_Stream_Mutated.cypher"
"./index.ts","react-router","embeddingsNode2Vec","-0.0019281997,-0.018115941,-0.061318193,-0.1366441,-0.24924117,-0.44505873,-0.08689516,-0.30715945,0.07957182,-0.112364054,-0.010379858,-0.05954934,-0.19880167,0.23610963,-0.17792268,0.09187679,0.27181345,-0.2303863,0.22848044,-0.17294635,-0.24527507,-0.29274195,0.14280628,0.040113494,-0.20677865,0.19773827,0.054758556,0.413628,-0.3211191,-0.3328313,-0.07115831,-0.4237473",""
"./index.tsx","react-router-dom","embeddingsNode2Vec","0.00050733547,-0.023041697,-0.06585818,-0.13625821,-0.23598102,-0.4650071,-0.08615919,-0.2958887,0.08726801,-0.10776763,-0.025097545,-0.051738452,-0.20974608,0.24438494,-0.17754772,0.08555181,0.28742033,-0.23074633,0.20534538,-0.16424698,-0.25587067,-0.29305866,0.14984101,0.032087576,-0.20654778,0.20576704,0.045334056,0.3967983,-0.32081804,-0.33273458,-0.058320805,-0.42837054",""
"./server.tsx","server","embeddingsNode2Vec","0.0012164585,-0.01875897,-0.06726796,-0.13921212,-0.23305087,-0.4565367,-0.08139031,-0.29169452,0.08915242,-0.101121336,-0.03267551,-0.042618588,-0.20014977,0.23695092,-0.18230008,0.07786614,0.2978289,-0.22919759,0.19881052,-0.16989762,-0.25755003,-0.28794563,0.15169601,0.023998987,-0.20505899,0.21207346,0.033853203,0.3824178,-0.33053833,-0.3378418,-0.050058816,-0.427795",""
"./index.tsx","react-router-native","embeddingsNode2Vec","-7.577109e-05,-0.008927098,-0.049859136,-0.13321647,-0.2543461,-0.4574556,-0.08186393,-0.29294145,0.08522993,-0.112904005,-0.0061222343,-0.05798998,-0.19089955,0.23679338,-0.1858143,0.09669536,0.2919719,-0.21852422,0.22338673,-0.16569781,-0.24584566,-0.29984176,0.14836344,0.02702767,-0.20396721,0.18827134,0.043065183,0.41118297,-0.3288428,-0.34396273,-0.070889436,-0.43828607",""
"./index.ts","router","embeddingsNode2Vec","-0.008287623,-0.031754058,-0.053448528,-0.11501557,-0.2478136,-0.45582733,-0.09994027,-0.29636037,0.095555454,-0.11732927,-0.010198505,-0.075678684,-0.19890296,0.24885102,-0.15339364,0.11286907,0.28167832,-0.22152056,0.21701184,-0.1492717,-0.24005626,-0.31796098,0.14219043,0.06034952,-0.22639343,0.19911645,0.059515063,0.4229196,-0.3379749,-0.31793538,-0.079566374,-0.43344787",""
