"codeUnitName","shortCodeUnitName","propertyName","propertyValue","Source Cypher File: Dependencies_Projection/Dependencies_8_Stream_Mutated.cypher"
"./index.ts","react-router","embeddingsFastRandomProjection","0.018708386,0.08376365,-0.81071496,0.31671456,-0.36069623,0.21706769,0.21706769,0.27693257,0,0.5936471,0,-0.025273293,0,0.295641,-0.13330403,-0.5936471,-0.018708386,-0.37657943,-0.08376365,-0.21706769,-0.039781943,-0.39528784,0,-0.17446057,-0.23577608,-0.05986494,0.039781943,-0.49400032,0,0.21706769,-0.08376365,0",""
"./index.tsx","react-router-dom","embeddingsFastRandomProjection","0.019867955,0.085512236,-0.8033604,0.28387254,-0.38652575,0.21847418,0.21847418,0.30101353,0,0.5848861,0,-0.082785234,0,0.3208815,-0.13296194,-0.5848861,-0.019867955,-0.36641192,-0.085512236,-0.21847418,0.01714097,-0.38627988,0,-0.19563338,-0.23834212,-0.08253938,-0.01714097,-0.51948774,0,0.21847418,-0.085512236,0",""
"./server.tsx","server","embeddingsFastRandomProjection","0.014354281,0.11405665,-0.8890252,0.31859726,-0.44356805,0.24091655,0.24091655,0.3295114,0,0.6481086,0,-0.110616535,0,0.3438657,-0.12685987,-0.6481086,-0.014354281,-0.4071921,-0.11405665,-0.24091655,0.010914162,-0.42154643,0,-0.20110048,-0.2552708,-0.08859488,-0.010914162,-0.5704279,0,0.24091655,-0.11405665,0",""
"./index.tsx","react-router-native","embeddingsFastRandomProjection","0.031072235,0.05721618,-0.768674,0.28578493,-0.34240958,0.19769567,0.19769567,0.28519338,0,0.5709783,0,-0.025552392,0,0.31626564,-0.14047949,-0.5709783,-0.031072235,-0.37328264,-0.05721618,-0.19769567,-0.0005915463,-0.4043549,0,-0.19690499,-0.22876792,-0.08749771,0.0005915463,-0.4828891,0,0.19769567,-0.05721618,0",""
"./index.ts","router","embeddingsFastRandomProjection","0.01762151,0.085693106,-0.85079575,0.29671517,-0.38058323,0.25919047,0.25919047,0.2948901,0,0.5916053,0,-0.06624651,0,0.31251162,-0.17349735,-0.5916053,-0.01762151,-0.3324148,-0.085693106,-0.25919047,-0.0018250644,-0.35003632,0,-0.19157548,-0.276812,-0.03569965,0.0018250644,-0.5540806,0,0.25919047,-0.085693106,0",""
