"codeUnitName","shortCodeUnitName","propertyName","propertyValue","Source Cypher File: Dependencies_Projection/Dependencies_8_Stream_Mutated.cypher"
"./index.ts","react-router","embeddingsNode2Vec","0.037073333,-0.31606,0.21907325,0.43767935,-0.14177161,-0.14202365,-0.23892365,0.13040295,0.2077405,-0.03956488,0.18571131,0.048261035,-0.38846007,-0.39834875,0.33193788,0.033609048,-0.20644706,0.14547713,-0.104789294,-0.37376165,-0.065358795,-0.28605065,0.08464311,-0.096405886,-0.030779604,0.14089848,-0.1315958,-0.15906821,0.19654997,0.14854728,-0.21327284,0.3300081",""
"./index.tsx","react-router-dom","embeddingsNode2Vec","0.028792612,-0.2906073,0.20582797,0.41615474,-0.115527935,-0.12820818,-0.21694478,0.14475198,0.22017731,-0.036712527,0.18824123,0.046233743,-0.39352646,-0.40201473,0.32004604,0.041170888,-0.19835147,0.13857105,-0.13362527,-0.36307552,-0.05945575,-0.28593948,0.08273813,-0.08390376,-0.047466394,0.13336371,-0.13797675,-0.15825988,0.1835746,0.15085915,-0.23867214,0.34697706",""
"./server.tsx","server","embeddingsNode2Vec","0.030202216,-0.30641422,0.20739593,0.4234922,-0.12825705,-0.1350362,-0.22185396,0.12864453,0.21138582,-0.036690764,0.1759211,0.05176624,-0.38901836,-0.38803592,0.3253102,0.032023627,-0.19738697,0.14650868,-0.12224526,-0.36709368,-0.06478737,-0.28667673,0.08583277,-0.084626004,-0.046427872,0.13815637,-0.13216741,-0.16283938,0.18772134,0.14613813,-0.23296055,0.34160212",""
"./index.tsx","react-router-native","embeddingsNode2Vec","0.034660324,-0.29416534,0.20369162,0.43445906,-0.118635915,-0.120296,-0.23300812,0.1484344,0.19966389,-0.0345945,0.19630875,0.027559225,-0.37732434,-0.4128835,0.3170718,0.05886956,-0.20479676,0.11591865,-0.10893308,-0.38452697,-0.049652115,-0.2483887,0.07771216,-0.103909284,-0.02081846,0.14267024,-0.14444253,-0.16883013,0.1969998,0.166125,-0.20632553,0.32738876",""
"./index.ts","router","embeddingsNode2Vec","0.029479207,-0.32096013,0.20160072,0.43197915,-0.12908001,-0.15489122,-0.2279351,0.120210506,0.22649351,-0.049549233,0.15251902,0.066745035,-0.39605153,-0.3820311,0.3276955,0.02117039,-0.19184126,0.16245939,-0.10600042,-0.34545925,-0.064947575,-0.3041191,0.0860852,-0.06375143,-0.06616056,0.14097437,-0.117524445,-0.15930402,0.17239417,0.14599167,-0.24770555,0.3529845",""
