"codeUnitName","shortCodeUnitName","propertyName","propertyValue","Source Cypher File: Dependencies_Projection/Dependencies_8_Stream_Mutated.cypher"
"./index.ts","react-router","embeddingsNode2Vec","-0.08825374,0.34449568,-0.3560022,0.034789085,0.2734413,-0.14100263,-0.029307427,-0.03695665,0.26208007,-0.32651272,-0.37087122,0.058710206,0.14989689,0.17942792,-0.07212758,0.12871473,0.10812985,-0.03846165,0.37244725,0.14637297,0.2521625,0.03930779,-0.08071764,0.4018343,-0.35128114,0.12461087,0.17232428,-0.15013081,-0.26492462,0.29487038,-0.18054053,0.21586959",""
"./index.tsx","react-router-dom","embeddingsNode2Vec","-0.0881477,0.3391893,-0.36533356,0.025365274,0.27462164,-0.13401662,-0.017259622,-0.028462932,0.2668957,-0.31814697,-0.3842726,0.057561003,0.14885306,0.18166864,-0.0788582,0.13358216,0.11531996,-0.045573536,0.34846687,0.15431927,0.25283402,0.045101505,-0.08039402,0.38831005,-0.3536503,0.124557026,0.1643596,-0.1487798,-0.27031204,0.28998584,-0.17691663,0.21138002",""
"./server.tsx","server","embeddingsNode2Vec","-0.082698256,0.32270995,-0.34093785,0.047691002,0.2582385,-0.15029939,-0.035967905,-0.03178057,0.27331662,-0.32529,-0.3588847,0.062433213,0.13085148,0.16321592,-0.059696797,0.13143837,0.10515868,-0.03154552,0.35810685,0.1342892,0.250335,0.024086514,-0.0762115,0.38273364,-0.34851855,0.12855558,0.1635205,-0.15753137,-0.27149162,0.29664618,-0.18935384,0.23217964",""
"./index.tsx","react-router-native","embeddingsNode2Vec","-0.083082974,0.3238564,-0.34441903,0.055613622,0.25980955,-0.13710278,-0.038898375,-0.022280823,0.26356614,-0.32377493,-0.3478336,0.048938144,0.13266559,0.14820291,-0.06200877,0.14170371,0.09537258,-0.04540309,0.36675066,0.12273446,0.25613913,0.0451866,-0.07541447,0.36684623,-0.33624846,0.13470443,0.15767606,-0.16302952,-0.25446892,0.30727226,-0.17491339,0.22212428",""
"./index.ts","router","embeddingsNode2Vec","-0.08712307,0.33277395,-0.3464505,0.031862736,0.25635138,-0.15200654,-0.024630392,-0.04405028,0.2670206,-0.3276678,-0.37674326,0.068739094,0.13802032,0.19012694,-0.07238497,0.114971064,0.109459236,-0.025447914,0.36556697,0.15000036,0.24927238,0.023807144,-0.07468377,0.39309573,-0.35005507,0.12155555,0.17010023,-0.15019804,-0.26666394,0.2809047,-0.18432678,0.2142778",""
