"codeUnitName","shortCodeUnitName","propertyName","propertyValue","Source Cypher File: Dependencies_Projection/Dependencies_8_Stream_Mutated.cypher"
"./index.ts","react-router","embeddingsNode2Vec","0.028077282,0.12303021,0.32148665,0.23845436,-0.22513175,-0.11332814,0.12637058,0.3323193,0.24037142,-0.025573796,0.04293923,0.019010618,0.22087671,0.071992405,-0.07197274,0.17442845,0.51142395,0.17907684,-0.14289851,0.08919129,-0.011343134,-0.23735666,0.12474668,-0.28067908,0.030937152,-0.21473542,-0.32812318,0.06724856,-0.52024347,-0.17815056,0.04938707,-0.33414295",""
"./index.tsx","react-router-dom","embeddingsNode2Vec","0.02142798,0.11737048,0.33490804,0.26020432,-0.22166622,-0.09446844,0.11699087,0.34106097,0.23691359,-0.027876312,0.049327917,0.005548369,0.22751163,0.07475676,-0.05259197,0.18691257,0.5035936,0.19068375,-0.1431321,0.10475709,0.00637872,-0.2451514,0.1149971,-0.26095852,0.02189762,-0.22420795,-0.32617095,0.06827986,-0.5192045,-0.16218512,0.038882166,-0.3257592",""
"./server.tsx","server","embeddingsNode2Vec","0.024612322,0.108677454,0.31810844,0.24703471,-0.2134773,-0.11186683,0.11818754,0.32682648,0.24005097,-0.025166102,0.03253334,0.014445913,0.21143107,0.078173354,-0.057844717,0.17444105,0.5079723,0.17262264,-0.14825647,0.094032384,-0.012560663,-0.24398541,0.12388369,-0.26637504,0.018682284,-0.20248204,-0.32504448,0.064390555,-0.5203089,-0.16608237,0.051545985,-0.33408195",""
"./index.tsx","react-router-native","embeddingsNode2Vec","0.022085108,0.117681585,0.32716426,0.24731348,-0.22849013,-0.1091212,0.1136472,0.32372355,0.23386058,-0.03176765,0.051470637,0.0038926103,0.21745461,0.07960419,-0.06142045,0.18624653,0.50246924,0.18097249,-0.12927696,0.095186375,-0.002173637,-0.25047252,0.11858629,-0.25933632,0.017652215,-0.21602438,-0.3169751,0.08287342,-0.5180396,-0.17357558,0.034739323,-0.3374259",""
"./index.ts","router","embeddingsNode2Vec","0.025642458,0.10833359,0.32838574,0.25449014,-0.22677946,-0.122606404,0.1215291,0.32365587,0.24138175,-0.035131622,0.048158444,0.0038820242,0.21146515,0.07909748,-0.05902604,0.18619037,0.5035259,0.17168702,-0.1298604,0.09651173,-0.012526052,-0.26254943,0.12880178,-0.2714836,0.018689658,-0.21850897,-0.3222681,0.08819668,-0.5272577,-0.173032,0.038815714,-0.34814334",""
