"codeUnitName","shortCodeUnitName","propertyName","propertyValue","Source Cypher File: Dependencies_Projection/Dependencies_8_Stream_Mutated.cypher"
"./index.ts","react-router","embeddingsNode2Vec","-0.033035364,0.2972771,-0.1592245,-0.20125727,0.24749403,0.3566091,0.22155221,0.21783474,-0.16642116,0.1796339,0.2652617,-0.27280855,0.19929646,-0.05524949,-0.22576256,0.261464,0.06206528,-0.34920368,-0.19555993,0.06443713,0.14087197,0.50700414,-0.082618944,-0.14508015,0.18545114,-0.051989723,-0.1755437,-0.012706753,-0.0045024785,0.06272164,0.226152,-0.29762077",""
"./index.tsx","react-router-dom","embeddingsNode2Vec","-0.03753244,0.29521653,-0.16207646,-0.19927967,0.25220278,0.35096753,0.22621742,0.22306776,-0.15186243,0.18033175,0.26179057,-0.2702901,0.19291785,-0.05739424,-0.22458942,0.2681042,0.06658134,-0.35181645,-0.21026252,0.06680143,0.14406294,0.51585025,-0.082540035,-0.13613339,0.17170268,-0.04978347,-0.18214938,-0.018887272,-0.010222481,0.06789709,0.21659575,-0.29246768",""
"./server.tsx","server","embeddingsNode2Vec","-0.03392657,0.2987685,-0.1590577,-0.19396164,0.25352928,0.36643237,0.22784486,0.23294173,-0.15323494,0.18376815,0.27801257,-0.27597007,0.18696113,-0.069902495,-0.21784116,0.2674119,0.060230497,-0.34818533,-0.21480577,0.054087985,0.14225033,0.48823822,-0.078296944,-0.1439971,0.17811503,-0.050117474,-0.18640883,-0.016467175,-0.0023968008,0.06647171,0.2165894,-0.2865676",""
"./index.tsx","react-router-native","embeddingsNode2Vec","-0.03257986,0.30502948,-0.15792847,-0.1786336,0.24787633,0.3753568,0.21476106,0.23512708,-0.16439283,0.18289931,0.27793568,-0.28562215,0.191651,-0.075782955,-0.22323494,0.27568483,0.0539144,-0.35421622,-0.18897478,0.048409265,0.15190516,0.50905085,-0.0829148,-0.14919272,0.18848194,-0.042091377,-0.18437643,-0.02450121,0.0004948515,0.08389322,0.22820388,-0.2853999",""
"./index.ts","router","embeddingsNode2Vec","-0.0379654,0.31372866,-0.17282514,-0.21029982,0.2594195,0.36105043,0.23666644,0.2186527,-0.15174766,0.1760252,0.25162607,-0.26459977,0.20507006,-0.041187793,-0.23422436,0.26060927,0.07316895,-0.34762162,-0.20469885,0.07786434,0.14340255,0.49508098,-0.080719955,-0.12537487,0.1666285,-0.05556719,-0.17554523,-0.009397911,-0.018685142,0.05942373,0.21326339,-0.28979087",""
