"codeUnitName","shortCodeUnitName","propertyName","propertyValue","Source Cypher File: Dependencies_Projection/Dependencies_8_Stream_Mutated.cypher"
"./index.ts","react-router","embeddingsNode2Vec","0.061351348,-0.46205583,0.36350286,0.12752722,-0.4906992,-0.20492192,-0.19765201,-0.26226214,-0.20947926,0.06019945,-0.080281444,0.16961858,-0.21990444,0.01002368,0.17884947,-0.33050102,-0.15029177,0.3307109,0.11853625,-0.11644602,-0.27866542,-0.35610446,0.119100906,-0.16828042,0.13426964,0.0015384649,0.12909523,0.061659157,0.20306844,-0.23030864,0.041230917,-0.0137293255",""
"./index.tsx","react-router-dom","embeddingsNode2Vec","0.06287687,-0.48557857,0.36090195,0.12809911,-0.4721347,-0.19906539,-0.18961406,-0.24339086,-0.19891125,0.058841795,-0.07202006,0.16812839,-0.2288176,0.0018470286,0.17987974,-0.32252043,-0.15704972,0.3438736,0.106321946,-0.12335849,-0.2759374,-0.36059353,0.12324556,-0.1715419,0.12994553,0.0009059113,0.12183844,0.06352636,0.21346985,-0.22814485,0.03516874,-0.0058877356",""
"./server.tsx","server","embeddingsNode2Vec","0.06403969,-0.47790247,0.36388776,0.15495077,-0.47482988,-0.20397486,-0.20485018,-0.23417617,-0.17656064,0.056173846,-0.055637363,0.16464074,-0.24221608,-0.024376253,0.19981389,-0.31655562,-0.16248177,0.32613993,0.09354457,-0.13969545,-0.27133086,-0.36580947,0.120937645,-0.17242339,0.12482469,0.008183347,0.10590652,0.05121348,0.20635346,-0.20815678,0.020416498,0.014847042",""
"./index.tsx","react-router-native","embeddingsNode2Vec","0.06689454,-0.48118004,0.36480185,0.16193233,-0.48675248,-0.21024242,-0.21899053,-0.2433873,-0.19033869,0.050270427,-0.06400045,0.1621328,-0.23417112,-0.024602875,0.19939162,-0.31856087,-0.1711535,0.33202532,0.12307034,-0.1443428,-0.27501088,-0.361808,0.121364646,-0.18040764,0.13800727,0.013606263,0.11749021,0.04894776,0.21493016,-0.20589314,0.035380315,0.008791182",""
"./index.ts","router","embeddingsNode2Vec","0.06334878,-0.48294875,0.36504385,0.14443724,-0.4880777,-0.21294473,-0.2040925,-0.25321037,-0.18470252,0.050164044,-0.07948069,0.17780377,-0.23405176,-0.00072883593,0.19056353,-0.32797515,-0.15572974,0.340683,0.115814455,-0.12564288,-0.28070313,-0.37645388,0.12283602,-0.16417053,0.121223494,0.0058197817,0.12467788,0.058132622,0.20098701,-0.22168824,0.024656318,0.008026679",""
