"codeUnitName","shortCodeUnitName","propertyName","propertyValue","Source Cypher File: Dependencies_Projection/Dependencies_8_Stream_Mutated.cypher"
"./index.ts","react-router","embeddingsNode2Vec","-0.0037365905,0.19136497,0.3810138,0.23591965,-0.28553936,-0.0014011126,0.07305181,0.3179543,0.16300847,-0.055302486,0.18350971,-0.06327783,0.288414,0.059573047,-0.059414778,0.26234272,0.41730464,0.28377524,-0.02721607,0.12161674,0.12406805,-0.23933169,0.047507543,-0.19493508,0.03209236,-0.32889503,-0.26475582,0.14615713,-0.44607198,-0.17313495,-0.07839801,-0.28234148",""
"./index.tsx","react-router-dom","embeddingsNode2Vec","-0.008568682,0.18678942,0.38258716,0.25653106,-0.30388093,0.012367906,0.06644641,0.3357809,0.16854963,-0.060754124,0.19875099,-0.07583692,0.29718852,0.061278537,-0.04053782,0.2677852,0.3971298,0.28816155,-0.028404344,0.13618651,0.13638909,-0.246854,0.03997154,-0.1766615,0.024134714,-0.33099556,-0.2496953,0.14902546,-0.4308863,-0.16036463,-0.088223144,-0.2804252",""
"./server.tsx","server","embeddingsNode2Vec","-0.002305787,0.17722876,0.37070817,0.24200447,-0.28215012,-0.012136765,0.07336554,0.3226744,0.17019978,-0.05343075,0.16946994,-0.058932398,0.2757624,0.0633237,-0.054058854,0.24658173,0.41437194,0.26245287,-0.040059883,0.11908167,0.107266456,-0.24101114,0.053680565,-0.1942404,0.025389878,-0.3087104,-0.25940663,0.1387005,-0.44345254,-0.17055313,-0.06639998,-0.28847638",""
"./index.tsx","react-router-native","embeddingsNode2Vec","-0.00612658,0.18780886,0.37102827,0.23158225,-0.29916176,-0.008201463,0.064283505,0.3115824,0.15896942,-0.059871428,0.1902147,-0.069639415,0.28034413,0.06607087,-0.061364166,0.2577867,0.4061424,0.27127492,-0.0154972365,0.11569783,0.11886355,-0.24512045,0.04610836,-0.18294905,0.0228214,-0.31934014,-0.24778916,0.16002333,-0.43882796,-0.1827837,-0.08623635,-0.29169023",""
"./index.ts","router","embeddingsNode2Vec","-0.005860551,0.17858939,0.38351458,0.25548315,-0.2934917,-0.0039800056,0.06803092,0.31781974,0.16667216,-0.06479511,0.19461699,-0.07827008,0.28846228,0.062531926,-0.042625852,0.26902813,0.3970995,0.2739824,-0.020186534,0.13325638,0.1243657,-0.254958,0.04668041,-0.17935766,0.022184175,-0.3290694,-0.24307695,0.16046982,-0.43189505,-0.16166039,-0.09035018,-0.28823626",""
