"codeUnitName","shortCodeUnitName","propertyName","propertyValue","Source Cypher File: Dependencies_Projection/Dependencies_8_Stream_Mutated.cypher"
"./index.ts","react-router","embeddingsNode2Vec","-0.04525883,-0.19483727,0.052739307,0.19619544,-0.12326721,-0.2934587,-0.11992088,-0.15942544,0.29134223,-0.19189914,-0.28935614,0.28992492,-0.2600896,0.08477448,0.18744989,-0.20585383,-0.020167584,0.36291757,0.10834407,-0.022982627,-0.084953286,-0.4788159,0.08650142,0.27355883,-0.3509478,0.09099099,0.15336356,-0.084473655,-0.07125454,0.021540321,-0.35942832,0.36468053",""
"./index.tsx","react-router-dom","embeddingsNode2Vec","-0.04697243,-0.1789453,0.04230192,0.17731908,-0.10061009,-0.29480627,-0.10696311,-0.15956062,0.27638605,-0.19137663,-0.28347182,0.27302176,-0.23944157,0.094511054,0.17002915,-0.19966802,-0.006487503,0.3337792,0.0876679,-0.0056325207,-0.08122202,-0.48564556,0.08005048,0.271748,-0.36103445,0.08321715,0.15530464,-0.07358442,-0.0858682,0.012020231,-0.39488873,0.38223517",""
"./server.tsx","server","embeddingsNode2Vec","-0.043192927,-0.19426358,0.05716059,0.19121897,-0.11583128,-0.29081997,-0.1139515,-0.14628129,0.26982847,-0.18439226,-0.26403162,0.26827356,-0.2559928,0.06761725,0.18435858,-0.19262505,-0.022171298,0.33442298,0.08167276,-0.029646922,-0.08434746,-0.47534528,0.08398914,0.25051323,-0.33921608,0.08841302,0.13857105,-0.083264686,-0.06182837,0.019967308,-0.376764,0.34982648",""
"./index.tsx","react-router-native","embeddingsNode2Vec","-0.04247763,-0.18391047,0.04979266,0.19912042,-0.1142492,-0.2953492,-0.123652644,-0.14628007,0.27002758,-0.19329314,-0.2746159,0.26675472,-0.2508575,0.06450201,0.18660453,-0.1917746,-0.025531737,0.32950935,0.10523244,-0.033240583,-0.07453235,-0.46947166,0.08188649,0.2559562,-0.34142932,0.096329525,0.14308259,-0.0875749,-0.06288501,0.03350578,-0.34904608,0.3505135",""
"./index.ts","router","embeddingsNode2Vec","-0.053298403,-0.19101824,0.04303305,0.18066896,-0.11673388,-0.3005961,-0.10499386,-0.15980496,0.2754616,-0.19020995,-0.28886724,0.28075606,-0.24605912,0.09320412,0.17602246,-0.19734213,-0.012250616,0.35534117,0.097841546,-0.009463991,-0.07867393,-0.47718024,0.08619057,0.28290176,-0.3699956,0.08964811,0.15137647,-0.08084632,-0.07576171,0.018569965,-0.3480713,0.33991408",""
