"codeUnitName","shortCodeUnitName","propertyName","propertyValue","Source Cypher File: Dependencies_Projection/Dependencies_8_Stream_Mutated.cypher"
"./index.ts","react-router","embeddingsNode2Vec","-0.057353582,-0.18162899,0.30804414,0.49731207,-0.05476164,0.13722536,-0.0333744,0.22579029,0.21548206,-0.13196988,0.17150435,-0.2659634,0.20345505,0.04580744,0.40894216,0.36613744,-0.054297637,0.16388321,-0.06024724,0.40714383,0.22992374,-0.33261725,-0.04081791,0.18767443,-0.14279695,-0.23425363,0.08124616,0.123839036,-0.021572102,0.34803614,-0.17419246,-0.03844375",""
"./index.tsx","react-router-dom","embeddingsNode2Vec","-0.060978852,-0.16472039,0.29167044,0.4810432,-0.050357625,0.1487558,-0.043945123,0.22751343,0.20632268,-0.12239476,0.16547939,-0.2604526,0.2092508,0.050602477,0.4014762,0.36251432,-0.041225042,0.17963552,-0.071677744,0.41946313,0.22757071,-0.3352889,-0.046897795,0.19398884,-0.14794475,-0.22264029,0.06969778,0.10725715,-0.032206964,0.33366302,-0.16774836,-0.03543926",""
"./server.tsx","server","embeddingsNode2Vec","-0.05482336,-0.17601041,0.29615363,0.48383325,-0.052411284,0.12272603,-0.03220977,0.22538161,0.21957189,-0.123456374,0.15261236,-0.251995,0.19627336,0.05278977,0.3968666,0.3587468,-0.027123252,0.15942405,-0.074317515,0.39285234,0.2106069,-0.330951,-0.03165972,0.17502028,-0.14603832,-0.21944906,0.06471703,0.11468854,-0.045545608,0.33272952,-0.15861882,-0.05192264",""
"./index.tsx","react-router-native","embeddingsNode2Vec","-0.056618378,-0.15702476,0.30567935,0.47334436,-0.071274556,0.12792003,-0.035275016,0.22305818,0.20720915,-0.12678824,0.17399438,-0.25807512,0.20605986,0.052179564,0.38266483,0.3645413,-0.027547285,0.17124052,-0.053246368,0.38450435,0.22129041,-0.3311409,-0.03779487,0.17475289,-0.14066224,-0.23619561,0.066726536,0.13091534,-0.046968505,0.31357956,-0.17341161,-0.05542858",""
"./index.ts","router","embeddingsNode2Vec","-0.05949624,-0.16937016,0.29047403,0.46878016,-0.0598231,0.12925209,-0.0437338,0.2132518,0.20984082,-0.12507944,0.16271792,-0.25906292,0.19746336,0.057217985,0.3935512,0.3616574,-0.034376305,0.16282468,-0.060160372,0.38589472,0.21847805,-0.33104417,-0.039166115,0.18938345,-0.152185,-0.21969227,0.07451071,0.12565751,-0.040415775,0.32404837,-0.16999583,-0.050497368",""
