"codeUnitName","shortCodeUnitName","propertyName","propertyValue","Source Cypher File: Dependencies_Projection/Dependencies_8_Stream_Mutated.cypher"
"./index.ts","react-router","embeddingsNode2Vec","-0.0052218353,-0.10375229,0.30268544,0.37128183,-0.22653803,-0.23135476,0.03140238,0.1387701,0.29789856,-0.15252623,0.097976595,-0.17835538,0.09747508,0.16017471,0.14680089,0.3307774,0.3074334,0.029111428,-0.000466828,0.20820774,-0.030965388,-0.46601143,0.1303746,-0.024457503,-0.16114502,-0.13466468,-0.06493942,0.3007056,-0.37663156,-0.002667203,-0.09666243,-0.3802984",""
"./index.tsx","react-router-dom","embeddingsNode2Vec","-0.007755593,-0.10968545,0.31486648,0.39223507,-0.22374244,-0.2158077,0.031106807,0.15480798,0.30541605,-0.15369992,0.10189974,-0.18393822,0.10852529,0.1565973,0.16326079,0.33666652,0.29997933,0.04027319,-0.010820318,0.22223435,-0.017672414,-0.46557868,0.12662517,-0.018445522,-0.16065316,-0.14328344,-0.06546649,0.28957292,-0.36943346,0.0151288835,-0.09815632,-0.37040457",""
"./server.tsx","server","embeddingsNode2Vec","-0.00713095,-0.110108286,0.30091074,0.37844002,-0.21609206,-0.22188576,0.02933548,0.14900622,0.30465913,-0.14671163,0.085836224,-0.17324506,0.10121864,0.16103463,0.15671924,0.32828823,0.31410936,0.032700505,-0.020607414,0.21440035,-0.028571779,-0.46250352,0.12883173,-0.022157859,-0.16420114,-0.12791571,-0.07340809,0.28252512,-0.38158163,0.008011613,-0.086350024,-0.37500286",""
"./index.tsx","react-router-native","embeddingsNode2Vec","-0.007835941,-0.09592472,0.3093648,0.3734245,-0.23005223,-0.21770792,0.028465236,0.14739206,0.2946659,-0.15084472,0.104863934,-0.17904942,0.10797011,0.15807423,0.14689127,0.33441845,0.30755758,0.042349957,-0.0015324277,0.21105124,-0.018704627,-0.46157148,0.12369756,-0.022250287,-0.1584761,-0.14403589,-0.06849209,0.2963729,-0.37676197,-0.0030380292,-0.10051845,-0.3747917",""
"./index.ts","router","embeddingsNode2Vec","-0.009304161,-0.115245335,0.30344534,0.38421202,-0.21932109,-0.2207219,0.024619464,0.14183483,0.30261722,-0.15380616,0.09731014,-0.18585713,0.10053492,0.16173409,0.16629279,0.33852357,0.29736337,0.032177683,-0.0076199104,0.2213927,-0.021859357,-0.46979892,0.1247372,-0.008731612,-0.1696225,-0.13321932,-0.057908777,0.2958338,-0.3682659,0.016660947,-0.09950154,-0.3718376",""
