"codeUnitName","shortCodeUnitName","propertyName","propertyValue","Source Cypher File: Dependencies_Projection/Dependencies_8_Stream_Mutated.cypher"
"./index.ts","react-router","embeddingsNode2Vec","-0.020754194,0.2788051,0.39625394,0.19731383,-0.29280087,0.1559078,0.05163489,0.3503091,0.05975879,-0.038501736,0.26886886,-0.07540048,0.35211074,-0.0016410612,-0.06604176,0.24219978,0.28622314,0.37559745,0.03130767,0.123094186,0.24255027,-0.14222476,-0.036608126,-0.15118165,0.092569396,-0.42078593,-0.22530515,0.11001101,-0.3215622,-0.16417155,-0.13991006,-0.16456391",""
"./index.tsx","react-router-dom","embeddingsNode2Vec","-0.023712125,0.2724151,0.39280644,0.20570198,-0.28445065,0.16708097,0.047046676,0.35302633,0.06358102,-0.03676377,0.2637453,-0.077598944,0.35265565,-9.6487696e-05,-0.05275361,0.24558297,0.28001675,0.37640437,0.02059228,0.13204613,0.24521211,-0.14196359,-0.039693344,-0.13991034,0.085590675,-0.41124347,-0.22164795,0.10024443,-0.31366354,-0.14779706,-0.13699493,-0.1565095",""
"./server.tsx","server","embeddingsNode2Vec","-0.017983958,0.25138083,0.39196172,0.21351305,-0.278656,0.14075692,0.05634932,0.35136735,0.0768822,-0.04001834,0.2526211,-0.07523961,0.34099108,0.002387938,-0.04917554,0.24218467,0.28842306,0.35741147,0.014205986,0.1310602,0.22566682,-0.153144,-0.025973797,-0.15019727,0.08310683,-0.40221083,-0.2233179,0.103392154,-0.3211731,-0.14455679,-0.12577093,-0.1679715",""
"./index.tsx","react-router-native","embeddingsNode2Vec","-0.021654086,0.26114565,0.3893809,0.20464267,-0.2901475,0.14414455,0.047168206,0.33770436,0.067018166,-0.044782795,0.26642376,-0.08354562,0.3404078,0.005670885,-0.054993,0.24930085,0.27938125,0.36078572,0.03422489,0.12783146,0.23295793,-0.15547523,-0.032541774,-0.13794237,0.0787344,-0.4055257,-0.21102254,0.12029996,-0.3143654,-0.15318343,-0.1420915,-0.16916847",""
"./index.ts","router","embeddingsNode2Vec","-0.01994536,0.25157073,0.39812404,0.22084738,-0.287352,0.14397395,0.053490214,0.34556845,0.07487646,-0.048600808,0.2702181,-0.08892715,0.34914544,0.0019418758,-0.043131758,0.25514987,0.27770436,0.36546555,0.030549325,0.1391835,0.23693685,-0.1624906,-0.030691227,-0.14173289,0.07984713,-0.4155759,-0.20997976,0.11992513,-0.310298,-0.13943185,-0.14238182,-0.16588648",""
