"artifactName","dependencyTypeIsInterface","artifactDependencies","artifactDependencyPackages","dependentPackagesRate","minPackageSpread","maxPackageSpread","avgPackageSpread","stdPackageSpread","per5PackageSpread","minPackageCount","maxPackageCount","avgPackageCount","stdPackageCount","per5PackageCount","minTypeSpread","maxTypeSpread","avgTypeSpread","stdTypeSpread","per5TypeSpread","Source Cypher File: Artifact_Dependencies/Usage_and_spread_of_internal_artifact_dependents.cypher"
"axon-eventsourcing-4.8.2",true,1,17,100,100,100,100,0,100,9,9,9,0,9,56.15384615384616,56.15384615384616,56.15384615384616,0,56.15384615384616,""
"axon-eventsourcing-4.8.2",false,2,14,72.22222222222221,44.44444444444444,100,72.22222222222223,39.283710065919315,44.44444444444444,4,9,6.5,3.5355339059327378,4,9.230769230769232,33.07692307692308,21.153846153846157,16.86177708983306,9.230769230769232,""
"axon-modelling-4.8.2",false,1,14,90,90,90,90,0,90,9,9,9,0,9,51.33333333333333,51.33333333333333,51.33333333333333,0,51.33333333333333,""
"axon-modelling-4.8.2",true,1,15,90,90,90,90,0,90,9,9,9,0,9,55.33333333333333,55.33333333333333,55.33333333333333,0,55.33333333333333,""
"axon-test-4.8.2",true,2,13,56.25,25,87.5,56.25,44.19417382415922,25,2,7,4.5,3.5355339059327378,2,13.793103448275861,40.229885057471265,27.01149425287356,18.69362754860988,13.793103448275861,""
"axon-test-4.8.2",false,2,13,68.75,37.5,100,68.75,44.19417382415922,37.5,3,8,5.5,3.5355339059327378,3,12.643678160919539,33.33333333333333,22.988505747126432,14.629795472825117,12.643678160919539,""
