"codeUnitName","shortCodeUnitName","propertyName","propertyValue","Source Cypher File: Dependencies_Projection/Dependencies_8_Stream_Mutated.cypher"
"/axon-modelling-4.7.6.jar","axon-modelling-4.7.6","embeddingsNode2Vec","0.015676247,0.010231464,0.021939844,0.024887951,-0.02209575,-0.022153763,-0.018809738,-0.029041603,0.01665918,0.028914388,-0.015815558,-0.026232965,0.0019536945,-0.0075644697,0.011181041,0.022827322",""
"/axon-disruptor-4.7.6.jar","axon-disruptor-4.7.6","embeddingsNode2Vec","0.0299367,-0.0026111405,0.0021013096,-0.029811304,0.023824884,0.021342479,0.01185404,0.0013049621,0.016334439,-0.027535252,-0.012649616,0.013616324,-0.030823046,-0.029866414,-0.022399178,0.017728912",""
"/axon-eventsourcing-4.7.6.jar","axon-eventsourcing-4.7.6","embeddingsNode2Vec","-0.020990511,-0.030627836,0.014303173,-0.02811378,0.00973999,0.028730566,0.024866804,-0.00083946105,-0.020016972,0.010793891,0.010507126,0.020530092,-0.017715221,-0.021643559,0.0030445107,0.011270105",""
"/axon-configuration-4.7.6.jar","axon-configuration-4.7.6","embeddingsNode2Vec","0.00022369,-0.0168542,-0.024872703,0.0051989728,0.005560992,0.025958547,0.023255233,0.020780265,0.012696045,0.027810529,0.026317324,0.027432792,0.0032840036,0.006623093,-0.02930757,-0.0008841052",""
"/axon-test-4.7.6.jar","axon-test-4.7.6","embeddingsNode2Vec","0.006259456,-0.025901921,0.003220774,0.023585755,-0.021055525,-0.025025425,-0.018615218,-0.015745372,0.0067594135,0.026274767,0.0008404232,0.01441255,0.008754534,-0.022702012,0.011796885,-0.00060612895",""
"/axon-messaging-4.7.6.jar","axon-messaging-4.7.6","embeddingsNode2Vec","0.0030714902,-0.011539108,0.015600339,-0.026624145,-0.018682497,-0.01327966,0.011149189,-0.009776223,-0.026035257,0.013483569,0.006100961,-0.001504296,-0.025132421,-0.005684117,0.014482602,0.023700034",""
