"codeUnitName","shortCodeUnitName","propertyName","propertyValue","Source Cypher File: Dependencies_Projection/Dependencies_8_Stream_Mutated.cypher"
"/axon-modelling-4.7.6.jar","axon-modelling-4.7.6","embeddingsFastRandomProjection","0.09301557,-0.23243615,-0.055914566,0.5040733,0.024492387,0.4724592,-0.1944766,0.24800332,-1.1009703,0.5418409,0.57894194,0.9680871,-0.09301557,-0.5040733,0.0,-0.09301557",""
"/axon-disruptor-4.7.6.jar","axon-disruptor-4.7.6","embeddingsFastRandomProjection","0.09684722,-0.23957297,-0.08857743,0.5036626,0.039381232,0.45881864,-0.2023352,0.25367635,-1.1085246,0.5452526,0.5535224,0.9538405,-0.09684722,-0.5036626,0.0,-0.09684722",""
"/axon-eventsourcing-4.7.6.jar","axon-eventsourcing-4.7.6","embeddingsFastRandomProjection","0.09252724,-0.23097079,-0.07119425,0.484912,0.026921753,0.45944172,-0.19609624,0.24056105,-1.0811535,0.53858876,0.55992174,0.9333121,-0.09252724,-0.484912,0.0,-0.09252724",""
"/axon-configuration-4.7.6.jar","axon-configuration-4.7.6","embeddingsFastRandomProjection","0.09524218,-0.23616031,-0.08492791,0.48701942,0.037258495,0.45499873,-0.19950427,0.23994237,-1.0849297,0.53932416,0.54963845,0.93299824,-0.09524218,-0.48701942,0.0,-0.09524218",""
"/axon-test-4.7.6.jar","axon-test-4.7.6","embeddingsFastRandomProjection","0.0951651,-0.23602162,-0.090385206,0.4878757,0.037754893,0.45325023,-0.20138949,0.24395141,-1.0889213,0.5405127,0.54529256,0.93006665,-0.0951651,-0.4878757,0.0,-0.0951651",""
"/axon-messaging-4.7.6.jar","axon-messaging-4.7.6","embeddingsFastRandomProjection","0.0789697,-0.19365549,-0.056376647,0.54383224,0.024979023,0.38579345,-0.16374215,0.33251798,-1.039993,0.44710442,0.46969748,0.923823,-0.0789697,-0.54383224,0.0,-0.0789697",""
