"codeUnitName","shortCodeUnitName","propertyName","propertyValue","Source Cypher File: Dependencies_Projection/Dependencies_8_Stream_Mutated.cypher"
"/axon-modelling-4.7.6.jar","axon-modelling-4.7.6","embeddingsHashGNN","0.8660253882408142,0.0,-0.8660253882408142,0.4330126941204071,-0.8660253882408142,-0.8660253882408142,-0.4330126941204071,-0.4330126941204071,0.4330126941204071,-0.4330126941204071,0.0,-0.4330126941204071,0.4330126941204071,-0.8660253882408142,-0.4330126941204071,0.8660253882408142",""
"/axon-disruptor-4.7.6.jar","axon-disruptor-4.7.6","embeddingsHashGNN","0.8660253882408142,0.0,-0.8660253882408142,0.4330126941204071,-0.8660253882408142,-0.8660253882408142,-0.4330126941204071,-0.4330126941204071,0.4330126941204071,-0.4330126941204071,0.0,-0.4330126941204071,0.4330126941204071,-0.8660253882408142,-0.4330126941204071,0.8660253882408142",""
"/axon-eventsourcing-4.7.6.jar","axon-eventsourcing-4.7.6","embeddingsHashGNN","0.8660253882408142,0.0,-0.8660253882408142,0.4330126941204071,-0.8660253882408142,-0.8660253882408142,-0.4330126941204071,-0.4330126941204071,0.4330126941204071,-0.4330126941204071,0.0,-0.4330126941204071,0.4330126941204071,-0.8660253882408142,-0.4330126941204071,0.8660253882408142",""
"/axon-configuration-4.7.6.jar","axon-configuration-4.7.6","embeddingsHashGNN","0.8660253882408142,0.0,-0.8660253882408142,0.4330126941204071,-0.8660253882408142,-0.8660253882408142,-0.4330126941204071,-0.4330126941204071,0.4330126941204071,-0.4330126941204071,0.0,-0.4330126941204071,0.4330126941204071,-0.8660253882408142,-0.4330126941204071,0.8660253882408142",""
"/axon-test-4.7.6.jar","axon-test-4.7.6","embeddingsHashGNN","0.8660253882408142,0.0,-0.8660253882408142,0.4330126941204071,-0.8660253882408142,-0.8660253882408142,-0.4330126941204071,-0.4330126941204071,0.4330126941204071,-0.4330126941204071,0.0,-0.4330126941204071,0.4330126941204071,-0.8660253882408142,-0.4330126941204071,0.8660253882408142",""
"/axon-messaging-4.7.6.jar","axon-messaging-4.7.6","embeddingsHashGNN","0.8660253882408142,0.0,-0.8660253882408142,0.4330126941204071,-0.8660253882408142,-0.8660253882408142,-0.4330126941204071,-0.4330126941204071,0.4330126941204071,-0.4330126941204071,0.0,-0.4330126941204071,0.4330126941204071,-0.8660253882408142,-0.4330126941204071,0.8660253882408142",""
