"codeUnitName","shortCodeUnitName","propertyName","propertyValue","Source Cypher File: Dependencies_Projection/Dependencies_8_Stream_Mutated.cypher"
"/axon-messaging-4.9.2.jar","axon-messaging-4.9.2","embeddingsFastRandomProjection","0.37408745,0.10329713,-0.4081949,0.055304382,0.21431173,0.26230446,0.079678,-0.10252875,0.86043745,0.055304382,-0.48634997,0.38305283,0.21431173,0.75714034,0.34198242,-0.60827255",""
"/axon-disruptor-4.9.2.jar","axon-disruptor-4.9.2","embeddingsFastRandomProjection","0.3205446,0.11246666,-0.36356407,0.05987368,0.27377146,0.32636446,0.10123347,-0.27959132,0.9223403,0.05987368,-0.6017956,0.48932898,0.27377146,0.8098736,0.42759788,-0.6391929",""
"/axon-test-4.9.2.jar","axon-test-4.9.2","embeddingsFastRandomProjection","0.30009592,0.106857926,-0.34295732,0.053043973,0.2625254,0.31633937,0.09678468,-0.2787688,0.8780814,0.053043973,-0.5779854,0.4711275,0.2625254,0.7712235,0.413124,-0.6104422",""
"/axon-modelling-4.9.2.jar","axon-modelling-4.9.2","embeddingsFastRandomProjection","0.33375221,0.14333124,-0.37429845,0.076428324,0.2702825,0.3371854,0.099224746,-0.27371576,0.95897,0.076428324,-0.6252178,0.4818865,0.2702825,0.8156387,0.4364102,-0.613629",""
"/axon-eventsourcing-4.9.2.jar","axon-eventsourcing-4.9.2","embeddingsFastRandomProjection","0.3066266,0.123648986,-0.34814718,0.059717257,0.259868,0.3237997,0.09536165,-0.2770412,0.8961705,0.059717257,-0.5895438,0.46589488,0.259868,0.7725215,0.41916132,-0.59503126",""
"/axon-configuration-4.9.2.jar","axon-configuration-4.9.2","embeddingsFastRandomProjection","0.30448458,0.11078563,-0.34632522,0.058083236,0.26533952,0.3180419,0.09795783,-0.27889684,0.88983214,0.058083236,-0.5853474,0.47456178,0.26533952,0.7790464,0.4159997,-0.6121435",""
