"codeUnitName","shortCodeUnitName","propertyName","propertyValue","Source Cypher File: Dependencies_Projection/Dependencies_8_Stream_Mutated.cypher"
"/axon-disruptor-4.9.2.jar","axon-disruptor-4.9.2","embeddingsNode2Vec","-0.023283372,0.024578726,0.021157019,0.014432088,0.025153382,-0.021823745,0.022914682,0.019162858,-0.027769336,0.010267762,0.027223486,-0.0055549103,-0.027306305,-0.017726941,-0.00092134427,0.010965164",""
"/axon-eventsourcing-4.9.2.jar","axon-eventsourcing-4.9.2","embeddingsNode2Vec","-0.011374651,-0.014229454,0.019743552,0.020079467,-0.0022213499,0.024693897,-0.008506148,-0.0018210261,-0.006667232,0.0017232951,0.029553864,-0.005969481,-0.004656164,-0.009174686,0.014919838,-0.018177498",""
"/axon-messaging-4.9.2.jar","axon-messaging-4.9.2","embeddingsNode2Vec","-0.0124774,-0.012708098,-0.0065871975,0.0014068182,-0.027678825,-0.02966807,-0.012412772,0.0026168772,-0.030366056,-0.019373259,-0.00648779,0.027362453,0.0011651266,-0.029874556,-0.021172466,0.026632398",""
"/axon-test-4.9.2.jar","axon-test-4.9.2","embeddingsNode2Vec","-0.0012927148,0.003387595,-0.025035694,0.018151991,-0.025824215,-0.029977815,0.010490632,0.028359443,-0.009602413,0.00930479,-0.00421665,-0.0054189917,0.0029591026,0.015124524,0.0041950024,-0.028889893",""
"/axon-configuration-4.9.2.jar","axon-configuration-4.9.2","embeddingsNode2Vec","0.0024195358,0.016897652,-0.01735285,0.014427272,-0.012602691,-0.0026495266,-0.026130809,0.012765075,-0.0014675215,0.024686497,0.015397137,0.027040102,0.020553606,0.019979397,-0.0028665457,0.003284748",""
"/axon-modelling-4.9.2.jar","axon-modelling-4.9.2","embeddingsNode2Vec","0.005678279,0.013726215,0.0024606937,-0.029004753,-0.00018988668,-0.006271136,-0.009016901,0.01947898,-0.024019876,0.018972576,0.028751517,-0.02123255,-0.027859021,-0.02873542,-0.0032147102,-0.008917407",""
