"codeUnitName","shortCodeUnitName","propertyName","propertyValue","Source Cypher File: Dependencies_Projection/Dependencies_8_Stream_Mutated.cypher"
"/axon-disruptor-4.9.2.jar","axon-disruptor-4.9.2","embeddingsFastRandomProjection","0.29675168,-0.052842066,-0.04281959,1.1007807,-0.29675168,-0.64085174,0.25587806,0.1966114,-0.54815114,-0.1966114,0.0074396813,-0.1966114,0.80208325,0.35153967,-0.1966114,0.6074177",""
"/axon-eventsourcing-4.9.2.jar","axon-eventsourcing-4.9.2","embeddingsFastRandomProjection","0.29405248,-0.0484225,-0.06332074,1.0672066,-0.29405248,-0.622347,0.23742485,0.1865611,-0.53572917,-0.1865611,0.020873632,-0.1865611,0.76646096,0.34916812,-0.1865611,0.58659303",""
"/axon-messaging-4.9.2.jar","axon-messaging-4.9.2","embeddingsFastRandomProjection","0.24164067,-0.041707654,0.08004084,1.0230209,-0.24164067,-0.5228447,0.33223045,0.15525252,-0.4491498,-0.15525252,0.012693252,-0.15525252,0.7708313,0.29389724,-0.15525252,0.62612766",""
"/axon-test-4.9.2.jar","axon-test-4.9.2","embeddingsFastRandomProjection","0.29113942,-0.049264513,-0.051666006,1.0620476,-0.29113942,-0.62180924,0.23868445,0.19260879,-0.5322237,-0.19260879,0.0089451885,-0.19260879,0.7716971,0.33961502,-0.19260879,0.5782994",""
"/axon-configuration-4.9.2.jar","axon-configuration-4.9.2","embeddingsFastRandomProjection","0.29138678,-0.051261634,-0.052418977,1.0697258,-0.29138678,-0.62738705,0.24124591,0.19216661,-0.5370931,-0.19216661,0.008926191,-0.19216661,0.77606094,0.34492648,-0.19216661,0.58617234",""
"/axon-modelling-4.9.2.jar","axon-modelling-4.9.2","embeddingsFastRandomProjection","0.29983395,-0.051964536,-0.06342065,1.1124197,-0.29983395,-0.64579326,0.25499892,0.18720284,-0.5575869,-0.18720284,0.024424776,-0.18720284,0.7940002,0.3703841,-0.18720284,0.62538296",""
