"codeUnitName","shortCodeUnitName","propertyName","propertyValue","Source Cypher File: Dependencies_Projection/Dependencies_8_Stream_Mutated.cypher"
"/axon-disruptor-4.9.2.jar","axon-disruptor-4.9.2","embeddingsNode2Vec","0.022614023,-0.0047280695,0.009221477,0.005500752,0.009373333,0.0055760588,0.0074892705,0.014441189,-0.02715807,0.015835924,-0.01329748,0.016074056,0.015381988,0.005246278,0.012837584,0.020828629",""
"/axon-eventsourcing-4.9.2.jar","axon-eventsourcing-4.9.2","embeddingsNode2Vec","-0.028335584,0.009641335,-0.023502305,0.015268286,0.025341095,-0.006311157,-0.022369059,0.0010527313,0.015993617,-0.009376692,-0.022085644,0.015143044,0.0028536583,0.009280507,-0.0069118943,0.028382078",""
"/axon-messaging-4.9.2.jar","axon-messaging-4.9.2","embeddingsNode2Vec","-0.006505511,-0.017202755,0.016527047,-0.017094227,-0.024035938,-0.01026233,-0.001275549,0.019383447,0.018621411,-0.026211672,0.02845955,0.019027127,0.010097131,0.027734393,-0.015201902,-0.025359198",""
"/axon-test-4.9.2.jar","axon-test-4.9.2","embeddingsNode2Vec","-0.014699104,0.027939163,-0.017207598,-0.008907498,-0.014980927,-0.010669733,0.020731522,-0.016184442,-0.024450112,0.0204376,-5.3887212e-05,-0.017570859,-0.0052204225,-0.018340318,-0.01377469,-0.028576726",""
"/axon-configuration-4.9.2.jar","axon-configuration-4.9.2","embeddingsNode2Vec","0.0061959657,0.02071471,-0.02469891,-0.0012221058,-0.01278458,0.008760171,0.017581863,-0.029792227,0.0005570652,0.022609167,0.013666356,0.018168762,-0.0214114,-0.018511597,-0.01825439,0.018318728",""
"/axon-modelling-4.9.2.jar","axon-modelling-4.9.2","embeddingsNode2Vec","0.020433798,0.011252227,0.021154664,-0.02235573,0.021864485,-0.002590623,0.007254799,-0.006396373,0.0033368722,-0.0025923266,0.025767274,0.02111105,-0.020101191,-0.011842162,0.010176088,-0.030598665",""
