"codeUnitName","shortCodeUnitName","propertyName","propertyValue","Source Cypher File: Dependencies_Projection/Dependencies_8_Stream_Mutated.cypher"
"/axon-configuration-4.9.2.jar","axon-configuration-4.9.2","embeddingsFastRandomProjection","0.54530215,0,0.6307657,0.5397358,0.1351185,-0.0008856803,-0.6333195,0.23976335,0.28802565,0,-0.7187829,0.68158185,0.088017344,0.9222308,-0.33972752,0.1935478",""
"/axon-modelling-4.9.2.jar","axon-modelling-4.9.2","embeddingsFastRandomProjection","0.5540452,0,0.645942,0.56093323,0.13378572,-0.012602587,-0.63980544,0.23467696,0.29163477,0,-0.73170227,0.69676334,0.08576027,0.9440428,-0.3550587,0.199254",""
"/axon-messaging-4.9.2.jar","axon-messaging-4.9.2","embeddingsFastRandomProjection","0.5596966,0,0.633155,0.45166785,0.0015261173,-0.007866511,-0.6314988,0.1940308,0.23709682,0,-0.7049571,0.67456484,0.07180217,0.8764621,-0.28637314,0.27217335",""
"/axon-eventsourcing-4.9.2.jar","axon-eventsourcing-4.9.2","embeddingsFastRandomProjection","0.5385841,0,0.63171077,0.5470809,0.13685657,-0.0039567696,-0.6238252,0.23341778,0.28988945,0,-0.7169517,0.6802969,0.08524106,0.91767144,-0.34243244,0.185759",""
"/axon-test-4.9.2.jar","axon-test-4.9.2","embeddingsFastRandomProjection","0.5421621,0,0.629773,0.53680277,0.13465013,0.0013793046,-0.6296983,0.23877004,0.28818765,0,-0.7173091,0.6791159,0.087536134,0.9165066,-0.33615124,0.19027668",""
"/axon-disruptor-4.9.2.jar","axon-disruptor-4.9.2","embeddingsFastRandomProjection","0.55810416,0,0.64300704,0.5428365,0.12810808,-0.0006939089,-0.64723593,0.24241501,0.28982016,0,-0.73213875,0.6946411,0.08913175,0.93775,-0.34214813,0.20413256",""
