"codeUnitName","shortCodeUnitName","propertyName","propertyValue","Source Cypher File: Dependencies_Projection/Dependencies_8_Stream_Mutated.cypher"
"/axon-messaging-4.9.2.jar","axon-messaging-4.9.2","embeddingsFastRandomProjection","-0.70887166,0.29581183,-0.2641852,-0.7963551,-0.27844775,-0.52944005,-0.011632944,-0.31447327,0.51233864,0.6169234,0.37547436,0,0.2641852,0.480712,0.27463564,-0.06921212",""
"/axon-disruptor-4.9.2.jar","axon-disruptor-4.9.2","embeddingsFastRandomProjection","-0.77099085,0.26000723,-0.21080855,-0.8679695,-0.46009716,-0.5494127,-0.00911719,-0.386256,0.53553975,0.6463914,0.47244895,0,0.21080855,0.48634112,0.33551693,-0.08773332",""
"/axon-test-4.9.2.jar","axon-test-4.9.2","embeddingsFastRandomProjection","-0.7441755,0.24938506,-0.1963678,-0.83748895,-0.45535836,-0.52686375,-0.010270788,-0.3726869,0.5181535,0.62017715,0.46287024,0,0.1963678,0.46513632,0.32491565,-0.08493741",""
"/axon-modelling-4.9.2.jar","axon-modelling-4.9.2","embeddingsFastRandomProjection","-0.7708233,0.25198886,-0.21713212,-0.8885282,-0.46983618,-0.54574823,-0.021108018,-0.39956865,0.51828045,0.6634531,0.46899,0,0.21713212,0.48342377,0.34943193,-0.08470127",""
"/axon-eventsourcing-4.9.2.jar","axon-eventsourcing-4.9.2","embeddingsFastRandomProjection","-0.74319494,0.2459339,-0.19950867,-0.84793663,-0.46033004,-0.52315164,-0.018616738,-0.3786873,0.5084687,0.6278933,0.4608335,0,0.19950867,0.46204346,0.3315555,-0.08285278",""
"/axon-configuration-4.9.2.jar","axon-configuration-4.9.2","embeddingsFastRandomProjection","-0.7487327,0.24832733,-0.19985375,-0.84482944,-0.45819363,-0.531119,-0.010142138,-0.37853682,0.51769567,0.6272156,0.46327597,0,0.19985375,0.4692222,0.32919943,-0.08560299",""
