"codeUnitName","shortCodeUnitName","propertyName","propertyValue","Source Cypher File: Dependencies_Projection/Dependencies_8_Stream_Mutated.cypher"
"/axon-disruptor-4.9.2.jar","axon-disruptor-4.9.2","embeddingsNode2Vec","-0.0077541815,0.0055848295,0.027154751,0.013543434,-0.030134559,0.0044060773,0.00869147,0.026896533,-0.017842524,-0.021919059,-0.0033105162,0.011663734,0.020448716,-0.008324432,-0.008143063,0.003402431",""
"/axon-eventsourcing-4.9.2.jar","axon-eventsourcing-4.9.2","embeddingsNode2Vec","0.0025724578,-0.00808433,0.02535589,-0.02687869,-0.009112093,0.004793275,-0.016541103,-0.02601276,0.02876096,0.027872128,0.016818732,0.009165385,0.027387965,-0.017632117,-0.0094864005,-0.0043119555",""
"/axon-messaging-4.9.2.jar","axon-messaging-4.9.2","embeddingsNode2Vec","0.018335916,0.0033732832,0.0020045128,0.0060636033,0.010136471,0.004074208,0.029429374,-0.011424509,0.009587257,-0.005363615,0.014461054,0.00470036,-0.027856389,-0.008847791,-0.024605274,0.028838519",""
"/axon-test-4.9.2.jar","axon-test-4.9.2","embeddingsNode2Vec","0.030207023,-0.018823205,-0.0019663586,0.019898994,-0.012765041,-0.02109582,-0.021705655,0.001570835,-0.018602587,0.019913506,0.0014108714,0.016372701,-0.012384958,-0.011902173,-0.0042454908,-0.020716997",""
"/axon-configuration-4.9.2.jar","axon-configuration-4.9.2","embeddingsNode2Vec","-0.004644963,0.018451756,0.004002564,0.025477454,-0.017444361,-0.0094494475,-0.027801355,0.002713539,-0.00092634466,-0.018937683,0.0070305774,-0.014827855,0.027643813,-0.013883419,0.016519526,0.030345125",""
"/axon-modelling-4.9.2.jar","axon-modelling-4.9.2","embeddingsNode2Vec","-0.011395701,-0.02524191,0.029564625,-0.0033699183,0.021417383,-0.027099159,0.0079931235,0.022385623,-0.0028953704,0.016677894,0.029473923,0.020453999,0.015331456,-0.017470766,0.024716336,-0.024350092",""
