"codeUnitName","shortCodeUnitName","propertyName","propertyValue","Source Cypher File: Dependencies_Projection/Dependencies_8_Stream_Mutated.cypher"
"/axon-messaging-4.9.2.jar","axon-messaging-4.9.2","embeddingsNode2Vec","-0.014681219,-0.012058128,-0.025454693,0.00095798465,-0.025528843,0.03136332,-0.015100883,0.018889094,0.020049365,0.010933476,-0.011520831,0.015223362,0.005498544,-0.015038501,-0.008248793,0.0024160594",""
"/axon-disruptor-4.9.2.jar","axon-disruptor-4.9.2","embeddingsNode2Vec","-0.019656988,0.01791764,0.01394263,-0.0022060266,-0.0022325742,-0.023263512,-0.009033752,-0.0111933295,-0.026354041,0.011149717,0.0013808181,0.009233336,-0.011272762,0.005976518,-0.0066335336,0.017686721",""
"/axon-test-4.9.2.jar","axon-test-4.9.2","embeddingsNode2Vec","-0.007877042,-0.02717047,0.019831706,0.0029689083,0.002570465,-0.009453867,-0.02133837,0.02816958,0.030015882,-0.0033848656,-0.00809703,0.010586294,-0.026655508,0.02169417,0.014971942,0.022239536",""
"/axon-modelling-4.9.2.jar","axon-modelling-4.9.2","embeddingsNode2Vec","0.0126709,-0.002410388,-0.027757097,-0.02051055,0.0018329773,-0.007541166,0.029760016,0.027779238,0.006071095,-0.017360568,-0.020772876,0.018481866,0.02854312,0.019099176,0.028748164,0.0050749714",""
"/axon-eventsourcing-4.9.2.jar","axon-eventsourcing-4.9.2","embeddingsNode2Vec","0.025099847,0.001033803,0.024057005,0.017438993,0.0049693566,-0.025110018,0.014218251,-0.0074759903,-0.008566726,0.014877295,0.002653343,-0.013368929,-0.011449587,0.006405264,-0.021041473,0.030607374",""
"/axon-configuration-4.9.2.jar","axon-configuration-4.9.2","embeddingsNode2Vec","-0.022873564,-0.013184205,0.021130256,0.024414983,-0.005807389,-0.008383179,-0.0014546213,-0.0033532854,0.026489764,-0.009574138,-0.0039168843,0.019826768,0.0007750839,-0.01110841,-0.02785519,0.027612936",""
