"codeUnitName","shortCodeUnitName","propertyName","propertyValue","Source Cypher File: Dependencies_Projection/Dependencies_8_Stream_Mutated.cypher"
"/axon-disruptor-4.9.2.jar","axon-disruptor-4.9.2","embeddingsNode2Vec","0.0042052343,-0.007493499,-0.0059994133,-0.012399535,-0.014863247,-0.017673757,0.017280038,-0.011903612,-0.018096007,-0.017779054,-0.00024094932,0.018238705,0.028215036,7.7798984e-05,-0.014009892,0.00011592686",""
"/axon-eventsourcing-4.9.2.jar","axon-eventsourcing-4.9.2","embeddingsNode2Vec","0.016067805,-0.025755659,-0.024742462,-0.01435917,-0.009787243,-0.014589343,0.02811316,-0.021465488,-0.013673496,-0.025149666,-0.028157214,0.025755774,0.014050637,0.012872276,-0.014755865,0.019737832",""
"/axon-messaging-4.9.2.jar","axon-messaging-4.9.2","embeddingsNode2Vec","0.029699182,0.009980154,0.0131739015,-0.026608475,-0.0045167874,0.00087260717,0.018137615,0.022746488,-0.0076136207,-0.00046169138,-0.012434397,0.018814612,0.005241542,0.0033586249,0.013994358,0.01173533",""
"/axon-test-4.9.2.jar","axon-test-4.9.2","embeddingsNode2Vec","0.026050322,-0.0031749865,-0.00045881735,0.012525432,-0.026748583,0.0051327003,0.0074438797,-0.013293259,-0.01440894,-0.025513459,-0.020572994,-0.0013664298,-0.01440456,0.005703191,-0.021399125,0.02009054",""
"/axon-configuration-4.9.2.jar","axon-configuration-4.9.2","embeddingsNode2Vec","0.024208527,0.022087641,-0.00933584,0.010163102,0.0020315854,0.0021857186,0.026291156,-0.0049085426,0.022994503,-0.018488074,0.014203353,0.023087846,0.020423632,-0.028221361,0.013634084,0.02730492",""
"/axon-modelling-4.9.2.jar","axon-modelling-4.9.2","embeddingsNode2Vec","-6.263763e-05,-0.018483471,-0.008760456,-0.015343337,0.014648103,0.030128809,0.019748412,0.0011608228,-0.0012955,0.009795138,-0.018336928,-0.02337698,-0.031160679,-0.003235559,-0.029131036,-0.01661779",""
