"codeUnitName","shortCodeUnitName","propertyName","propertyValue","Source Cypher File: Dependencies_Projection/Dependencies_8_Stream_Mutated.cypher"
"/axon-disruptor-4.9.2.jar","axon-disruptor-4.9.2","embeddingsNode2Vec","0.005403774,-0.0046220166,-0.029362155,0.0057289293,0.010091873,0.008446745,-0.027083067,-0.03104931,-0.009099685,0.018113438,-0.009805313,0.0013577434,0.0152540095,-0.005672083,0.019573586,0.0058423104",""
"/axon-eventsourcing-4.9.2.jar","axon-eventsourcing-4.9.2","embeddingsNode2Vec","0.016528858,0.009291109,0.00013629839,0.01565161,0.02569256,-0.0030147426,0.00590296,0.01904158,-0.02871572,-0.007100792,-0.018717574,0.000355733,0.0020003724,-0.0009282005,0.00022300151,0.013742754",""
"/axon-messaging-4.9.2.jar","axon-messaging-4.9.2","embeddingsNode2Vec","0.01490469,0.020587677,0.021004241,-0.007867967,0.012016291,-0.020120885,-0.004541673,-0.02881542,0.014251255,-0.005291681,0.007607184,0.0019385787,0.02338328,-0.025793578,-0.022573791,-0.01584953",""
"/axon-test-4.9.2.jar","axon-test-4.9.2","embeddingsNode2Vec","0.020761963,0.030146683,-0.017160693,-0.0014079778,-0.025206301,0.006407905,-0.020021629,0.019326676,-0.0014649325,0.012968762,-0.021068644,0.013346791,0.01959527,-0.0006077096,0.022873748,0.02002022",""
"/axon-configuration-4.9.2.jar","axon-configuration-4.9.2","embeddingsNode2Vec","-0.015328387,0.030112717,0.004363659,0.0061104544,0.022708004,-0.010914104,0.006027136,-0.0060120896,0.027160812,0.028927589,-0.020448625,-0.017881565,-0.020882932,0.026969422,-0.0042696525,-0.004592996",""
"/axon-modelling-4.9.2.jar","axon-modelling-4.9.2","embeddingsNode2Vec","-0.0070293215,0.023820397,-0.0057398984,-0.028491687,-0.02782467,-0.005840014,0.0027628385,0.026287168,0.030818691,-0.010141652,0.012474085,0.00303494,0.013537562,-0.026054649,0.019974336,0.005793574",""
