"codeUnitName","shortCodeUnitName","propertyName","propertyValue","Source Cypher File: Dependencies_Projection/Dependencies_8_Stream_Mutated.cypher"
"/axon-disruptor-4.9.2.jar","axon-disruptor-4.9.2","embeddingsFastRandomProjection","-0.17903575,0,0.9351984,-0.27501774,-0.6544459,0.4442393,-0.6109054,-0.27501774,0.27501774,0,0,0.39179766,0.22844265,0.21593487,0.8209739,0.6175467",""
"/axon-eventsourcing-4.9.2.jar","axon-eventsourcing-4.9.2","embeddingsFastRandomProjection","-0.18831396,0,0.90372694,-0.26292259,-0.61892337,0.44220865,-0.60421526,-0.26292259,0.26292259,0,0,0.38230804,0.2135672,0.20795065,0.80162084,0.5992867",""
"/axon-messaging-4.9.2.jar","axon-messaging-4.9.2","embeddingsFastRandomProjection","-0.16073817,0,0.8871007,-0.21800646,-0.64522886,0.3596621,-0.502874,-0.21800646,0.21800646,0,0,0.4447486,0.31823283,0.17106792,0.65880215,0.6348991",""
"/axon-test-4.9.2.jar","axon-test-4.9.2","embeddingsFastRandomProjection","-0.17073306,0,0.8978653,-0.26620892,-0.6289958,0.43597272,-0.5926726,-0.26620892,0.26620892,0,0,0.37682006,0.21038055,0.21096978,0.80031806,0.58875906",""
"/axon-configuration-4.9.2.jar","axon-configuration-4.9.2","embeddingsFastRandomProjection","-0.1765109,0,0.9071982,-0.26870477,-0.6314759,0.43638644,-0.5991214,-0.26870477,0.26870477,0,0,0.37654704,0.21498944,0.21130526,0.8043027,0.5966815",""
"/axon-modelling-4.9.2.jar","axon-modelling-4.9.2","embeddingsFastRandomProjection","-0.2116794,0,0.94986135,-0.2705024,-0.6388308,0.4525892,-0.6342695,-0.2705024,0.2705024,0,0,0.3983274,0.23936252,0.21129505,0.82244265,0.6392151",""
