"codeUnitName","shortCodeUnitName","propertyName","propertyValue","Source Cypher File: Dependencies_Projection/Dependencies_8_Stream_Mutated.cypher"
"/axon-disruptor-4.9.2.jar","axon-disruptor-4.9.2","embeddingsHashGNN","0,0.4330126941204071,-0.4330126941204071,-1.7320507764816284,1.2990380823612213,0.8660253882408142,-1.2990380823612213,0.8660253882408142,-0.4330126941204071,0.4330126941204071,0.4330126941204071,0.8660253882408142,0.8660253882408142,0.4330126941204071,0.4330126941204071,-0.4330126941204071",""
"/axon-eventsourcing-4.9.2.jar","axon-eventsourcing-4.9.2","embeddingsHashGNN","0,0.8660253882408142,-0.4330126941204071,-1.7320507764816284,1.2990380823612213,0.4330126941204071,-1.7320507764816284,0.8660253882408142,-0.4330126941204071,0.4330126941204071,0.4330126941204071,0.8660253882408142,0.4330126941204071,0.8660253882408142,0,-0.4330126941204071",""
"/axon-messaging-4.9.2.jar","axon-messaging-4.9.2","embeddingsHashGNN","0,0.8660253882408142,-0.4330126941204071,-1.7320507764816284,1.2990380823612213,0.4330126941204071,-1.7320507764816284,0.8660253882408142,-0.4330126941204071,0.4330126941204071,0.4330126941204071,0.8660253882408142,0.4330126941204071,0.8660253882408142,0,-0.4330126941204071",""
"/axon-test-4.9.2.jar","axon-test-4.9.2","embeddingsHashGNN","0,0.8660253882408142,-0.4330126941204071,-1.7320507764816284,1.2990380823612213,0.4330126941204071,-1.7320507764816284,0.8660253882408142,-0.4330126941204071,0.4330126941204071,0.4330126941204071,0.8660253882408142,0.4330126941204071,0.8660253882408142,0,-0.4330126941204071",""
"/axon-configuration-4.9.2.jar","axon-configuration-4.9.2","embeddingsHashGNN","0,0.4330126941204071,-0.4330126941204071,-1.7320507764816284,1.2990380823612213,0.8660253882408142,-1.2990380823612213,0.8660253882408142,-0.4330126941204071,0.4330126941204071,0.4330126941204071,0.8660253882408142,0.8660253882408142,0.4330126941204071,0.4330126941204071,-0.4330126941204071",""
"/axon-modelling-4.9.2.jar","axon-modelling-4.9.2","embeddingsHashGNN","0,0.8660253882408142,-0.4330126941204071,-1.7320507764816284,1.2990380823612213,0.4330126941204071,-1.7320507764816284,0.8660253882408142,-0.4330126941204071,0.4330126941204071,0.4330126941204071,0.8660253882408142,0.4330126941204071,0.8660253882408142,0,-0.4330126941204071",""
