"codeUnitName","shortCodeUnitName","propertyName","propertyValue","Source Cypher File: Dependencies_Projection/Dependencies_8_Stream_Mutated.cypher"
"/axon-disruptor-4.9.2.jar","axon-disruptor-4.9.2","embeddingsFastRandomProjection","0.43488705,0,0.100183286,-0.39509833,-1.3150874,-0.2860783,0,0.24475652,0.30138427,-0.28454527,-0.2860783,-0.09794955,0.72096527,0.05662775,-0.05751872,0.7386954",""
"/axon-eventsourcing-4.9.2.jar","axon-eventsourcing-4.9.2","embeddingsFastRandomProjection","0.42662802,0,0.096111044,-0.38858473,-1.280596,-0.2845267,0,0.22841269,0.28534153,-0.266456,-0.2845267,-0.113042876,0.7111547,0.05692885,-0.0286313,0.70174277",""
"/axon-messaging-4.9.2.jar","axon-messaging-4.9.2","embeddingsFastRandomProjection","0.36868548,0,0.07964578,-0.33613318,-1.2527156,-0.23769718,0,0.19616841,0.25261927,-0.22872066,-0.23769718,-0.09797962,0.60638267,0.056450844,-0.18902513,0.7628556",""
"/axon-test-4.9.2.jar","axon-test-4.9.2","embeddingsFastRandomProjection","0.42281565,0,0.10085283,-0.38177648,-1.2776082,-0.28393492,0,0.23917156,0.28837335,-0.2802107,-0.28393492,-0.09396514,0.7067506,0.04920178,-0.04346487,0.7091763",""
"/axon-configuration-4.9.2.jar","axon-configuration-4.9.2","embeddingsFastRandomProjection","0.4278392,0,0.09869022,-0.38869494,-1.2836139,-0.28232262,0,0.23961979,0.29509944,-0.27876407,-0.28232262,-0.0981825,0.7101618,0.055479646,-0.04336399,0.71438164",""
"/axon-modelling-4.9.2.jar","axon-modelling-4.9.2","embeddingsFastRandomProjection","0.44509128,0,0.09267832,-0.4102773,-1.3218882,-0.28502682,0,0.22844248,0.3032179,-0.2632565,-0.28502682,-0.13135973,0.7301181,0.074775375,-0.03223002,0.7275341",""
