"codeUnitName","shortCodeUnitName","propertyName","propertyValue","Source Cypher File: Dependencies_Projection/Dependencies_8_Stream_Mutated.cypher"
"/axon-disruptor-4.9.2.jar","axon-disruptor-4.9.2","embeddingsFastRandomProjection","0.37910527,0.67681545,-0.8040682,0.7025196,-0.7108017,-0.25185254,-0.67681545,0.4980759,-0.024677038,0,0,0.0715618,-0.04740884,0.4980759,-0.118970655,0.118970655",""
"/axon-eventsourcing-4.9.2.jar","axon-eventsourcing-4.9.2","embeddingsFastRandomProjection","0.3696957,0.6368333,-0.7706959,0.6756482,-0.6998778,-0.2358331,-0.6368333,0.4793287,-0.008944958,0,0,0.0701194,-0.039513618,0.4793287,-0.10963304,0.10963304",""
"/axon-messaging-4.9.2.jar","axon-messaging-4.9.2","embeddingsFastRandomProjection","0.30139133,0.6756828,-0.78226775,0.5620456,-0.5760664,-0.19480638,-0.6756828,0.39395556,-0.15314856,0,0,0.06584787,-0.02671634,0.39395556,-0.09256422,0.09256422",""
"/axon-test-4.9.2.jar","axon-test-4.9.2","embeddingsFastRandomProjection","0.36748287,0.638824,-0.7626655,0.67382115,-0.68415856,-0.2436414,-0.638824,0.480987,-0.0153541565,0,0,0.06269689,-0.05080724,0.480987,-0.11350414,0.11350414",""
"/axon-configuration-4.9.2.jar","axon-configuration-4.9.2","embeddingsFastRandomProjection","0.36857998,0.6461321,-0.7709553,0.68153596,-0.691614,-0.24375677,-0.6461321,0.48332527,-0.013477683,0,0,0.06919919,-0.04554608,0.48332527,-0.11474529,0.11474529",""
"/axon-modelling-4.9.2.jar","axon-modelling-4.9.2","embeddingsFastRandomProjection","0.38193274,0.6771733,-0.8189764,0.7123069,-0.7408211,-0.24012971,-0.6771733,0.49522167,-0.010911375,0,0,0.09024443,-0.023044497,0.49522167,-0.11328893,0.11328893",""
