"codeUnitName","shortCodeUnitName","propertyName","propertyValue","Source Cypher File: Dependencies_Projection/Dependencies_8_Stream_Mutated.cypher"
"/axon-messaging-4.9.2.jar","axon-messaging-4.9.2","embeddingsNode2Vec","-0.00069536053,-0.021066563,-0.0102537135,0.008426372,-0.027410865,0.020286836,-0.019651175,-0.016867926,-0.013852091,-0.0078091375,-0.0043370747,0.02324141,0.026342621,-0.015711982,-0.0022616098,0.0013069054",""
"/axon-disruptor-4.9.2.jar","axon-disruptor-4.9.2","embeddingsNode2Vec","-0.011168943,0.017759172,-0.014056827,-0.02924472,0.030015942,-0.029017119,-0.014299148,-0.0066044047,-0.02547889,0.023626743,0.003923697,0.011364455,0.014061606,0.01802475,-0.03107893,0.01847839",""
"/axon-test-4.9.2.jar","axon-test-4.9.2","embeddingsNode2Vec","0.0006532339,-0.0014403185,0.0077102394,-0.020989506,0.024530143,0.018335968,0.005609843,0.005146991,-0.019730508,-7.994329e-05,-0.01090972,0.011774072,-0.019303925,-3.7541948e-05,0.004951469,0.009688441",""
"/axon-modelling-4.9.2.jar","axon-modelling-4.9.2","embeddingsNode2Vec","0.0042056777,0.02120814,-0.00196954,-0.0010519532,-0.028558051,0.020300472,0.008576551,0.020632949,0.0032921922,0.019004632,-0.013026137,0.019616427,0.02230855,-0.014643016,-0.019424124,-0.011854805",""
"/axon-eventsourcing-4.9.2.jar","axon-eventsourcing-4.9.2","embeddingsNode2Vec","-0.024656309,0.021293314,-0.009269058,-0.022702042,-0.0013228648,0.007378074,0.02407931,0.029881619,-0.021463964,-0.011062732,-0.010152653,0.019034438,0.03058947,-0.0064856946,0.003507803,-0.0004335896",""
"/axon-configuration-4.9.2.jar","axon-configuration-4.9.2","embeddingsNode2Vec","-0.008626625,-0.027551116,0.020018335,-0.027432058,-0.01706204,0.011123291,0.004059505,0.011007023,0.009966473,0.014786617,0.016661102,-0.00887885,0.023068933,-0.010386128,-0.022312278,0.0124996975",""
