"codeUnitName","shortCodeUnitName","propertyName","propertyValue","Source Cypher File: Dependencies_Projection/Dependencies_8_Stream_Mutated.cypher"
"/axon-configuration-4.9.2.jar","axon-configuration-4.9.2","embeddingsNode2Vec","-0.006296815,0.0071239006,-0.030490428,-0.013398532,-0.015800653,-0.028177293,-0.02910952,0.0015019984,0.01472081,-0.006453229,-0.02353899,0.013823044,-0.025271896,0.00247712,0.02682785,0.0020869402",""
"/axon-modelling-4.9.2.jar","axon-modelling-4.9.2","embeddingsNode2Vec","0.026321989,0.021770608,-0.0025390254,0.013882441,-0.006243854,0.015052269,0.0063887183,0.0034403591,-0.00029289324,0.0108692655,-0.027028983,-0.029008545,-0.029962903,-0.02178807,0.00692457,-0.00051538914",""
"/axon-messaging-4.9.2.jar","axon-messaging-4.9.2","embeddingsNode2Vec","0.02082708,-0.012104353,-0.0068831067,0.007879157,-0.0122715,0.0058700438,-0.002689293,-0.019432869,0.016833084,-0.0144332405,-0.021214193,-0.006999697,-0.019650666,-0.028038722,0.024418019,-0.028277993",""
"/axon-eventsourcing-4.9.2.jar","axon-eventsourcing-4.9.2","embeddingsNode2Vec","-0.030782297,-0.028821113,-0.02613441,-0.002520518,0.024296511,-0.026101701,-0.023515897,-0.0066936933,-0.0078296065,-0.012037384,0.020353287,-0.029352743,0.003912039,-0.030209,0.023904685,0.030211996",""
"/axon-test-4.9.2.jar","axon-test-4.9.2","embeddingsNode2Vec","-0.015284503,-0.008495691,0.014293922,0.012537195,0.019182911,-0.027019942,0.016400818,0.019885857,-0.010075568,-0.01092982,0.022850454,-0.009204497,-0.003092165,0.022660682,0.0028719055,0.016561387",""
"/axon-disruptor-4.9.2.jar","axon-disruptor-4.9.2","embeddingsNode2Vec","0.006875902,0.026965257,0.013851533,-0.029482959,-0.020345796,-0.012285388,0.029217962,0.016566103,-0.0082434835,-0.012398851,-0.002291943,0.0010150525,0.022909585,0.009146811,0.020556102,-0.009485682",""
