"codeUnitName","shortCodeUnitName","propertyName","propertyValue","Source Cypher File: Dependencies_Projection/Dependencies_8_Stream_Mutated.cypher"
"/axon-configuration-4.9.2.jar","axon-configuration-4.9.2","embeddingsNode2Vec","0.016954238,-0.0039754272,9.726958e-06,0.026333261,-0.010583934,-0.024098657,0.01862279,0.015240191,-0.01348877,-0.009899913,-0.018288204,0.003920628,-0.016593054,-0.004601476,-0.008495167,0.028242448",""
"/axon-modelling-4.9.2.jar","axon-modelling-4.9.2","embeddingsNode2Vec","0.025843296,0.017965224,-0.00526655,0.018586142,0.018159537,0.018691061,-0.018047964,-0.012319573,-0.011320954,0.0015868532,-0.025051985,0.00081165857,-0.015787099,0.02185861,0.018880388,0.0068761082",""
"/axon-messaging-4.9.2.jar","axon-messaging-4.9.2","embeddingsNode2Vec","-0.026410392,-0.023297807,0.026761634,0.029003805,0.024948452,-0.016910743,0.023715176,-0.0025349192,0.00978329,0.024629155,0.020444795,0.012318368,0.023405055,0.0032871661,-0.0055750106,-0.025923345",""
"/axon-eventsourcing-4.9.2.jar","axon-eventsourcing-4.9.2","embeddingsNode2Vec","0.028269148,0.0043607135,-0.012758521,-0.021274047,-0.009127136,-0.011429523,0.021708237,0.003676437,-0.0028821006,0.019507242,0.02280073,-0.030179922,-0.020876467,0.02840359,-0.0087093385,-0.01933903",""
"/axon-test-4.9.2.jar","axon-test-4.9.2","embeddingsNode2Vec","-0.018914407,0.024017816,-0.01272621,-0.016235443,-0.0045239707,0.0055385786,-0.008538851,0.0086167315,-0.005768542,-0.026161399,0.012943506,-0.003929911,-0.00839864,-0.013614253,-0.0038507592,-0.005726804",""
"/axon-disruptor-4.9.2.jar","axon-disruptor-4.9.2","embeddingsNode2Vec","0.00825914,-0.02215379,0.016810251,0.007533936,-0.022004936,0.020408522,-0.0042443965,0.01533699,0.015785413,-0.006094644,-0.029605376,0.020823618,-0.017753594,0.0027056152,-0.027257293,0.027193842",""
