"codeUnitName","shortCodeUnitName","propertyName","propertyValue","Source Cypher File: Dependencies_Projection/Dependencies_8_Stream_Mutated.cypher"
"/axon-disruptor-4.9.2.jar","axon-disruptor-4.9.2","embeddingsFastRandomProjection","0.71044856,-0.1316892,-0.29310048,1.2339861,-0.055221897,-0.18605378,0,-0.29310048,0,0.4823539,0.46317947,-0.10935207,-0.18374842,-0.10935207,0,0.8306763",""
"/axon-eventsourcing-4.9.2.jar","axon-eventsourcing-4.9.2","embeddingsFastRandomProjection","0.68859226,-0.11731118,-0.27881488,1.188441,-0.07143232,-0.19836417,0,-0.27881488,0,0.46590838,0.46470845,-0.10309132,-0.17572354,-0.10309132,0,0.81615555",""
"/axon-messaging-4.9.2.jar","axon-messaging-4.9.2","embeddingsFastRandomProjection","0.7437668,-0.2723355,-0.2338402,1.1614188,-0.05377945,-0.17029947,0,-0.2338402,0,0.39627257,0.39195353,-0.08787088,-0.14596933,-0.08787088,0,0.68389225",""
"/axon-test-4.9.2.jar","axon-test-4.9.2","embeddingsFastRandomProjection","0.68095785,-0.11265075,-0.2842816,1.1912512,-0.05801387,-0.1765994,0,-0.2842816,0,0.46493697,0.4500131,-0.10567193,-0.17860967,-0.10567193,0,0.8072325",""
"/axon-configuration-4.9.2.jar","axon-configuration-4.9.2","embeddingsFastRandomProjection","0.6858469,-0.11803727,-0.28619283,1.1974442,-0.056212552,-0.18364462,0,-0.28619283,0,0.471676,0.45482528,-0.106564805,-0.17962803,-0.106564805,0,0.8140814",""
"/axon-modelling-4.9.2.jar","axon-modelling-4.9.2","embeddingsFastRandomProjection","0.72395,-0.14430517,-0.2842791,1.2301404,-0.07345459,-0.22519775,0,-0.2842791,0,0.49036938,0.48993754,-0.10519636,-0.17908275,-0.10519636,0,0.84810305",""
