"codeUnitName","shortCodeUnitName","propertyName","propertyValue","Source Cypher File: Dependencies_Projection/Dependencies_8_Stream_Mutated.cypher"
"/axon-disruptor-4.9.2.jar","axon-disruptor-4.9.2","embeddingsFastRandomProjection","0.08443706,-0.7822597,-0.1961296,-0.4607321,-0.012896076,-0.23169218,0.54516923,-0.26268804,-0.26268804,-0.15804209,0.6568617,0.31845954,0.49671048,-1.0162822,0.28787944,0.08443706",""
"/axon-eventsourcing-4.9.2.jar","axon-eventsourcing-4.9.2","embeddingsFastRandomProjection","0.07787048,-0.74766207,-0.17305756,-0.44534916,0.011347219,-0.22810549,0.5232197,-0.24506009,-0.24506009,-0.15496832,0.61840665,0.31232932,0.47951892,-0.98212093,0.2744965,0.07787048",""
"/axon-messaging-4.9.2.jar","axon-messaging-4.9.2","embeddingsFastRandomProjection","0.065903306,-0.7269547,-0.2519037,-0.37110376,-0.103883564,-0.18559423,0.43700707,-0.20420885,-0.20420885,-0.015077412,0.6230075,0.26112744,0.39943302,-0.92217886,0.3371516,0.065903306",""
"/axon-test-4.9.2.jar","axon-test-4.9.2","embeddingsFastRandomProjection","0.08056852,-0.74596,-0.18234763,-0.44046193,-0.003217563,-0.2236419,0.5210305,-0.25317338,-0.25317338,-0.16315879,0.6228096,0.30391377,0.47651863,-0.9693053,0.26914468,0.08056852",""
"/axon-configuration-4.9.2.jar","axon-configuration-4.9.2","embeddingsFastRandomProjection","0.08137586,-0.7513664,-0.18195537,-0.44678003,-0.0031716675,-0.2252711,0.52815586,-0.2537929,-0.2537929,-0.16027428,0.6287353,0.3092514,0.48166844,-0.9792419,0.27230233,0.08137586",""
"/axon-modelling-4.9.2.jar","axon-modelling-4.9.2","embeddingsFastRandomProjection","0.08038021,-0.7859914,-0.17925829,-0.47310886,0.011107117,-0.23800233,0.55348915,-0.25024486,-0.25024486,-0.14286608,0.6523671,0.33598748,0.5058521,-1.0415987,0.29774413,0.08038021",""
