"codeUnitName","shortCodeUnitName","propertyName","propertyValue","Source Cypher File: Dependencies_Projection/Dependencies_8_Stream_Mutated.cypher"
"/axon-configuration-4.9.2.jar","axon-configuration-4.9.2","embeddingsFastRandomProjection","0.08300359,0.5766907,-0.75023234,-0.70190203,0.20821494,0.048330255,0.43375844,-0.2681436,-0.75023234,-0.62417346,-0.5846175,-0.024407893,-0.3428281,0.2681436,-0.13048637,-0.11485274",""
"/axon-modelling-4.9.2.jar","axon-modelling-4.9.2","embeddingsFastRandomProjection","0.08164996,0.5937482,-0.78767896,-0.72548276,0.21338443,0.06219615,0.44955087,-0.27593192,-0.78767896,-0.6419915,-0.61406004,-0.029140726,-0.3475892,0.27593192,-0.12989315,-0.13501713",""
"/axon-messaging-4.9.2.jar","axon-messaging-4.9.2","embeddingsFastRandomProjection","0.06734484,0.4758916,-0.72779214,-0.6818247,0.27327788,0.04596743,0.4617114,-0.22011328,-0.72779214,-0.51432955,-0.48619395,0.08207145,-0.38406426,0.22011328,-0.105782785,-0.20568612",""
"/axon-eventsourcing-4.9.2.jar","axon-eventsourcing-4.9.2","embeddingsFastRandomProjection","0.080021575,0.5725027,-0.74833095,-0.69905436,0.2065732,0.0492765,0.42868364,-0.2703707,-0.74833095,-0.6176022,-0.590018,-0.028875515,-0.33114687,0.2703707,-0.12512115,-0.11793779",""
"/axon-test-4.9.2.jar","axon-test-4.9.2","embeddingsFastRandomProjection","0.08246261,0.5725057,-0.7429397,-0.69887304,0.20882986,0.04406663,0.43063936,-0.26823366,-0.7429397,-0.618333,-0.580534,-0.022768527,-0.3401485,0.26823366,-0.12828991,-0.11178899",""
"/axon-disruptor-4.9.2.jar","axon-disruptor-4.9.2","embeddingsFastRandomProjection","0.08533818,0.5902138,-0.7748146,-0.72521544,0.22033976,0.049599193,0.45154676,-0.27366862,-0.7748146,-0.6392231,-0.59693646,-0.01699996,-0.35948595,0.27366862,-0.13434747,-0.12466008",""
