"codeUnitName","shortCodeUnitName","propertyName","propertyValue","Source Cypher File: Dependencies_Projection/Dependencies_8_Stream_Mutated.cypher"
"/axon-disruptor-4.9.2.jar","axon-disruptor-4.9.2","embeddingsNode2Vec","0.02973858,-0.013244066,-0.029408684,0.026878165,0.014960932,0.0095632635,0.012766111,0.004684006,0.011747322,0.019643884,-0.010860854,0.022224493,-0.008194148,-0.030829212,0.0033225892,0.0022383658",""
"/axon-eventsourcing-4.9.2.jar","axon-eventsourcing-4.9.2","embeddingsNode2Vec","-0.020987073,0.014764347,0.0121239815,0.018445602,-0.019597866,0.0029290833,-0.025881281,-0.021264093,0.009868021,0.004848864,-0.01269993,-0.025258742,-0.014360932,0.015091285,-0.0019952261,-0.0053307563",""
"/axon-messaging-4.9.2.jar","axon-messaging-4.9.2","embeddingsNode2Vec","-0.004890204,0.02626162,-0.011311693,-0.010494443,-0.00049501006,0.002000212,0.020212196,-0.0064065806,-0.009710839,-0.02867651,-0.015051446,-0.029637698,-0.0074730054,0.023756731,-0.017235808,0.028065762",""
"/axon-test-4.9.2.jar","axon-test-4.9.2","embeddingsNode2Vec","-0.014584286,-0.026227824,0.007435472,-0.02411707,0.022087943,0.022647472,-0.017644024,0.017175123,0.023925269,0.0106748855,0.003626211,-0.029335774,0.00958709,0.009544033,0.018749261,0.026169453",""
"/axon-configuration-4.9.2.jar","axon-configuration-4.9.2","embeddingsNode2Vec","-0.010080074,0.022798385,-0.00054094533,-0.029741814,-0.01737605,0.016307043,-0.023293532,0.028363833,0.020336146,-0.027838893,0.028924135,0.0037469156,-0.017221443,-0.014903001,-0.0018923526,0.008186896",""
"/axon-modelling-4.9.2.jar","axon-modelling-4.9.2","embeddingsNode2Vec","0.02716385,-0.007123949,-0.02609702,-0.0064519625,0.017939167,0.023509942,0.0057425457,-0.029105678,0.00096927286,0.00021341999,0.0041472493,-0.02799586,0.002615136,-0.021840315,-0.008490541,0.014535995",""
