"codeUnitName","shortCodeUnitName","propertyName","propertyValue","Source Cypher File: Dependencies_Projection/Dependencies_8_Stream_Mutated.cypher"
"./index.ts","react-router","embeddingsNode2Vec","0.080919415,-0.075775266,-0.28498513,-0.19284411,0.047898408,-0.192542,0.11877243,-0.055473596,-0.3176382,0.03270803,-0.124550305,-0.30769813,-0.00063501124,-0.17632689,0.25732845,-0.46012455,-0.11253558,-0.33326524,-0.13859689,-0.19900513,0.07749582,-0.337749,0.04856635,0.17991593,-0.05727662,-0.17859016,0.2873415,-0.34727028,0.079243995,0.40413436,-0.27924573,0.08736314",""
"./index.tsx","react-router-dom","embeddingsNode2Vec","0.085063204,-0.07662046,-0.2877238,-0.19024687,0.05582692,-0.19615488,0.12343689,-0.054043263,-0.3246064,0.020981729,-0.12371585,-0.30342478,0.0025579627,-0.17932418,0.2701457,-0.465107,-0.103376776,-0.32687095,-0.13891996,-0.2065319,0.07215367,-0.34084073,0.053042788,0.17531572,-0.059967026,-0.17446125,0.29541275,-0.33124447,0.077471174,0.3981545,-0.26468062,0.09585265",""
"./server.tsx","server.tsx","embeddingsNode2Vec","0.08487731,-0.08703544,-0.27288926,-0.1885475,0.06174645,-0.19322334,0.12387086,-0.053221807,-0.32721215,0.0121030575,-0.13096808,-0.3082737,0.015855916,-0.16431348,0.24928434,-0.46365654,-0.11611266,-0.3402598,-0.1342045,-0.20674998,0.067300424,-0.3323815,0.05517972,0.19654173,-0.057324324,-0.19093888,0.29708987,-0.32585672,0.07166027,0.40507787,-0.2503544,0.08905158",""
"./index.tsx","react-router-native","embeddingsNode2Vec","0.08243997,-0.08251668,-0.2893254,-0.19482754,0.054177918,-0.1948795,0.13230437,-0.061460618,-0.31110102,0.029402472,-0.121449076,-0.32256603,0.005998398,-0.17479554,0.2693704,-0.46970233,-0.10314506,-0.3294717,-0.13661563,-0.19808726,0.07094707,-0.3432169,0.058272406,0.17322373,-0.05564186,-0.16880894,0.2974008,-0.33760852,0.07862054,0.41291076,-0.26926652,0.07943028",""
"./index.ts","router","embeddingsNode2Vec","0.083730385,-0.080909155,-0.27657628,-0.18751222,0.046605743,-0.1900402,0.11868093,-0.042193227,-0.3218636,0.025442475,-0.1328041,-0.2983468,0.010479123,-0.16965188,0.25445297,-0.46780252,-0.11656447,-0.3361931,-0.13190854,-0.1937607,0.07460346,-0.34263125,0.058679834,0.18884091,-0.055365514,-0.1884793,0.28543133,-0.3239551,0.06962966,0.40446228,-0.2654638,0.08960927",""
