"codeUnitName","shortCodeUnitName","propertyName","propertyValue","Source Cypher File: Dependencies_Projection/Dependencies_8_Stream_Mutated.cypher"
"./index.ts","react-router","embeddingsNode2Vec","-0.13738939,-0.06191577,0.026966533,-0.14599317,0.024133528,0.12569492,0.3023918,-0.40950507,0.54876983,0.17043754,0.3733803,-0.3677088,-0.02650711,0.19921564,-0.016967041,-0.000621162,0.06921045,0.13167356,0.04224698,-0.02357324,-0.06318552,0.12614882,-0.036474887,-0.32904655,0.06775273,0.24491502,0.09938217,0.07202547,0.060718764,0.26038966,-0.011821102,-0.53713375",""
"./index.tsx","react-router-dom","embeddingsNode2Vec","-0.12937939,-0.055626538,0.01821616,-0.13668486,0.02767313,0.12317514,0.29152325,-0.40598676,0.5467704,0.17344199,0.38749477,-0.36397702,-0.037124008,0.1898473,-0.0007680918,-0.0014465823,0.079912335,0.13789421,0.03925762,-0.026997956,-0.05747267,0.121164545,-0.040600564,-0.32285434,0.064822555,0.25387648,0.09938796,0.06698145,0.06724466,0.24759339,-0.016530734,-0.50537",""
"./server.tsx","server.tsx","embeddingsNode2Vec","-0.13501994,-0.07005996,0.024814123,-0.15530196,0.03288423,0.12137545,0.30988622,-0.41835448,0.535626,0.16411915,0.37370682,-0.38797766,-0.02301009,0.20658326,-0.017985092,-0.020799326,0.055470534,0.114752635,0.042169075,-0.03766805,-0.0644078,0.12094453,-0.04007062,-0.3113703,0.062867925,0.22646601,0.11595249,0.062345527,0.060427647,0.27809197,-0.011852829,-0.51472366",""
"./index.tsx","react-router-native","embeddingsNode2Vec","-0.13490818,-0.05972519,0.008323494,-0.15301934,0.024206067,0.117491536,0.3082186,-0.41429836,0.5472404,0.17981957,0.3806665,-0.39135998,-0.035910502,0.19260545,0.0033797605,-0.022748902,0.06953454,0.12223463,0.03467468,-0.0334677,-0.056592274,0.108159915,-0.03856483,-0.33220634,0.0639678,0.24794902,0.11454855,0.05232357,0.06920221,0.27346143,-0.029983401,-0.5248437",""
"./index.ts","router","embeddingsNode2Vec","-0.13905509,-0.055477038,0.017376838,-0.15079992,0.015736727,0.120709166,0.30006427,-0.41726565,0.548196,0.17927402,0.36956266,-0.3763795,-0.03619186,0.19741237,-0.01187639,-0.017450921,0.05699796,0.11501941,0.03748034,-0.028435437,-0.05167091,0.11120258,-0.043075718,-0.3132727,0.06109533,0.2295536,0.10634116,0.053553674,0.0649717,0.2583773,-0.026603827,-0.49754646",""
