"codeUnitName","shortCodeUnitName","propertyName","propertyValue","Source Cypher File: Dependencies_Projection/Dependencies_8_Stream_Mutated.cypher"
"./index.ts","react-router","embeddingsFastRandomProjection","-0.6032913,-0.4911108,0.08784054,0.3135221,0.38231194,0.42232096,-0.30881983,0,0.3035306,-0.059730724,0.23003846,0.11218047,0.29447144,0.059730724,-0.30881983,0.21569005,0.08784054,0.08784054,-0.29447144,-0.38231194,-0.014348403,-0.21569005,0.3135221,0.30881983,-0.59329975,0.068789855,0.27542076,0.21569005,-0.23474073,-0.10879883,-0.106891215,-0.30881983",""
"./index.tsx","react-router-dom","embeddingsFastRandomProjection","-0.5876276,-0.50854105,0.08822247,0.34355706,0.41033846,0.44175965,-0.2655116,0,0.29608855,-0.0928089,0.15126166,0.07908657,0.32211605,0.0928089,-0.2655116,0.20786607,0.08822247,0.08822247,-0.32211605,-0.41033846,0.05660443,-0.20786607,0.34355706,0.2655116,-0.5401591,0.0667814,0.30067497,0.20786607,-0.22930714,-0.09820254,-0.10966353,-0.2655116",""
"./server.tsx","server.tsx","embeddingsFastRandomProjection","-0.65934104,-0.56105375,0.11563722,0.369805,0.46875045,0.4621083,-0.3062278,0,0.34026945,-0.11178931,0.17774671,0.09828729,0.3531133,0.11178931,-0.3062278,0.22463223,0.11563722,0.11563722,-0.3531133,-0.46875045,0.046885528,-0.22463223,0.369805,0.3062278,-0.62980545,0.09894544,0.3364215,0.22463223,-0.241324,-0.09230326,-0.13232897,-0.3062278",""
"./index.tsx","react-router-native","embeddingsFastRandomProjection","-0.5590986,-0.4689337,0.061544202,0.33571884,0.36586028,0.43879223,-0.25478253,0,0.25756454,-0.07689303,0.14648676,0.09016496,0.3043161,0.07689303,-0.25478253,0.19602033,0.061544202,0.061544202,-0.3043161,-0.36586028,0.04953356,-0.19602033,0.33571884,0.25478253,-0.48094434,0.030141456,0.27291334,0.19602033,-0.22742307,-0.10307337,-0.092946954,-0.25478253",""
"./index.ts","router","embeddingsFastRandomProjection","-0.6118634,-0.5536935,0.087180406,0.3376089,0.4042619,0.4870405,-0.2947819,0,0.34431976,-0.039414823,0.2348397,0.05816994,0.31708154,0.039414823,-0.2947819,0.25713933,0.087180406,0.087180406,-0.31708154,-0.4042619,0.022299647,-0.25713933,0.3376089,0.2947819,-0.6185742,0.06665299,0.29655415,0.25713933,-0.27766672,-0.14943153,-0.1077078,-0.2947819",""
