"codeUnitName","shortCodeUnitName","propertyName","propertyValue","Source Cypher File: Dependencies_Projection/Dependencies_8_Stream_Mutated.cypher"
"./index.ts","react-router","embeddingsNode2Vec","-0.010590004,-0.1576569,-0.15695794,-0.24640095,0.14489834,-0.092111364,0.29105616,-0.30770853,-0.07977515,-0.0027947444,0.11573141,-0.48983896,0.043647755,0.06973375,0.1141808,-0.4474337,-0.16572668,-0.29188615,-0.05335179,-0.2559052,-0.00469486,-0.16204844,-0.020660922,0.10774144,-0.040157083,-0.13017386,0.38063696,-0.22964592,0.06972497,0.5252292,-0.13857527,-0.20189647",""
"./index.tsx","react-router-dom","embeddingsNode2Vec","-0.005963058,-0.1426117,-0.14835848,-0.25101832,0.15981115,-0.09652816,0.2779908,-0.3064429,-0.08037843,-0.016185626,0.11365412,-0.4541655,0.046169303,0.06201686,0.124533355,-0.44720888,-0.15400952,-0.29278782,-0.053473767,-0.2529537,-0.010170744,-0.16537286,-0.019067027,0.107350975,-0.04362902,-0.11590859,0.3837165,-0.21124029,0.07419902,0.5477871,-0.12528893,-0.18898608",""
"./server.tsx","server.tsx","embeddingsNode2Vec","-0.0036939157,-0.15724453,-0.15004136,-0.24837518,0.15331705,-0.09720079,0.281306,-0.30065712,-0.09934246,-0.017856566,0.09859104,-0.47088426,0.05683628,0.067713715,0.108069256,-0.44790953,-0.17107975,-0.30889943,-0.051759936,-0.262882,-0.009709838,-0.15968601,-0.014084728,0.1272213,-0.04028099,-0.14390557,0.38514304,-0.22236763,0.061986174,0.5311422,-0.12250363,-0.18961938",""
"./index.tsx","react-router-native","embeddingsNode2Vec","-0.008011306,-0.14411408,-0.15706074,-0.24847001,0.13971321,-0.0946083,0.27566588,-0.29841018,-0.07921815,0.0011698896,0.10491122,-0.46359813,0.042496238,0.06039636,0.11847074,-0.4405924,-0.16076368,-0.29767764,-0.055949274,-0.24610698,-0.0024076924,-0.16646777,-0.016882896,0.10349454,-0.039894387,-0.12728773,0.3783149,-0.22202744,0.06953504,0.5327716,-0.13667125,-0.18535702",""
"./index.ts","router","embeddingsNode2Vec","-0.0069396594,-0.13972715,-0.15818025,-0.2563481,0.1383852,-0.095415585,0.2721644,-0.30366874,-0.09984244,-0.0051014414,0.09814875,-0.45262858,0.044343974,0.06374935,0.10958234,-0.45054117,-0.17585877,-0.31138134,-0.054888755,-0.24872227,-0.00018323665,-0.17114647,-0.020277338,0.116334766,-0.044292156,-0.14328678,0.37646228,-0.2268843,0.07085595,0.5481612,-0.13665217,-0.17266753",""
