"codeUnitName","shortCodeUnitName","propertyName","propertyValue","Source Cypher File: Dependencies_Projection/Dependencies_8_Stream_Mutated.cypher"
"./index.ts","react-router","embeddingsNode2Vec","0.096996054,-0.22208276,-0.09895075,-0.16226695,0.3535154,-0.15465981,0.17613316,-0.22376059,-0.3606797,-0.28944564,-0.025303198,-0.21971634,0.15792371,-0.010625358,0.13139223,-0.4071949,-0.12717664,-0.30217978,-0.03891739,-0.31055588,-0.08688609,-0.1127321,0.026086863,0.33703148,-0.08594536,-0.15625626,0.39374205,-0.1505775,0.0040983562,0.41147727,0.05545119,0.057947412",""
"./index.tsx","react-router-dom","embeddingsNode2Vec","0.10515157,-0.22936623,-0.09964109,-0.16542125,0.36039588,-0.16287598,0.17336187,-0.2201869,-0.37931404,-0.31230468,-0.03210431,-0.22169603,0.17052206,-0.017337676,0.13547415,-0.38394323,-0.11698627,-0.28728375,-0.039379742,-0.29781717,-0.08780826,-0.1085559,0.033087857,0.33226213,-0.08096272,-0.14794452,0.3851922,-0.15818088,0.0009853917,0.4161943,0.061475426,0.06468792",""
"./server.tsx","server.tsx","embeddingsNode2Vec","0.099794805,-0.228158,-0.093069516,-0.1609887,0.35228866,-0.15788874,0.17564179,-0.22496746,-0.36491925,-0.2939504,-0.030859321,-0.22244154,0.1689333,-0.008335783,0.123249255,-0.3908478,-0.1218617,-0.29689637,-0.0371055,-0.30196944,-0.09021569,-0.10635914,0.03248548,0.33479223,-0.07511227,-0.15711385,0.37859097,-0.14708441,-0.001639788,0.40488002,0.0594724,0.05552656",""
"./index.tsx","react-router-native","embeddingsNode2Vec","0.099547654,-0.22794007,-0.11084611,-0.17090735,0.3466663,-0.15972973,0.18294527,-0.23583643,-0.35593677,-0.28862694,-0.018153079,-0.24129328,0.15861216,-0.014632378,0.14015391,-0.39731133,-0.12052954,-0.2944929,-0.04332948,-0.30616102,-0.082187645,-0.11932476,0.027185274,0.3139531,-0.08026526,-0.14708517,0.38828194,-0.1617617,0.009460598,0.42255014,0.043650266,0.047883485",""
"./index.ts","router","embeddingsNode2Vec","0.09992336,-0.22043462,-0.10094083,-0.15634324,0.34279785,-0.16087191,0.16261077,-0.20789567,-0.3755843,-0.29778844,-0.037649002,-0.20980789,0.15954526,-0.01673409,0.1291179,-0.39473847,-0.12440539,-0.2976964,-0.040452614,-0.3025129,-0.08339205,-0.1138367,0.028600886,0.33463782,-0.08047329,-0.16063204,0.3864231,-0.15020642,0.0010563986,0.41827056,0.052692045,0.069265686",""
