"codeUnitName","shortCodeUnitName","propertyName","propertyValue","Source Cypher File: Dependencies_Projection/Dependencies_8_Stream_Mutated.cypher"
"./index.ts","react-router","embeddingsNode2Vec","0.10038333,0.014374492,-0.4040867,-0.09231387,0.19680078,-0.17664883,0.12277131,-0.22337337,-0.09594112,-0.013089274,0.071126476,-0.14362533,-0.13035518,-0.39636746,0.5780831,-0.27508503,0.2658286,-0.0067621716,-0.1729351,-0.16976993,0.03588864,-0.30978715,0.05118037,-0.12892447,-0.09232429,0.32043493,0.24592404,-0.28371808,0.18765299,0.22284475,-0.24726424,0.09782436",""
"./index.tsx","react-router-dom","embeddingsNode2Vec","0.109350555,0.00569185,-0.39739576,-0.0963988,0.20698418,-0.18226376,0.12947248,-0.23413889,-0.09352638,-0.025551867,0.074249275,-0.1401501,-0.11940153,-0.4025662,0.58084714,-0.2710151,0.27338096,0.0021765998,-0.16829632,-0.17182556,0.026203072,-0.30738348,0.059418406,-0.13143522,-0.09557698,0.3374603,0.2500676,-0.2902337,0.18893811,0.22775161,-0.24581654,0.09765784",""
"./server.tsx","server.tsx","embeddingsNode2Vec","0.104368515,0.006882419,-0.39024955,-0.10009619,0.19917952,-0.18015336,0.1234898,-0.22034174,-0.11685471,-0.021547884,0.061659664,-0.1482594,-0.123685256,-0.3846826,0.570953,-0.29202473,0.24550715,-0.026308531,-0.1675266,-0.17707953,0.034796987,-0.30758634,0.050688356,-0.10629618,-0.09531551,0.28749394,0.2552369,-0.2907289,0.18204886,0.23296988,-0.23757504,0.10267158",""
"./index.tsx","react-router-native","embeddingsNode2Vec","0.09934835,0.0115809655,-0.39008382,-0.09855863,0.18749712,-0.17392857,0.12751162,-0.22542922,-0.089177616,-0.0064019905,0.07165819,-0.15299551,-0.12832488,-0.38139406,0.56862444,-0.27916244,0.25495338,-0.01143438,-0.16701466,-0.16758534,0.035668854,-0.30679947,0.05185381,-0.1282494,-0.09000423,0.30663827,0.24687436,-0.2885184,0.18553695,0.22970739,-0.24759266,0.08599613",""
"./index.ts","router","embeddingsNode2Vec","0.108138226,0.0106124915,-0.3960967,-0.10143511,0.1833437,-0.1831086,0.12114983,-0.2061641,-0.122462735,-0.008157736,0.0469654,-0.14923254,-0.12510714,-0.39686722,0.57282346,-0.2940141,0.24496692,-0.03166498,-0.17205784,-0.16802569,0.042610884,-0.326352,0.05483276,-0.10473662,-0.091921456,0.27911842,0.24602455,-0.30047426,0.18232967,0.23071122,-0.24888265,0.10938815",""
