"codeUnitName","shortCodeUnitName","propertyName","propertyValue","Source Cypher File: Dependencies_Projection/Dependencies_8_Stream_Mutated.cypher"
"./index.ts","react-router","embeddingsNode2Vec","0.14252822,-0.24212869,-0.12489554,-0.13460205,0.3918983,-0.18102351,0.14483717,-0.19570154,-0.3927006,-0.33505905,-0.0655422,-0.16462658,0.18988778,-0.09764794,0.20996931,-0.36574218,-0.04063887,-0.2514192,-0.05597348,-0.2971733,-0.104207814,-0.12714592,0.07992395,0.34578207,-0.07547878,-0.08910451,0.36479524,-0.14653477,-0.00348232,0.37925267,0.070037566,0.12107322",""
"./index.tsx","react-router-dom","embeddingsNode2Vec","0.14462546,-0.24192828,-0.12759657,-0.13236919,0.37351418,-0.18147719,0.14076664,-0.19074057,-0.3813652,-0.33291805,-0.07213115,-0.16287674,0.18337573,-0.100468986,0.20585193,-0.3643908,-0.034054436,-0.25981912,-0.060002863,-0.2929757,-0.10675984,-0.13325708,0.087443344,0.320129,-0.0708106,-0.08629565,0.362051,-0.14320649,-0.0053746756,0.38154674,0.06722334,0.11349892",""
"./server.tsx","server.tsx","embeddingsNode2Vec","0.1480288,-0.25506118,-0.1279663,-0.14535947,0.40042815,-0.18875872,0.15183346,-0.19503932,-0.3915855,-0.3320293,-0.07200104,-0.17484866,0.19488208,-0.09753642,0.20323393,-0.37527743,-0.04607974,-0.2538518,-0.05773868,-0.30321503,-0.10375974,-0.12840001,0.08194273,0.34343985,-0.0706879,-0.09570134,0.3591268,-0.14739412,-0.0055711847,0.36857894,0.06416851,0.10936134",""
"./index.tsx","react-router-native","embeddingsNode2Vec","0.14132854,-0.24282624,-0.14035155,-0.14471461,0.39130306,-0.18708326,0.1534667,-0.20535332,-0.37633333,-0.3243577,-0.05835611,-0.17875044,0.17420593,-0.10292951,0.21783116,-0.37403527,-0.037195105,-0.2525597,-0.06263314,-0.30229983,-0.10004573,-0.13703065,0.075166225,0.31789148,-0.0753474,-0.08011467,0.3670423,-0.15651971,0.0051922305,0.37259465,0.052701335,0.106553815",""
"./index.ts","router","embeddingsNode2Vec","0.14920588,-0.24898092,-0.12790468,-0.13847367,0.38304538,-0.18419725,0.13802774,-0.18160753,-0.39474943,-0.3239089,-0.07702347,-0.15918678,0.1808727,-0.09985605,0.20284396,-0.36936355,-0.047472853,-0.25530452,-0.059198815,-0.3021617,-0.101106085,-0.13384838,0.07878406,0.3387325,-0.07293406,-0.10151237,0.3519425,-0.15011743,-0.004002704,0.3660633,0.06147763,0.12051644",""
