"codeUnitName","shortCodeUnitName","propertyName","propertyValue","Source Cypher File: Dependencies_Projection/Dependencies_8_Stream_Mutated.cypher"
"./index.ts","react-router","embeddingsNode2Vec","0.13341016,-0.090724036,-0.3422693,-0.12179587,0.29411048,-0.21152256,0.14667009,-0.22699472,-0.20474847,-0.12803613,0.012795955,-0.17841972,-0.021136094,-0.35392258,0.5374369,-0.34018022,0.19920395,-0.09261714,-0.16027668,-0.23641954,-0.01712423,-0.27843997,0.08474989,0.027088076,-0.08801091,0.2042064,0.30305457,-0.25785643,0.13097286,0.29014832,-0.1597815,0.12216621",""
"./index.tsx","react-router-dom","embeddingsNode2Vec","0.13891546,-0.10157611,-0.33934692,-0.12651032,0.29078317,-0.20936967,0.14649062,-0.22077806,-0.20930636,-0.13572127,0.0011071699,-0.1690148,-0.009049672,-0.3395614,0.5039391,-0.3263385,0.19856094,-0.09072849,-0.1476906,-0.21911162,-0.020322848,-0.27686846,0.096060194,0.035828568,-0.080668524,0.20189732,0.29907855,-0.26117292,0.12737022,0.28671962,-0.15014753,0.11154747",""
"./server.tsx","server.tsx","embeddingsNode2Vec","0.13940158,-0.10318018,-0.34270325,-0.13164002,0.2870451,-0.2066515,0.1478915,-0.21989803,-0.23662922,-0.14079297,-0.00326597,-0.17696264,-0.005779332,-0.32539585,0.49241334,-0.35467786,0.16640566,-0.116690405,-0.15009558,-0.24024226,-0.017427333,-0.28447133,0.085649244,0.060413636,-0.08710875,0.16811332,0.31509075,-0.26700854,0.12246702,0.31229118,-0.15616007,0.12157652",""
"./index.tsx","react-router-native","embeddingsNode2Vec","0.13151152,-0.09257378,-0.33935118,-0.13154732,0.27436316,-0.20001134,0.15060285,-0.22403012,-0.20834051,-0.12197541,0.007324397,-0.18626049,-0.015822839,-0.34322906,0.50536454,-0.34049088,0.18027902,-0.10214697,-0.15170254,-0.22594802,-0.015268496,-0.27936465,0.087058306,0.033670075,-0.084938996,0.19335505,0.31706148,-0.270855,0.1295442,0.31663376,-0.16121383,0.10481805",""
"./index.ts","router","embeddingsNode2Vec","0.14401747,-0.09673224,-0.34304878,-0.13145813,0.2812343,-0.22087641,0.15217914,-0.21413149,-0.24574351,-0.13327613,-0.013972217,-0.17143843,-0.0087435255,-0.33744556,0.49854767,-0.35716376,0.17262168,-0.117386185,-0.15605049,-0.23711914,-0.012736578,-0.29893088,0.08937722,0.05964061,-0.08796805,0.16882133,0.30787936,-0.2751128,0.12272993,0.302931,-0.16166252,0.12725765",""
