"codeUnitName","shortCodeUnitName","propertyName","propertyValue","Source Cypher File: Dependencies_Projection/Dependencies_8_Stream_Mutated.cypher"
"./index.ts","react-router","embeddingsNode2Vec","0.04609365,0.0021519333,-0.13145678,-0.10329679,-0.18890928,-0.13940416,-0.059698988,0.2612058,-0.4367311,0.10205115,-0.29355663,-0.14901678,0.014820428,-0.040997498,-0.043441433,-0.36174297,-0.32523584,-0.42316812,-0.08008844,-0.06289452,0.14739591,-0.29966685,0.01281151,0.31116262,-0.032475792,-0.4749394,0.11049866,-0.27838382,-0.013447999,0.22510524,-0.25332177,0.2096378",""
"./index.tsx","react-router-dom","embeddingsNode2Vec","0.049506407,-0.0021878667,-0.13574737,-0.10608503,-0.17580543,-0.14054754,-0.06220426,0.25194633,-0.44462195,0.09308259,-0.30365962,-0.14903323,0.018278852,-0.045497555,-0.037267182,-0.35960296,-0.3127046,-0.40959865,-0.081968725,-0.06800681,0.14096272,-0.2879062,0.015070837,0.31252834,-0.03324721,-0.4721024,0.1136904,-0.27108186,-0.013951739,0.2148027,-0.24017078,0.21266764",""
"./server.tsx","server.tsx","embeddingsNode2Vec","0.045838807,-0.008362292,-0.12989424,-0.109891385,-0.17360748,-0.14053857,-0.052783664,0.25073883,-0.44172493,0.089123614,-0.2934133,-0.155763,0.023654616,-0.033278108,-0.045903306,-0.3716843,-0.3262534,-0.41388234,-0.0781175,-0.07272535,0.14047144,-0.28118777,0.01280114,0.32144144,-0.032679576,-0.4867727,0.1197818,-0.2746369,-0.01629343,0.22888286,-0.24632196,0.2102256",""
"./index.tsx","react-router-native","embeddingsNode2Vec","0.044047315,0.0023494128,-0.14414333,-0.11442899,-0.18743023,-0.14089422,-0.047942366,0.24253474,-0.4309643,0.112916134,-0.29630673,-0.17183457,0.008651084,-0.041708324,-0.032135997,-0.36743128,-0.31561327,-0.41822445,-0.08535261,-0.07034096,0.14671473,-0.29504523,0.010057813,0.29875416,-0.0330427,-0.47346994,0.120056465,-0.28003648,-0.0062265564,0.23222747,-0.2575007,0.1929341",""
"./index.ts","router","embeddingsNode2Vec","0.04823964,-0.0037820195,-0.13465558,-0.10698113,-0.1872461,-0.14600816,-0.058507517,0.26422533,-0.4557408,0.10572273,-0.31542516,-0.15822862,0.020926539,-0.044744108,-0.042496193,-0.36569864,-0.3227201,-0.41847584,-0.083877206,-0.063131474,0.14477031,-0.29425055,0.020593794,0.31699446,-0.028515792,-0.48443624,0.107849054,-0.27319634,-0.01675627,0.22216122,-0.25345907,0.20972954",""
