"codeUnitName","shortCodeUnitName","propertyName","propertyValue","Source Cypher File: Dependencies_Projection/Dependencies_8_Stream_Mutated.cypher"
"./index.ts","react-router","embeddingsNode2Vec","0.08186374,0.03566368,-0.25790238,-0.09878625,-0.17728451,-0.1853982,-0.058460798,0.2435596,-0.40224022,0.14697726,-0.29549602,-0.13357776,-0.04332434,-0.21759851,0.16911815,-0.36278528,-0.15639155,-0.326413,-0.13846037,-0.045072813,0.15770295,-0.37126502,0.065148085,0.1978841,-0.031937614,-0.30483714,0.085479505,-0.3301214,0.03860874,0.18462439,-0.33525896,0.2577422",""
"./index.tsx","react-router-dom","embeddingsNode2Vec","0.087181136,0.03062212,-0.27393165,-0.100350864,-0.16638057,-0.18921825,-0.05260409,0.24101594,-0.39598817,0.14327167,-0.31324035,-0.14274219,-0.04241199,-0.2378814,0.18235555,-0.3593615,-0.14031087,-0.32199386,-0.14751062,-0.051007494,0.1604463,-0.39821264,0.07381279,0.19874184,-0.03181406,-0.2926004,0.09253914,-0.33508712,0.042205617,0.18671133,-0.34204024,0.2535915",""
"./server.tsx","server.tsx","embeddingsNode2Vec","0.08116868,0.025016872,-0.2421763,-0.09976796,-0.17067942,-0.18240657,-0.049508773,0.24014027,-0.40480796,0.14246836,-0.3052662,-0.14841387,-0.03362656,-0.20795867,0.15350589,-0.36672682,-0.17090943,-0.34680638,-0.14074281,-0.0513678,0.15724672,-0.38288647,0.06654906,0.20991409,-0.030159581,-0.32597145,0.09440076,-0.3258054,0.034781203,0.20117354,-0.3337774,0.24468121",""
"./index.tsx","react-router-native","embeddingsNode2Vec","0.08074429,0.036305092,-0.27221903,-0.10747081,-0.18491489,-0.18331437,-0.04323465,0.23366934,-0.3844681,0.16431133,-0.2946121,-0.16041581,-0.050171502,-0.22375667,0.1790646,-0.36749667,-0.15084784,-0.32961938,-0.14650346,-0.047411013,0.16655073,-0.3921606,0.067630686,0.17937446,-0.029678414,-0.29420543,0.09478939,-0.3401836,0.047740355,0.20506898,-0.35759136,0.23028412",""
"./index.ts","router","embeddingsNode2Vec","0.08543896,0.029511606,-0.25898713,-0.107938424,-0.18871978,-0.17934008,-0.05159689,0.2518901,-0.39323127,0.15992665,-0.3075774,-0.15173998,-0.036183387,-0.2201442,0.15436761,-0.36615855,-0.16345784,-0.33300713,-0.14225933,-0.04127614,0.16399889,-0.38840297,0.07456653,0.20123605,-0.023719713,-0.31051004,0.08169366,-0.31925142,0.03389921,0.19597684,-0.34571505,0.23717895",""
