"codeUnitName","shortCodeUnitName","propertyName","propertyValue","Source Cypher File: Dependencies_Projection/Dependencies_8_Stream_Mutated.cypher"
"./index.ts","react-router","embeddingsNode2Vec","0.047729023,0.019758651,-0.23673552,-0.1406228,-0.20929277,-0.16022222,-0.009410734,0.21133408,-0.35625413,0.19060439,-0.27078396,-0.23854156,-0.03512807,-0.12990965,0.094322674,-0.41493827,-0.24090065,-0.3917601,-0.13047707,-0.060788427,0.16585636,-0.3698492,0.042829614,0.19927299,-0.021973526,-0.37366748,0.12499112,-0.34083632,0.034895618,0.2653839,-0.35230038,0.15818715",""
"./index.tsx","react-router-dom","embeddingsNode2Vec","0.053243257,0.009687188,-0.23330049,-0.1389667,-0.18310823,-0.16663806,-0.00014011373,0.18396923,-0.34936526,0.16698553,-0.2569248,-0.22891419,-0.029420206,-0.137034,0.111805335,-0.3962805,-0.20932625,-0.37318558,-0.12766899,-0.06920278,0.15520382,-0.3622006,0.045896765,0.19339578,-0.025396142,-0.33881563,0.13367291,-0.34276262,0.038055886,0.2745676,-0.3490944,0.15984295",""
"./server.tsx","server.tsx","embeddingsNode2Vec","0.054732755,0.0008259079,-0.22538765,-0.14022245,-0.17331493,-0.16867954,-0.0010733386,0.1886726,-0.3669616,0.16209097,-0.2625168,-0.23535599,-0.018217092,-0.13145776,0.09824434,-0.40098718,-0.23067173,-0.36629146,-0.12342086,-0.07244494,0.1479404,-0.35642597,0.047166515,0.21372613,-0.025134614,-0.36254865,0.13972832,-0.3296803,0.031151315,0.28106123,-0.3402185,0.16495246",""
"./index.tsx","react-router-native","embeddingsNode2Vec","0.0500009,0.012848005,-0.24464154,-0.14464247,-0.19400878,-0.16533199,0.006221108,0.18235767,-0.33944148,0.1897414,-0.25124958,-0.24867262,-0.035928406,-0.14211266,0.11730217,-0.39800468,-0.21351303,-0.3663226,-0.13062951,-0.06564078,0.16004755,-0.3700322,0.047238287,0.18023136,-0.022185424,-0.3413504,0.13403817,-0.3413691,0.042413954,0.28523037,-0.36103818,0.14498888",""
"./index.ts","router","embeddingsNode2Vec","0.05503243,0.0051973346,-0.23383948,-0.1376749,-0.19287379,-0.16332023,-0.004433758,0.20046559,-0.36048794,0.17628455,-0.27149072,-0.23973912,-0.02189584,-0.1406691,0.09988628,-0.39449096,-0.2192998,-0.36895666,-0.1252402,-0.061972808,0.1562445,-0.3589106,0.05348779,0.2009816,-0.019410465,-0.35345545,0.12320462,-0.3255175,0.030873353,0.27130342,-0.35043576,0.15907285",""
