"codeUnitName","shortCodeUnitName","propertyName","propertyValue","Source Cypher File: Dependencies_Projection/Dependencies_8_Stream_Mutated.cypher"
"./index.ts","react-router","embeddingsNode2Vec","0.041838393,-0.06955427,-0.30806094,-0.20508718,0.18291746,-0.16605464,0.22595312,-0.29077134,-0.14921232,-0.011266273,0.09712566,-0.3467998,-0.055753294,-0.15081695,0.36009565,-0.44230556,-0.006081945,-0.22832508,-0.12157381,-0.257921,0.03453863,-0.28385875,-0.011057625,0.029424623,-0.0894864,0.035817944,0.3829089,-0.3074771,0.14747705,0.4676941,-0.22320312,-0.035386898",""
"./index.tsx","react-router-dom","embeddingsNode2Vec","0.050989408,-0.076095276,-0.30333,-0.19619052,0.19589253,-0.15886454,0.22013038,-0.29180586,-0.14544831,-0.026402136,0.09260393,-0.33913094,-0.04701469,-0.16575462,0.37077427,-0.43335283,0.013142073,-0.2164004,-0.12016692,-0.26274654,0.02436263,-0.26918042,-0.00034041412,0.02886484,-0.089737356,0.054627642,0.39114204,-0.3144177,0.14460254,0.4581589,-0.20811196,-0.0319166",""
"./server.tsx","server.tsx","embeddingsNode2Vec","0.04920894,-0.08505295,-0.28936794,-0.2070057,0.18666965,-0.16134694,0.2209518,-0.28552118,-0.1585034,-0.024760801,0.07769749,-0.35519898,-0.03519381,-0.14581117,0.34754077,-0.43540657,-0.011285715,-0.23596235,-0.11910219,-0.2595564,0.02373392,-0.26777995,0.0016369018,0.05059614,-0.08590022,0.021127898,0.38016865,-0.30198562,0.1320852,0.452774,-0.20071305,-0.03465149",""
"./index.tsx","react-router-native","embeddingsNode2Vec","0.044555906,-0.07448645,-0.2955885,-0.20161505,0.16676873,-0.15300195,0.22087967,-0.27711803,-0.12884808,-5.0267627e-06,0.08267139,-0.3519286,-0.04522118,-0.15075433,0.34849793,-0.42896265,0.0008348072,-0.21717806,-0.12052837,-0.24137469,0.029750932,-0.26948944,0.0041367267,0.022340445,-0.07691268,0.036927503,0.36289218,-0.299932,0.13451861,0.44294533,-0.21559305,-0.04660708",""
"./index.ts","router","embeddingsNode2Vec","0.048855428,-0.06924168,-0.2964758,-0.19864799,0.17176951,-0.16225193,0.2150515,-0.2733767,-0.16488539,-0.011853626,0.07307794,-0.3438097,-0.04827082,-0.1607223,0.36033165,-0.45165402,-0.010576378,-0.23617122,-0.12465619,-0.25593272,0.034994554,-0.28814077,-0.0025723237,0.04298687,-0.088118255,0.021144258,0.37834507,-0.31547502,0.13853486,0.45203853,-0.221237,-0.02177538",""
