"codeUnitName","shortCodeUnitName","propertyName","propertyValue","Source Cypher File: Dependencies_Projection/Dependencies_8_Stream_Mutated.cypher"
"./index.ts","react-router","embeddingsNode2Vec","-0.069533914,-0.017596444,-0.041125715,-0.18496075,-0.19293441,-0.04418203,0.0849355,0.049075793,-0.21831484,0.175128,-0.093201615,-0.35855827,0.0017256807,0.19134994,-0.18277548,-0.36833492,-0.40567636,-0.4232654,-0.028542833,-0.113317735,0.12241591,-0.18014736,-0.08731823,0.22789069,-0.023212966,-0.5042019,0.19666079,-0.23127922,0.0054953657,0.39442793,-0.21643107,-0.06956324",""
"./index.tsx","react-router-dom","embeddingsNode2Vec","-0.066886485,-0.013918092,-0.055444993,-0.19158554,-0.19242112,-0.055441067,0.08415438,0.049805954,-0.23506145,0.1740595,-0.095016375,-0.33917102,-0.004883876,0.17326878,-0.16444463,-0.38177246,-0.40572745,-0.44481543,-0.034631446,-0.11807055,0.1232919,-0.19495918,-0.08836093,0.22786751,-0.030678364,-0.48252052,0.21070194,-0.24384245,0.011909798,0.3777223,-0.22257486,-0.04870575",""
"./server.tsx","server.tsx","embeddingsNode2Vec","-0.062412012,-0.022289135,-0.047115404,-0.18686636,-0.17657979,-0.053148575,0.08726169,0.044983696,-0.22955714,0.16158448,-0.093431,-0.3472361,0.0041556475,0.18342587,-0.17336367,-0.37950623,-0.40922338,-0.43167752,-0.030556643,-0.12299246,0.11978118,-0.18333705,-0.08671092,0.23933966,-0.028649395,-0.4941403,0.21225333,-0.24077013,0.007049145,0.38339767,-0.21079266,-0.05552088",""
"./index.tsx","react-router-native","embeddingsNode2Vec","-0.06708958,-0.012823763,-0.060421556,-0.1904017,-0.18743907,-0.05337543,0.09208936,0.037058722,-0.21777794,0.17905343,-0.08395241,-0.3611296,-0.00978594,0.17699273,-0.15703753,-0.38803607,-0.40152493,-0.42289937,-0.036546987,-0.12214283,0.12570673,-0.19407867,-0.089425564,0.21947263,-0.03027896,-0.48490098,0.21616656,-0.2515832,0.01698529,0.39204404,-0.22962052,-0.06392135",""
"./index.ts","router","embeddingsNode2Vec","-0.06206761,-0.01518269,-0.049855154,-0.17981426,-0.18754782,-0.055230744,0.07776063,0.05917275,-0.23133545,0.16688702,-0.10411803,-0.34320223,-0.00037019706,0.17874435,-0.16893086,-0.37183368,-0.41640773,-0.42339757,-0.03262849,-0.11979808,0.124652706,-0.18979618,-0.08496864,0.239517,-0.028661758,-0.50977266,0.20468207,-0.24169648,0.0070710024,0.36418816,-0.21629274,-0.044975176",""
