"codeUnitName","shortCodeUnitName","propertyName","propertyValue","Source Cypher File: Dependencies_Projection/Dependencies_8_Stream_Mutated.cypher"
"./index.ts","react-router","embeddingsNode2Vec","-0.13829963,0.10580686,-0.054559603,-0.054871235,-0.18539885,0.13150533,0.16143075,-0.21899949,0.5827413,0.3546964,0.30665454,-0.22264989,-0.17553599,0.044535752,0.078431875,0.12776448,0.17135006,0.24138057,-0.004520409,0.12764841,0.04583827,0.036374744,-0.03708096,-0.49460724,0.074890055,0.32769138,-0.08025223,0.026756136,0.107823364,0.037995186,-0.17632122,-0.4242329",""
"./index.tsx","react-router-dom","embeddingsNode2Vec","-0.14779505,0.13022749,-0.06957192,-0.058240417,-0.19314069,0.13450074,0.1644765,-0.23678303,0.6031699,0.360858,0.31162688,-0.23518114,-0.1986555,0.03721512,0.09470703,0.114179194,0.18185414,0.23975246,-0.010111598,0.12127369,0.05094046,0.023712324,-0.043924324,-0.509247,0.07075732,0.3408362,-0.07342414,0.01161641,0.118075125,0.04754885,-0.17829423,-0.40559217",""
"./server.tsx","server.tsx","embeddingsNode2Vec","-0.14438291,0.10942554,-0.06545351,-0.06906795,-0.18194224,0.13006492,0.17714003,-0.24156642,0.5927685,0.36776334,0.3207236,-0.25260907,-0.18272932,0.0514774,0.083872855,0.098226525,0.15860386,0.22585078,-0.007443975,0.10821387,0.047434147,0.024975056,-0.045791503,-0.49038476,0.06809378,0.33826545,-0.057450622,0.009858982,0.11985578,0.06936257,-0.17699975,-0.41906798",""
"./index.tsx","react-router-native","embeddingsNode2Vec","-0.13790017,0.10953709,-0.07196587,-0.06675401,-0.18211295,0.12419957,0.16978323,-0.2294727,0.5770513,0.35433003,0.30928558,-0.24657018,-0.18347989,0.037731104,0.09382957,0.09834096,0.16531202,0.22780441,-0.011637546,0.11098285,0.04922072,0.017264383,-0.039632104,-0.4879478,0.068759605,0.33287978,-0.061611284,0.00577732,0.11640308,0.06447464,-0.18469481,-0.41169158",""
"./index.ts","router","embeddingsNode2Vec","-0.14845404,0.11871289,-0.06711154,-0.06378232,-0.20096771,0.13204962,0.17653209,-0.23682484,0.57603186,0.3814103,0.3159901,-0.24060687,-0.18695708,0.045542147,0.07982296,0.11019013,0.15920581,0.22608364,-0.008039154,0.11467796,0.052648325,0.022438694,-0.043558896,-0.48635983,0.06882728,0.32705218,-0.07299259,0.011400439,0.11552487,0.05555299,-0.18509291,-0.4146118",""
