"codeUnitName","shortCodeUnitName","propertyName","propertyValue","Source Cypher File: Dependencies_Projection/Dependencies_8_Stream_Mutated.cypher"
"./index.ts","react-router","embeddingsNode2Vec","0.1628669,-0.117913485,-0.17421415,0.029995324,0.5167165,-0.13596472,0.078159966,-0.30267873,-0.12740609,-0.39389575,0.11383411,0.13937823,0.04266926,-0.3279372,0.49585894,-0.036647175,0.39484558,0.1775995,-0.06718544,-0.20522742,-0.15855917,-0.025108764,0.08134906,-0.007240911,-0.09544625,0.45738456,0.2071688,-0.014802892,0.08436442,0.01808038,0.16050434,0.16972157",""
"./index.tsx","react-router-dom","embeddingsNode2Vec","0.15237023,-0.12078094,-0.16223827,0.028010815,0.528584,-0.13255417,0.083571,-0.30311948,-0.118137725,-0.40712538,0.11242066,0.13902043,0.049693704,-0.31868,0.49743673,-0.031352133,0.39811274,0.17653278,-0.06564206,-0.20108104,-0.16121209,-0.020437164,0.0921537,-0.006267674,-0.089502506,0.44651532,0.18875983,-0.005998674,0.074673206,0.013478616,0.1506304,0.15322632",""
"./server.tsx","server.tsx","embeddingsNode2Vec","0.1641806,-0.12460663,-0.17172128,0.023780935,0.50367445,-0.13747531,0.079331264,-0.29553422,-0.14227894,-0.39232725,0.103412494,0.12763105,0.0496423,-0.31773221,0.47945386,-0.04965232,0.37639108,0.15811767,-0.06745897,-0.21162486,-0.15872593,-0.028582223,0.08226885,0.011003152,-0.096222095,0.44469061,0.22041114,-0.01918336,0.080401026,0.031491194,0.15756683,0.16780293",""
"./index.tsx","react-router-native","embeddingsNode2Vec","0.15653399,-0.1106119,-0.17983225,0.021607218,0.49260014,-0.1314455,0.083297595,-0.3003195,-0.11362096,-0.37069547,0.119952835,0.11954968,0.0314814,-0.31990874,0.48793864,-0.046583273,0.38058555,0.16870484,-0.0700903,-0.2014691,-0.14835113,-0.034361802,0.07719398,-0.01912037,-0.095038876,0.4480346,0.2084241,-0.025704997,0.08876857,0.03092687,0.13990004,0.1554246",""
"./index.ts","router","embeddingsNode2Vec","0.16581663,-0.11651146,-0.18093625,0.027628742,0.5123988,-0.13994339,0.075763956,-0.2919266,-0.13989866,-0.38974202,0.10510713,0.13620476,0.03961368,-0.3348485,0.49545056,-0.045854885,0.3968013,0.17243017,-0.07240797,-0.20548959,-0.15399688,-0.03698928,0.084265746,-0.0026527927,-0.09704604,0.45221907,0.20773977,-0.024410749,0.08559599,0.021962203,0.14712381,0.17805903",""
