"codeUnitName","shortCodeUnitName","propertyName","propertyValue","Source Cypher File: Dependencies_Projection/Dependencies_8_Stream_Mutated.cypher"
"./index.ts","react-router","embeddingsNode2Vec","-0.039937478,-0.051883105,-0.099021435,-0.07649578,0.17412215,0.05448261,0.2555238,-0.42246565,0.48201403,0.051663917,0.35450238,-0.20867705,-0.055154618,-0.058577184,0.27236688,0.05670088,0.32893473,0.27892393,-0.016821144,-0.0378912,-0.09520301,0.0648375,0.0339233,-0.38731524,0.03384374,0.5079927,0.08439635,0.054548953,0.10679215,0.135077,-0.0014062725,-0.36029616",""
"./index.tsx","react-router-dom","embeddingsNode2Vec","-0.03167485,-0.046819948,-0.113071464,-0.07391434,0.18988372,0.0424082,0.25379202,-0.43671468,0.46750337,0.038445275,0.35858405,-0.19587691,-0.062226456,-0.07984925,0.3056885,0.045514826,0.33223176,0.27279636,-0.023864591,-0.04992558,-0.09465629,0.053218048,0.03301637,-0.39357692,0.024270384,0.52306205,0.09607358,0.041325226,0.11411428,0.13093649,-0.0048135705,-0.33344865",""
"./server.tsx","server.tsx","embeddingsNode2Vec","-0.03649753,-0.05680008,-0.0971619,-0.08210535,0.18283781,0.049052615,0.25621188,-0.43175364,0.47619092,0.044268943,0.34984562,-0.21595508,-0.050877236,-0.05642894,0.27569675,0.043577522,0.3185773,0.2733818,-0.018389074,-0.04812663,-0.09905921,0.062366903,0.03462542,-0.3815186,0.03246259,0.4965719,0.09517802,0.049438033,0.10831922,0.14612702,-0.00050408894,-0.35963437",""
"./index.tsx","react-router-native","embeddingsNode2Vec","-0.03478872,-0.043448523,-0.11509832,-0.08079997,0.17596708,0.04193555,0.25114366,-0.42276064,0.4538553,0.051541746,0.34575865,-0.21244822,-0.06538377,-0.07343427,0.28955737,0.03285961,0.31882033,0.2608416,-0.025673363,-0.04907178,-0.08638651,0.044134527,0.029030373,-0.3809144,0.025059305,0.4987383,0.10084359,0.031679913,0.116096176,0.14476267,-0.017718237,-0.3386384",""
"./index.ts","router","embeddingsNode2Vec","-0.036032118,-0.03938378,-0.12135756,-0.0755138,0.18568255,0.041692853,0.24994409,-0.43168512,0.45867604,0.044850882,0.35412046,-0.20637538,-0.074526414,-0.08251212,0.30348718,0.039649762,0.33351374,0.2730465,-0.026413884,-0.051495157,-0.08878156,0.04573538,0.02553652,-0.3942692,0.02066246,0.510692,0.10116301,0.031988684,0.12210717,0.13802926,-0.014163715,-0.33413664",""
