"codeUnitName","shortCodeUnitName","propertyName","propertyValue","Source Cypher File: Dependencies_Projection/Dependencies_8_Stream_Mutated.cypher"
"./index.ts","react-router","embeddingsFastRandomProjection","-0.6417396,-0.38728988,0.11315365,0.30408812,0.3915915,0.29978657,-0.3633017,0,0.24765596,-0.118285224,0.2193662,0.2544497,0.27843782,0.118285224,-0.3633017,0.13450234,0.11315365,0.11315365,-0.27843782,-0.3915915,-0.08486386,-0.13450234,0.30408812,0.3633017,-0.58530736,0.08750334,0.25278753,0.13450234,-0.16015266,0.0043016206,-0.13880396,-0.3633017",""
"./index.tsx","react-router-dom","embeddingsFastRandomProjection","-0.63558936,-0.42195973,0.11463956,0.34281355,0.42800474,0.3367685,-0.3222241,0,0.2526824,-0.14587402,0.14690171,0.2136296,0.31336522,0.14587402,-0.3222241,0.13804285,0.11463956,0.11463956,-0.31336522,-0.42800474,-0.008858904,-0.13804285,0.34281355,0.3222241,-0.54545814,0.0851912,0.28391686,0.13804285,-0.16749121,0.0060450807,-0.14408793,-0.3222241",""
"./server.tsx","server.tsx","embeddingsFastRandomProjection","-0.6958092,-0.4776246,0.20211546,0.35009706,0.5302943,0.29742742,-0.36763036,0,0.3734795,-0.1348965,0.21081562,0.21818456,0.32817876,0.1348965,-0.36763036,0.17136404,0.20211546,0.20211546,-0.32817876,-0.5302943,-0.03945157,-0.17136404,0.35009706,0.36763036,-0.71919155,0.18019722,0.30626056,0.17136404,-0.19328228,0.05266966,-0.22403371,-0.36763036",""
"./index.tsx","react-router-native","embeddingsFastRandomProjection","-0.5992127,-0.367099,0.07883667,0.32288027,0.3703142,0.31966504,-0.30773515,0,0.18586083,-0.15305065,0.12328178,0.23211376,0.29147753,0.15305065,-0.30773515,0.107024156,0.07883667,0.07883667,-0.29147753,-0.3703142,-0.016257614,-0.107024156,0.32288027,0.30773515,-0.46219325,0.047433924,0.2600748,0.107024156,-0.1384269,0.003215272,-0.11023942,-0.30773515",""
"./index.ts","router","embeddingsFastRandomProjection","-0.69774383,-0.53679717,0.14105755,0.3531372,0.4693539,0.42058042,-0.36944747,0,0.37439916,-0.07011394,0.27449274,0.1609467,0.32829636,0.07011394,-0.36944747,0.2333416,0.14105755,0.14105755,-0.32829636,-0.4693539,-0.041151095,-0.2333416,0.3531372,0.36944747,-0.7190058,0.11621674,0.30345556,0.2333416,-0.25818244,-0.06744323,-0.16589838,-0.36944747",""
