"codeUnitName","shortCodeUnitName","propertyName","propertyValue","Source Cypher File: Dependencies_Projection/Dependencies_8_Stream_Mutated.cypher"
"./index.ts","react-router","embeddingsNode2Vec","-0.14262015,0.03803412,-0.13871136,-0.20282783,-0.16926023,0.04928248,0.25617218,-0.27973276,0.398092,0.37371776,0.26126072,-0.47980702,-0.13854305,0.11164293,0.062449586,-0.21493307,-0.06422687,-0.07175794,-0.039729282,-0.03817132,0.084582224,-0.110282466,-0.07259091,-0.29124048,0.031034186,0.059248105,0.1596396,-0.15311772,0.13018134,0.36964434,-0.27703595,-0.4336478",""
"./index.tsx","react-router-dom","embeddingsNode2Vec","-0.14139554,0.034230668,-0.15018708,-0.21754159,-0.15770167,0.04944193,0.2892742,-0.30224916,0.38275442,0.3392665,0.27957773,-0.47818455,-0.13546157,0.10067193,0.08546288,-0.22606558,-0.05884792,-0.076767996,-0.044406697,-0.0513235,0.08251997,-0.11774801,-0.07311351,-0.2843337,0.023918003,0.07071461,0.18196523,-0.16979395,0.13505487,0.39413327,-0.27152625,-0.41236296",""
"./server.tsx","server.tsx","embeddingsNode2Vec","-0.13659461,0.023051938,-0.13939351,-0.21389401,-0.14150207,0.04191881,0.27679062,-0.2990199,0.3566348,0.33570075,0.26928866,-0.49544156,-0.131926,0.11553696,0.06728755,-0.234515,-0.07325408,-0.08651473,-0.039811365,-0.055218287,0.07908915,-0.113529086,-0.07106033,-0.26895192,0.024226803,0.050993763,0.18116204,-0.1684031,0.12599725,0.39489034,-0.26827258,-0.40998116",""
"./index.tsx","react-router-native","embeddingsNode2Vec","-0.13402815,0.030223934,-0.14612377,-0.20897157,-0.14670116,0.04158344,0.2739501,-0.2929599,0.35789484,0.34050348,0.26608163,-0.48848662,-0.13559854,0.10113507,0.078539304,-0.22477408,-0.060370304,-0.07584668,-0.043011025,-0.047373492,0.08166182,-0.117211945,-0.067012936,-0.2812654,0.025832217,0.06417127,0.17441964,-0.16869383,0.12869409,0.3881315,-0.27703726,-0.4096113",""
"./index.ts","router","embeddingsNode2Vec","-0.14750554,0.037291944,-0.14940271,-0.21670255,-0.1639367,0.04471988,0.2725437,-0.28193226,0.35928747,0.3417169,0.25373802,-0.4861937,-0.1369879,0.10671612,0.070186876,-0.23544694,-0.07565562,-0.08459491,-0.044033058,-0.046987765,0.086722925,-0.12148321,-0.07299461,-0.27708048,0.024759807,0.05044166,0.17363645,-0.17244141,0.12691984,0.38241094,-0.2779672,-0.41489118",""
