"codeUnitName","shortCodeUnitName","propertyName","propertyValue","Source Cypher File: Dependencies_Projection/Dependencies_8_Stream_Mutated.cypher"
"./index.ts","react-router","embeddingsNode2Vec","0.055505898,-0.14707091,-0.10509449,-0.19414143,-0.0011279726,-0.14096105,0.095959984,0.050083376,-0.36006573,-0.010753733,-0.21318606,-0.30789754,0.13072939,0.032760363,-0.035211697,-0.42651433,-0.2935593,-0.42198956,-0.06140713,-0.16611567,0.04198775,-0.22547305,0.05370137,0.33666867,-0.012359538,-0.4471229,0.23988284,-0.23032723,-0.03273472,0.38284537,-0.15013076,0.046322066",""
"./index.tsx","react-router-dom","embeddingsNode2Vec","0.06636187,-0.15799272,-0.111805625,-0.18235333,0.021338066,-0.14807609,0.10112802,0.03667324,-0.3786041,-0.025537558,-0.21141537,-0.31087148,0.12587215,0.013528631,-0.007892244,-0.45249978,-0.28132275,-0.4008647,-0.065638706,-0.1691591,0.03488591,-0.22621396,0.060167134,0.33720177,-0.015576189,-0.41743603,0.26139024,-0.23086745,-0.029211521,0.40388098,-0.15686718,0.051879223",""
"./server.tsx","server.tsx","embeddingsNode2Vec","0.06112876,-0.16261233,-0.10705111,-0.19647981,0.01024144,-0.143152,0.10428955,0.044215214,-0.36695272,-0.018524911,-0.21071273,-0.31338057,0.13952814,0.027913162,-0.029371884,-0.4388544,-0.28854072,-0.42350113,-0.062026385,-0.169703,0.03441823,-0.22247352,0.06358786,0.34574503,-0.009436417,-0.41607356,0.2478542,-0.2259254,-0.036557026,0.4074884,-0.1486316,0.043244187",""
"./index.tsx","react-router-native","embeddingsNode2Vec","0.05758015,-0.15331355,-0.123609066,-0.2001215,-0.0011558923,-0.1480115,0.10865246,0.034466293,-0.34305117,0.0020705024,-0.19752991,-0.3274055,0.123639636,0.02224224,-0.013934635,-0.44100067,-0.28426027,-0.41582057,-0.06757144,-0.1678317,0.043498408,-0.23270637,0.0590434,0.32999626,-0.010973057,-0.4058105,0.24669588,-0.23637708,-0.025026578,0.41795433,-0.16690546,0.032649476",""
"./index.ts","router","embeddingsNode2Vec","0.06225409,-0.16133295,-0.106951766,-0.18566899,-0.0052455273,-0.14405863,0.09742096,0.056061283,-0.38042772,-0.006802034,-0.22100705,-0.32518083,0.13834518,0.027775992,-0.033613995,-0.4276707,-0.2926957,-0.41483307,-0.06309688,-0.1597956,0.0406359,-0.22797175,0.06323745,0.34778613,-0.0072226017,-0.4275084,0.2304918,-0.21863918,-0.037160464,0.4060002,-0.15347137,0.044550978",""
