"codeUnitName","shortCodeUnitName","propertyName","propertyValue","Source Cypher File: Dependencies_Projection/Dependencies_8_Stream_Mutated.cypher"
"./index.ts","react-router","embeddingsNode2Vec","-0.049114782,-0.20819445,0.23894161,-0.13536884,-0.14052707,0.05141739,0.08500478,0.1303073,-0.05885962,0.044043925,-0.16967198,-0.27749678,0.26145685,0.3886,-0.4913233,-0.12398579,-0.40226015,-0.28407526,0.095372945,0.008927961,-0.038655132,0.10161027,0.05904068,0.32104912,0.120888636,-0.5279881,-0.0012653037,0.09403604,-0.19314563,0.24758942,0.07431771,-0.22723517",""
"./index.tsx","react-router-dom","embeddingsNode2Vec","-0.043959785,-0.19746724,0.23327914,-0.13046233,-0.12724525,0.045219272,0.077877864,0.12276388,-0.073744655,0.032332793,-0.17059755,-0.25915527,0.26593396,0.3847801,-0.48533773,-0.12988257,-0.41763645,-0.3095954,0.0916965,0.001672161,-0.03848061,0.095412135,0.05352886,0.32219347,0.1116447,-0.5256451,0.006335847,0.08521158,-0.19113658,0.24173835,0.0769958,-0.20573714",""
"./server.tsx","server.tsx","embeddingsNode2Vec","-0.042499177,-0.20390005,0.2218217,-0.1381923,-0.13051781,0.041014552,0.0832265,0.124267824,-0.08119852,0.035584807,-0.17581405,-0.27415314,0.25968394,0.36797506,-0.48911622,-0.14157122,-0.4055978,-0.29934984,0.0857828,-0.00250944,-0.035840623,0.08573574,0.05574878,0.3164032,0.10980901,-0.526171,0.012660023,0.07575566,-0.18448508,0.24195804,0.0667565,-0.19634877",""
"./index.tsx","react-router-native","embeddingsNode2Vec","-0.050424986,-0.20322582,0.22084913,-0.14566843,-0.13766854,0.043120887,0.092774294,0.110828646,-0.0665839,0.050142836,-0.16175129,-0.29068482,0.2514852,0.37364903,-0.483195,-0.15079752,-0.41493794,-0.3051166,0.08617135,-0.004576232,-0.030655265,0.0814282,0.05040994,0.3101117,0.10968184,-0.52512383,0.020313779,0.06796025,-0.1787975,0.26109424,0.055431984,-0.21331643",""
"./index.ts","router","embeddingsNode2Vec","-0.044830866,-0.19965933,0.22679158,-0.13654445,-0.14263754,0.04203221,0.07628148,0.13478269,-0.082971826,0.043500792,-0.17766894,-0.26808268,0.25979853,0.3745117,-0.49573973,-0.13821192,-0.42536548,-0.2996501,0.08666407,0.0031465385,-0.030043008,0.08445148,0.053765863,0.31526878,0.10853522,-0.54431987,0.0060830424,0.07298724,-0.19004636,0.24486595,0.06138903,-0.19340666",""
