"codeUnitName","shortCodeUnitName","propertyName","propertyValue","Source Cypher File: Dependencies_Projection/Dependencies_8_Stream_Mutated.cypher"
"./index.ts","react-router","embeddingsNode2Vec","0.21400432,-0.13781479,-0.121223606,0.06725401,0.47858942,-0.19438449,-0.05134856,-0.06140885,-0.4103535,-0.46374163,-0.118609816,0.25537384,0.12912573,-0.32937756,0.37074727,-0.0658848,0.25377458,0.040842105,-0.06558393,-0.19661413,-0.13807514,-0.06006219,0.12077573,0.24035954,-0.1005642,0.19609332,0.15167369,-0.022719214,0.0016268874,-0.04891636,0.18998905,0.38727722",""
"./index.tsx","react-router-dom","embeddingsNode2Vec","0.22948863,-0.15766686,-0.12999848,0.06358998,0.49340943,-0.19140972,-0.04653388,-0.0754137,-0.43095285,-0.4795894,-0.12098513,0.24326769,0.12448271,-0.32188496,0.37562335,-0.071585774,0.2486122,0.039142616,-0.065495156,-0.1897135,-0.13926661,-0.06453254,0.11952347,0.23328145,-0.09772129,0.2016134,0.16169252,-0.027654113,0.0038187164,-0.040021587,0.18389975,0.3846042",""
"./server.tsx","server.tsx","embeddingsNode2Vec","0.21915933,-0.15679145,-0.1324147,0.045911234,0.48105907,-0.19803104,-0.044222713,-0.06102792,-0.4572023,-0.47824535,-0.13442366,0.22128089,0.14166336,-0.31692404,0.3673549,-0.117913686,0.21255948,-0.011503987,-0.07014595,-0.2177686,-0.13198711,-0.082602784,0.11293108,0.28271517,-0.10897523,0.14941542,0.1925065,-0.05098834,0.00055035396,-0.0044289674,0.17331202,0.3795598",""
"./index.tsx","react-router-native","embeddingsNode2Vec","0.21623944,-0.13989885,-0.14486742,0.049038514,0.46930495,-0.19345255,-0.040015675,-0.07303399,-0.42743602,-0.45812693,-0.117749944,0.22260322,0.11662187,-0.3290251,0.38121197,-0.104823895,0.22953373,0.009626884,-0.07245821,-0.20448038,-0.12637928,-0.08641612,0.10963337,0.2439431,-0.10632883,0.17697288,0.18168563,-0.054191038,0.012645314,-0.0122999,0.15924796,0.36883667",""
"./index.ts","router","embeddingsNode2Vec","0.22584386,-0.14013006,-0.13603683,0.05650018,0.47103363,-0.19672544,-0.05169806,-0.054515835,-0.43856397,-0.46420607,-0.13286638,0.2329421,0.12309815,-0.32425416,0.36937368,-0.09673368,0.23468001,0.012951015,-0.07193382,-0.20544736,-0.12984855,-0.08643819,0.11899382,0.26237372,-0.105842225,0.17546062,0.17219462,-0.047806986,0.005821643,-0.027712634,0.1675921,0.38121006",""
