"codeUnitName","shortCodeUnitName","propertyName","propertyValue","Source Cypher File: Dependencies_Projection/Dependencies_8_Stream_Mutated.cypher"
"./index.ts","react-router","embeddingsNode2Vec","0.04635327,-0.17012718,-0.20839173,-0.20109268,0.3460303,-0.11644577,0.30382657,-0.4419313,-0.010816854,-0.13766567,0.20084289,-0.3589027,0.036907002,-0.083795294,0.33646092,-0.35093686,0.08523849,-0.112280756,-0.07430287,-0.28326765,-0.080749735,-0.12863836,0.022699798,-0.0013611659,-0.06221185,0.17113072,0.39958444,-0.17471127,0.1089674,0.45159653,-0.050968397,-0.16349478",""
"./index.tsx","react-router-dom","embeddingsNode2Vec","0.053700373,-0.17621927,-0.21996018,-0.20277508,0.34901765,-0.12067813,0.2997402,-0.43570718,-0.016809668,-0.13978572,0.19305743,-0.3454503,0.0376342,-0.09472628,0.3393504,-0.35044935,0.0957842,-0.10654573,-0.0753996,-0.27599603,-0.08091651,-0.12930411,0.02819896,-0.00057718897,-0.06158109,0.1764382,0.3936475,-0.17367974,0.108118,0.4451725,-0.051425256,-0.1509409",""
"./server.tsx","server.tsx","embeddingsNode2Vec","0.048088416,-0.17834248,-0.20424858,-0.20415285,0.33815145,-0.11585308,0.29727608,-0.42579243,-0.024361204,-0.14141425,0.18849151,-0.35974312,0.04662511,-0.07468198,0.31799117,-0.35391852,0.0699433,-0.1244487,-0.071363956,-0.2855826,-0.081933305,-0.12702596,0.025006423,0.016340278,-0.059616104,0.14771898,0.39682427,-0.17155492,0.10125381,0.45789304,-0.046990134,-0.1582586",""
"./index.tsx","react-router-native","embeddingsNode2Vec","0.04506407,-0.16447736,-0.21316144,-0.20026046,0.32368565,-0.11270731,0.293161,-0.42063707,-0.0055309893,-0.12187244,0.19320112,-0.3660326,0.032307878,-0.086860895,0.33132648,-0.35564396,0.08459191,-0.10872165,-0.07528506,-0.27039045,-0.07400142,-0.13099395,0.024836047,-0.008642313,-0.056896407,0.16389713,0.38035423,-0.17114824,0.106710345,0.43911853,-0.060579438,-0.16197069",""
"./index.ts","router","embeddingsNode2Vec","0.052174687,-0.1676577,-0.2285368,-0.20066579,0.34126028,-0.12510909,0.296198,-0.42529297,-0.027730271,-0.13282049,0.18689011,-0.34780657,0.032726135,-0.094232075,0.33521995,-0.34951276,0.08535485,-0.119510196,-0.07837949,-0.2821737,-0.075590216,-0.1380478,0.023365462,0.00377047,-0.06715375,0.16935854,0.40096313,-0.18929172,0.11233923,0.45807737,-0.06287962,-0.14715791",""
