"codeUnitName","shortCodeUnitName","propertyName","propertyValue","Source Cypher File: Dependencies_Projection/Dependencies_8_Stream_Mutated.cypher"
"./index.ts","react-router","embeddingsNode2Vec","0.093630016,-0.09746318,-0.25317582,-0.1564514,0.22452506,-0.19740455,0.1269752,-0.16110815,-0.37517923,-0.14428072,-0.043052748,-0.22499987,0.0066057136,-0.16167438,0.29340577,-0.45329598,-0.07529917,-0.30360174,-0.11102965,-0.27871493,0.018862003,-0.2707059,0.0049446803,0.22481894,-0.11203591,-0.10154185,0.3956185,-0.3096572,0.09319001,0.3908817,-0.14218765,0.14302392",""
"./index.tsx","react-router-dom","embeddingsNode2Vec","0.10659531,-0.108652584,-0.25816503,-0.15654062,0.24151154,-0.20709057,0.12808524,-0.16328464,-0.40349036,-0.16133754,-0.050271984,-0.21407974,0.012646688,-0.17921244,0.32327554,-0.4600295,-0.06274943,-0.30027544,-0.116988964,-0.2846273,0.013784189,-0.27815023,0.013167056,0.22939153,-0.112489074,-0.08587581,0.38994482,-0.29545677,0.08900551,0.38447753,-0.13406996,0.15133534",""
"./server.tsx","server.tsx","embeddingsNode2Vec","0.09809323,-0.11104794,-0.24380836,-0.1583584,0.21478158,-0.19344962,0.12383647,-0.1438306,-0.38893092,-0.14470744,-0.06006647,-0.22311214,0.02397939,-0.14532353,0.26702034,-0.44448423,-0.089529544,-0.30537343,-0.10689557,-0.2593696,0.01495105,-0.25836992,0.0122662475,0.23898396,-0.10279815,-0.12024363,0.37671426,-0.28658485,0.07711572,0.3838551,-0.12805301,0.13474411",""
"./index.tsx","react-router-native","embeddingsNode2Vec","0.09418301,-0.097345844,-0.26170966,-0.16166347,0.21915415,-0.19597648,0.1346778,-0.1674281,-0.36453232,-0.13047221,-0.039120752,-0.23577979,0.00341819,-0.1676387,0.3016595,-0.44710693,-0.06652363,-0.2973911,-0.11405408,-0.2743037,0.020566728,-0.2763351,0.008911868,0.2122506,-0.108554356,-0.08624561,0.38310426,-0.3027867,0.09406031,0.4011292,-0.14997001,0.12750149",""
"./index.ts","router","embeddingsNode2Vec","0.10247732,-0.10813141,-0.24944161,-0.15842319,0.22008088,-0.19925277,0.119555585,-0.14643542,-0.40584502,-0.14554289,-0.06461825,-0.2177508,0.019380275,-0.16298358,0.28334412,-0.45649573,-0.08433417,-0.31353706,-0.11074615,-0.2740142,0.017913038,-0.27022985,0.014056429,0.24259147,-0.106660254,-0.114855096,0.3728967,-0.29058322,0.08172983,0.384221,-0.1369216,0.15030394",""
