"codeUnitName","shortCodeUnitName","propertyName","propertyValue","Source Cypher File: Dependencies_Projection/Dependencies_8_Stream_Mutated.cypher"
"./index.ts","react-router","embeddingsNode2Vec","-0.053685505,-0.11908356,0.07026784,-0.17761396,-0.24308212,-0.006797043,0.09839514,0.13745204,-0.10938166,0.17765345,-0.17869705,-0.3671184,0.13873821,0.26843798,-0.34600303,-0.28054327,-0.43113872,-0.39834523,0.01867293,-0.018400114,0.06522607,-0.08472103,0.023790896,0.2621123,0.07861042,-0.55135787,0.075384006,-0.09831102,-0.0971138,0.33111465,-0.1392946,-0.16794293",""
"./index.tsx","react-router-dom","embeddingsNode2Vec","-0.061722998,-0.11026284,0.06683616,-0.19479932,-0.2304613,-0.008014265,0.09259914,0.12445908,-0.120959714,0.18063602,-0.16103701,-0.36402684,0.12581038,0.26247767,-0.34059837,-0.28106087,-0.43923506,-0.3686182,0.016068032,-0.02671594,0.07287013,-0.0879286,0.012047819,0.23902749,0.06576516,-0.5457966,0.08312586,-0.1006492,-0.094181664,0.32070476,-0.13649863,-0.15369022",""
"./server.tsx","server.tsx","embeddingsNode2Vec","-0.040577184,-0.12698764,0.053772077,-0.18350007,-0.19786131,-0.024034569,0.099946156,0.113136075,-0.16081057,0.1513345,-0.17974088,-0.35852835,0.14875194,0.26983333,-0.32364503,-0.30708584,-0.41647285,-0.39207104,0.011241525,-0.04488495,0.055030968,-0.09665241,0.024823558,0.27860573,0.06354361,-0.5337211,0.101831004,-0.10799034,-0.09045579,0.3602337,-0.13105755,-0.14069195",""
"./index.tsx","react-router-native","embeddingsNode2Vec","-0.054850817,-0.116852164,0.053116135,-0.19242881,-0.22715625,-0.013930001,0.10253279,0.11481619,-0.121042676,0.18055896,-0.16509688,-0.37879622,0.12999211,0.26073867,-0.32647896,-0.30112398,-0.41979173,-0.38268027,0.011042162,-0.031116175,0.06850274,-0.09883686,0.019328274,0.24495308,0.06925189,-0.5301788,0.09167293,-0.11220846,-0.08933972,0.35035753,-0.14913298,-0.16420433",""
"./index.ts","router","embeddingsNode2Vec","-0.045034397,-0.10938672,0.050202698,-0.17647645,-0.20829397,-0.01974413,0.08529928,0.122051775,-0.14289817,0.15784797,-0.17638609,-0.35036823,0.12895577,0.23947115,-0.31822923,-0.29164645,-0.43869853,-0.3938538,0.010527828,-0.033966362,0.068385154,-0.1014855,0.021610497,0.25390196,0.06335053,-0.53344494,0.08903423,-0.11155749,-0.09080344,0.33056322,-0.14002012,-0.13494472",""
