"codeUnitName","shortCodeUnitName","propertyName","propertyValue","Source Cypher File: Dependencies_Projection/Dependencies_8_Stream_Mutated.cypher"
"./index.ts","react-router","embeddingsNode2Vec","0.037016213,-0.16668953,-0.051341165,-0.19441241,-0.012654926,-0.11899588,0.1028223,0.050657913,-0.3387508,-0.012798421,-0.19691242,-0.31774753,0.14868487,0.10365009,-0.11824018,-0.414722,-0.34938142,-0.44266734,-0.036226876,-0.16265899,0.032772038,-0.177449,0.04335744,0.37678236,-0.001718069,-0.48178935,0.2391702,-0.19070323,-0.05510146,0.41516125,-0.11916029,0.009544446",""
"./index.tsx","react-router-dom","embeddingsNode2Vec","0.046731174,-0.1698271,-0.058808167,-0.18962307,0.011258684,-0.12563367,0.10435191,0.03891137,-0.344993,-0.0329258,-0.19405448,-0.30199707,0.14594457,0.09057625,-0.09979235,-0.41959524,-0.32916582,-0.41294795,-0.040473275,-0.17056897,0.022967674,-0.17182945,0.042385366,0.37538037,-0.0076178075,-0.43586236,0.23285802,-0.19401765,-0.05308847,0.423004,-0.107635885,0.019959932",""
"./server.tsx","server.tsx","embeddingsNode2Vec","0.043086633,-0.17899188,-0.044857956,-0.18982789,-0.0028480783,-0.117948756,0.106476665,0.05140482,-0.35356656,-0.02513857,-0.21748516,-0.3307251,0.16982682,0.10389594,-0.12131463,-0.40012795,-0.341669,-0.4412129,-0.03358808,-0.16082436,0.022929333,-0.17029317,0.05034572,0.36887503,0.0021255089,-0.46618363,0.22741888,-0.1827825,-0.063791834,0.40235847,-0.10928274,0.0086780535",""
"./index.tsx","react-router-native","embeddingsNode2Vec","0.037083987,-0.16094002,-0.065849334,-0.19549695,-0.01484046,-0.120252006,0.10844134,0.04046171,-0.33467564,-0.0015152734,-0.19036931,-0.3284223,0.14065333,0.08997002,-0.09683683,-0.4155228,-0.33334848,-0.4252933,-0.041326273,-0.1590001,0.035218287,-0.18795566,0.042691234,0.34577858,-0.0025039793,-0.44678614,0.23414734,-0.19945003,-0.047540795,0.4105845,-0.12980326,0.0034241136",""
"./index.ts","router","embeddingsNode2Vec","0.041576885,-0.16728227,-0.059382316,-0.18871471,-0.022187456,-0.12181878,0.09276544,0.06579384,-0.3575024,-0.006789718,-0.21691039,-0.3190753,0.1459712,0.09015375,-0.10890124,-0.4096199,-0.35276654,-0.44513747,-0.039033376,-0.15279752,0.037287004,-0.18647592,0.044862803,0.3574044,-0.0017501437,-0.46177295,0.22249255,-0.1949786,-0.055532277,0.39366132,-0.12473926,0.02196342",""
