"codeUnitName","shortCodeUnitName","propertyName","propertyValue","Source Cypher File: Dependencies_Projection/Dependencies_8_Stream_Mutated.cypher"
"react-router-6.28.0/react-router","react-router","embeddingsNode2Vec","0.19540907,0.09904285,0.34518722,-0.05165652,0.14232734,0.48162752,0.22446041,0.25153038,0.01402559,-0.060342122,-0.13450351,0.4503845,0.08501863,-0.05697495,-0.43675435,-0.054210786,-0.004640881,0.26172158,-0.0033684804,0.135226,-0.055951487,-0.14937958,-0.02527384,-0.03142462,-0.33223945,-0.014331797,-0.33725664,0.13216847,0.2296111,0.41887045,-0.2866377,-0.020260526",""
"react-router-6.28.0/react-router-dom","react-router-dom","embeddingsNode2Vec","0.18379256,0.109092414,0.31444153,-0.06752908,0.15615617,0.44177842,0.22532856,0.24680272,0.0091262385,-0.058242768,-0.13098806,0.42345864,0.081397586,-0.04981081,-0.41346547,-0.042223424,0.008010131,0.2625088,0.0019711102,0.14808293,-0.049408905,-0.12403293,-0.010559268,-0.023939885,-0.3170148,0.0042296583,-0.33281648,0.112006165,0.20979239,0.4042668,-0.26987097,-0.03340295",""
"react-router-6.28.0/server","server","embeddingsNode2Vec","0.17413585,0.08972293,0.32656756,-0.053982466,0.1414419,0.4576074,0.21713547,0.245039,0.02097189,-0.06538143,-0.1295618,0.43495685,0.07226498,-0.069416106,-0.42032897,-0.05069483,0.0039640903,0.24877554,0.015288401,0.13919406,-0.056345735,-0.13695772,-0.025847524,-0.029170206,-0.3226868,-0.011332209,-0.3326221,0.13000615,0.22245412,0.4075709,-0.2809045,-0.023045659",""
"react-router-6.28.0/react-router-native","react-router-native","embeddingsNode2Vec","0.18081677,0.11334944,0.3288961,-0.064984985,0.13478914,0.46179098,0.22427206,0.23500764,0.030835195,-0.06570417,-0.13521464,0.4398091,0.060852647,-0.047637153,-0.4193894,-0.06530517,0.0053387117,0.2593226,0.007867427,0.14403576,-0.047643576,-0.14221679,-0.007235144,-0.031222906,-0.33322078,-0.00801622,-0.3153169,0.12823747,0.22863972,0.40752405,-0.28117904,-0.020671751",""
