"codeUnitName","shortCodeUnitName","propertyName","propertyValue","Source Cypher File: Dependencies_Projection/Dependencies_8_Stream_Mutated.cypher"
"react-router-6.28.0/react-router","react-router","embeddingsNode2Vec","0.016978284,0.5076032,-0.028862037,-0.31743106,-0.12090794,0.003180601,0.17003849,-0.238949,0.3055871,-0.08174055,-0.11938598,0.16446564,-0.38201922,0.40734583,0.11663704,-0.33454645,0.12149021,0.19439514,-0.004691098,0.18806058,0.20587578,-0.013550513,0.44998732,-0.03161368,-0.23162533,0.11660587,0.40217838,-0.068384215,0.111106396,-0.029304128,0.00355621,0.018957306",""
"react-router-6.28.0/react-router-dom","react-router-dom","embeddingsNode2Vec","0.025285553,0.5151223,-0.031442806,-0.31412974,-0.09782812,-0.00032803885,0.17383432,-0.2155536,0.28665903,-0.07691209,-0.119760334,0.16464978,-0.36289886,0.40035883,0.10879703,-0.31133708,0.12196955,0.20442627,-0.009772219,0.19642505,0.2040906,-0.0021431649,0.44347712,-0.025949053,-0.22628061,0.12605424,0.3745098,-0.077575296,0.098808676,-0.019464066,0.005598126,0.0058110827",""
"react-router-6.28.0/server","server","embeddingsNode2Vec","0.02531249,0.5180838,-0.021344487,-0.30517113,-0.11824449,0.012592499,0.16759631,-0.22730325,0.29822183,-0.078966275,-0.119940415,0.17268841,-0.37283662,0.40178603,0.10540872,-0.32579595,0.11460848,0.19836357,-0.011702418,0.18661363,0.20509948,-0.018226964,0.44161767,-0.031921063,-0.23378108,0.11331491,0.38993686,-0.06551333,0.11112644,-0.020497011,-0.00054080365,0.017642453",""
"react-router-6.28.0/react-router-native","react-router-native","embeddingsNode2Vec","0.019932216,0.5081744,-0.021474015,-0.30402336,-0.11591556,0.012814393,0.16587985,-0.22335882,0.29950652,-0.081337765,-0.1191977,0.17134029,-0.37721187,0.39593703,0.1061068,-0.32610646,0.11772916,0.19615713,-0.004040437,0.18924935,0.20613381,-0.016379721,0.4449906,-0.032122895,-0.23549336,0.11371662,0.3890712,-0.06393477,0.112422474,-0.019823626,-0.002357109,0.017255645",""
