"codeUnitName","shortCodeUnitName","propertyName","propertyValue","Source Cypher File: Dependencies_Projection/Dependencies_8_Stream_Mutated.cypher"
"react-router-6.28.0/react-router","react-router","embeddingsNode2Vec","-0.13682243,-0.13473019,-0.35666355,-0.021335253,0.21192569,-0.48303282,-0.092886806,0.036347922,-0.21855912,0.08318985,0.11405342,-0.4360248,0.14255308,-0.087964095,0.31580326,0.3073441,0.085751876,-0.1304988,0.052829444,0.019239653,-0.012616219,0.3229727,-0.041625705,0.10782994,0.35714328,0.16139232,-0.07055681,-0.23521684,-0.34087747,-0.24870321,0.26605514,-0.15287949",""
"react-router-6.28.0/react-router-dom","react-router-dom","embeddingsNode2Vec","-0.121646605,-0.1033519,-0.35765266,-0.044476934,0.23493512,-0.47904256,-0.070854306,0.04646076,-0.22343355,0.08401091,0.104828045,-0.42191663,0.14804165,-0.06770755,0.30950952,0.31122336,0.094744496,-0.10273922,0.044207197,0.039958004,-0.0050942595,0.33427516,-0.01982,0.112279505,0.34578046,0.18091746,-0.08131026,-0.25053507,-0.34297833,-0.23379317,0.26715872,-0.16798724",""
"react-router-6.28.0/server","server","embeddingsNode2Vec","-0.1287939,-0.12783843,-0.36007914,-0.028700728,0.23077881,-0.48821256,-0.084122084,0.047979657,-0.23152399,0.08711925,0.11292056,-0.43815216,0.15606417,-0.08474398,0.31334963,0.3201537,0.08972407,-0.11905218,0.048150957,0.028038925,-0.012478181,0.33313707,-0.03813784,0.111872956,0.35879526,0.17191951,-0.08588669,-0.2444533,-0.3498315,-0.24281703,0.26992977,-0.1645973",""
"react-router-6.28.0/react-router-native","react-router-native","embeddingsNode2Vec","-0.12813039,-0.11526536,-0.3631451,-0.034730256,0.22892854,-0.49095467,-0.08120668,0.040869385,-0.22452968,0.0856747,0.10937494,-0.43597552,0.14750479,-0.073675506,0.3144518,0.30651066,0.08965807,-0.11317751,0.046100367,0.030672707,-0.007369447,0.32620373,-0.027534092,0.1097732,0.34936413,0.17355765,-0.07432181,-0.24423014,-0.34432897,-0.24120161,0.26639217,-0.16119413",""
