"codeUnitName","shortCodeUnitName","propertyName","propertyValue","Source Cypher File: Dependencies_Projection/Dependencies_8_Stream_Mutated.cypher"
"react-router-6.28.0/react-router","react-router","embeddingsNode2Vec","0.2046061,0.2649126,0.3384325,-0.110616185,-0.020337207,0.46272215,0.21869779,0.07445258,0.1515398,-0.075399525,-0.16168073,0.4727053,-0.08056565,0.1394407,-0.3575664,-0.23653823,-0.011003634,0.27281222,-0.05450512,0.11970241,0.033261243,-0.21841769,0.13185233,-0.06660802,-0.39753345,-0.03203065,-0.07060026,0.13640003,0.2950446,0.34594467,-0.27456957,0.047779653",""
"react-router-6.28.0/react-router-dom","react-router-dom","embeddingsNode2Vec","0.19318743,0.27959576,0.31423938,-0.12944387,0.007996998,0.44891328,0.23269558,0.086323224,0.1476742,-0.0756452,-0.15867165,0.47099143,-0.08141653,0.13749094,-0.34709454,-0.22013435,0.0057896967,0.28431335,-0.042256523,0.14194754,0.03538954,-0.19207485,0.14278,-0.05846491,-0.39185554,-0.010116835,-0.08458746,0.11875595,0.2767051,0.3451648,-0.25807297,0.028644733",""
"react-router-6.28.0/server","server","embeddingsNode2Vec","0.18428776,0.2618741,0.32073474,-0.11685958,-0.007838856,0.46383828,0.22421943,0.08208843,0.16043897,-0.08141843,-0.15614557,0.4773482,-0.09215164,0.12071633,-0.3513205,-0.22909875,0.0022107533,0.2706917,-0.029676,0.13298902,0.029575927,-0.20409226,0.12958924,-0.06368676,-0.39606482,-0.024749136,-0.08055809,0.13535163,0.28837878,0.34588224,-0.26575652,0.039086055",""
"react-router-6.28.0/react-router-native","react-router-native","embeddingsNode2Vec","0.1715302,0.26095185,0.32096022,-0.11548963,-0.020752119,0.4610737,0.2175316,0.07012207,0.17280336,-0.085168645,-0.15450181,0.47307885,-0.10698683,0.11837454,-0.33935916,-0.23696871,0.0031370127,0.2588328,-0.021518944,0.12906523,0.031377003,-0.2051361,0.1303784,-0.066183284,-0.39291742,-0.02974686,-0.06426354,0.13973169,0.29074922,0.334345,-0.26409057,0.04510753",""
