"codeUnitName","shortCodeUnitName","propertyName","propertyValue","Source Cypher File: Dependencies_Projection/Dependencies_8_Stream_Mutated.cypher"
"react-router-6.28.0/react-router","react-router","embeddingsNode2Vec","0.19991659,0.556531,0.0926388,-0.3332337,0.09843741,0.16603132,0.2963657,-0.0073420596,0.13174444,-0.041372355,-0.16672988,0.32500353,-0.14792645,0.39248428,-0.12659712,-0.20456617,0.10139715,0.3777956,-0.10626471,0.26298848,0.15633865,-0.011911876,0.3918644,-0.004661663,-0.30843818,0.17438354,0.08219515,-0.09362457,0.11761284,0.19806547,-0.08221692,-0.07025268",""
"react-router-6.28.0/react-router-dom","react-router-dom","embeddingsNode2Vec","0.19433276,0.54010123,0.085762896,-0.33153814,0.10859838,0.15634835,0.29461405,-0.000257571,0.12098522,-0.038642574,-0.16306472,0.31400755,-0.13646932,0.38045803,-0.12237734,-0.18937261,0.10330672,0.37721047,-0.10546687,0.2637826,0.1539953,-0.0030785424,0.3884439,-0.0011824338,-0.29910514,0.17931351,0.07103057,-0.09960966,0.108134195,0.19561058,-0.07724664,-0.075896464",""
"react-router-6.28.0/server","server","embeddingsNode2Vec","0.19860007,0.5314799,0.10228907,-0.3231188,0.10476046,0.17792182,0.29537436,0.0063645197,0.12271643,-0.040954597,-0.16517143,0.32895765,-0.13287592,0.37104264,-0.14116342,-0.19500935,0.09889138,0.3813117,-0.10549299,0.25893912,0.15058504,-0.015556904,0.38413045,-0.0047119805,-0.30811134,0.17151977,0.060100093,-0.08853501,0.12107162,0.2103622,-0.090582445,-0.07137995",""
"react-router-6.28.0/react-router-native","react-router-native","embeddingsNode2Vec","0.19531144,0.5487887,0.09428823,-0.3332155,0.09636888,0.16844009,0.29653287,-0.008344023,0.13417356,-0.042614397,-0.16679953,0.326039,-0.14926483,0.3879996,-0.12714645,-0.20633808,0.10260361,0.3814022,-0.10571797,0.2629583,0.15872866,-0.01368129,0.39884526,-0.0054818606,-0.31040356,0.1749228,0.0833788,-0.092979096,0.12037531,0.19958755,-0.0842199,-0.06941536",""
