"codeUnitName","shortCodeUnitName","propertyName","propertyValue","Source Cypher File: Dependencies_Projection/Dependencies_8_Stream_Mutated.cypher"
"./index.ts","react-router","embeddingsNode2Vec","0.010250174,-0.28770444,0.32971817,0.20737867,-0.036390517,0.4481503,-0.0025236723,0.19897696,0.02461661,-0.06700216,-0.036221616,0.30758506,0.10342597,-0.34930646,-0.38511175,-0.013098599,-0.10201788,-0.04450361,0.11039806,-0.072675295,-0.17500697,-0.24037997,-0.30970278,-0.06611594,-0.18172044,-0.20551947,-0.31221488,0.28134885,0.2500815,0.29191473,-0.28396025,0.10115413",""
"./index.tsx","react-router-dom","embeddingsNode2Vec","0.018543074,-0.27706385,0.32567933,0.19275887,-0.0152935935,0.45239246,0.011619839,0.21355876,0.015972685,-0.06568872,-0.04107778,0.31149912,0.111059755,-0.33933944,-0.39084905,-0.004435361,-0.09393891,-0.027205976,0.107803226,-0.05799053,-0.17047541,-0.22765297,-0.29934922,-0.06148935,-0.18660195,-0.1939214,-0.3274317,0.26853552,0.24013388,0.29763752,-0.2819102,0.08647449",""
"./server.tsx","server","embeddingsNode2Vec","0.007073627,-0.29901123,0.31954637,0.20519736,-0.02802245,0.44624087,-0.0022942966,0.2062236,0.020059548,-0.06687278,-0.03455783,0.29891825,0.10482369,-0.35020196,-0.38038132,-0.0048765317,-0.0967282,-0.0458356,0.11604798,-0.07021753,-0.17444928,-0.23039475,-0.3121733,-0.06327455,-0.1772932,-0.20515756,-0.32022855,0.27478886,0.23795702,0.28586248,-0.28049886,0.09362834",""
"./index.tsx","react-router-native","embeddingsNode2Vec","0.014520535,-0.26764235,0.32347944,0.19092111,-0.03694931,0.44203502,0.005356578,0.18868347,0.032586392,-0.068020396,-0.040471524,0.30898905,0.09066462,-0.3248793,-0.37842402,-0.023914475,-0.09539457,-0.03356029,0.10630671,-0.064382,-0.16177869,-0.23445317,-0.2873745,-0.065745644,-0.18928967,-0.20042886,-0.29557344,0.27181366,0.24516587,0.2838326,-0.27915177,0.09599514",""
