"codeUnitName","shortCodeUnitName","propertyName","propertyValue","Source Cypher File: Dependencies_Projection/Dependencies_8_Stream_Mutated.cypher"
"react-router-6.28.0/react-router","react-router","embeddingsNode2Vec","0.24705558,0.24754481,0.2707825,-0.15439013,0.23781113,0.3860479,0.28289855,0.25750643,-0.041919943,-0.028782347,-0.15081523,0.41667727,0.11745985,0.074789256,-0.39606944,-0.01925062,0.03399999,0.36236218,-0.07403486,0.21667047,-0.0060929554,-0.066499054,0.09367325,0.0003468445,-0.32388225,0.09190087,-0.33741826,0.022113947,0.16139299,0.42246103,-0.23087619,-0.09262152",""
"react-router-6.28.0/react-router-dom","react-router-dom","embeddingsNode2Vec","0.23656325,0.2545634,0.2505711,-0.16677435,0.24522328,0.3607849,0.2902949,0.2560011,-0.03948855,-0.030514263,-0.15173322,0.40135768,0.10728069,0.079762556,-0.38079914,-0.01584437,0.04369525,0.36009872,-0.06533207,0.22066996,-0.00025643496,-0.049634684,0.10415899,0.0043873163,-0.3084762,0.10093154,-0.32458544,0.009685283,0.14742708,0.40215442,-0.21670078,-0.09793207",""
"react-router-6.28.0/server","server","embeddingsNode2Vec","0.23093101,0.21189736,0.27929437,-0.13607064,0.23065685,0.39196482,0.2793175,0.26552206,-0.037935972,-0.035664365,-0.15027788,0.41873515,0.11565641,0.041984,-0.40703163,-0.016781582,0.030760838,0.3366608,-0.05162863,0.19961686,-0.017848926,-0.07231345,0.06965616,-0.002943988,-0.31605542,0.07526701,-0.34029782,0.040210746,0.16834995,0.41210026,-0.23742165,-0.08498969",""
"react-router-6.28.0/react-router-native","react-router-native","embeddingsNode2Vec","0.24346851,0.24562176,0.27285,-0.16019602,0.23440847,0.39654368,0.29553875,0.2560099,-0.026700519,-0.035477944,-0.15265375,0.4161667,0.099006824,0.06970979,-0.39077875,-0.030528348,0.03512986,0.3500343,-0.05976149,0.20687933,-0.005012994,-0.070073135,0.09176447,-0.002985279,-0.31604698,0.082704164,-0.31504312,0.029599106,0.16474,0.40409547,-0.22820176,-0.084725425",""
