"codeUnitName","shortCodeUnitName","propertyName","propertyValue","Source Cypher File: Dependencies_Projection/Dependencies_8_Stream_Mutated.cypher"
"./index.ts","react-router","embeddingsNode2Vec","-0.19475564,-0.35834807,-0.07359523,0.30550706,-0.39935198,-0.1773004,-0.34067482,-0.2760934,0.07378712,0.028145831,0.14750043,-0.2916268,-0.11151676,-0.120536216,0.24827157,-0.0779554,-0.13903806,-0.41698,0.026008856,-0.32593676,-0.040811088,-0.13507672,-0.21734938,-0.06180615,0.2204405,-0.24859682,0.33154473,0.12958786,-0.022735119,-0.3351368,0.10405358,0.19983244",""
"./index.tsx","react-router-dom","embeddingsNode2Vec","-0.18817955,-0.35265055,-0.08100999,0.29956743,-0.3901621,-0.1830254,-0.3316572,-0.2746972,0.07089342,0.02983751,0.14862686,-0.29230532,-0.106780045,-0.11158718,0.25244355,-0.0753024,-0.13514274,-0.40669888,0.02529185,-0.31600106,-0.03795732,-0.12937209,-0.20861751,-0.059024587,0.22324441,-0.24020289,0.33072636,0.120058976,-0.027517946,-0.33724797,0.109953776,0.19380635",""
"./server.tsx","server","embeddingsNode2Vec","-0.18279174,-0.35930276,-0.073615015,0.3120734,-0.39370465,-0.15378274,-0.3235912,-0.28294706,0.094134,0.023793034,0.1588433,-0.27143854,-0.09878735,-0.117971644,0.23918946,-0.090102114,-0.13919157,-0.40505955,0.0494653,-0.31415278,-0.04661212,-0.14891395,-0.21608004,-0.06385187,0.22335996,-0.2542261,0.33306953,0.13198428,-0.008146214,-0.33781928,0.10705552,0.20933825",""
"./index.tsx","react-router-native","embeddingsNode2Vec","-0.18186694,-0.35049024,-0.08949435,0.30568978,-0.38811538,-0.1644527,-0.31561407,-0.29240555,0.104945645,0.024174685,0.16562337,-0.27599493,-0.095388696,-0.104076385,0.24635991,-0.09102128,-0.13077682,-0.39238104,0.05914129,-0.29829028,-0.04261142,-0.13961448,-0.19986542,-0.06163244,0.23445775,-0.24804224,0.35287675,0.1212412,-0.013117933,-0.34340933,0.12093632,0.2057123",""
