"codeUnitName","shortCodeUnitName","propertyName","propertyValue","Source Cypher File: Dependencies_Projection/Dependencies_8_Stream_Mutated.cypher"
"./index.ts","react-router","embeddingsFastRandomProjection","0.37811744,0,0.50520843,-0.46026182,-0.58402324,0.22846617,0,0.35555714,-0.35555714,-0.31061053,-0.22846617,0.22846617,0,0.14965126,0.14965126,-0.31061053,0,0,-0.35555714,0.2059059,-0.31061053,0.14965126,0,0.2059059,0,0,-0.082144395,-0.35555714,0.31061053,0.6661677,-0.22846617,-0.35555714",""
"./index.tsx","react-router-dom","embeddingsFastRandomProjection","0.45786324,0,0.6937719,-0.5781623,-0.61328703,0.1886892,0,0.42459786,-0.42459786,-0.30898824,-0.1886892,0.1886892,0,0.26917404,0.26917404,-0.30898824,0,0,-0.42459786,0.15542382,-0.30898824,0.26917404,0,0.15542382,0,0,-0.12029905,-0.42459786,0.30898824,0.7335861,-0.1886892,-0.42459786",""
"./server.tsx","server","embeddingsFastRandomProjection","0.34944862,0,0.5105613,-0.5149131,-0.5479161,0.19340174,0,0.3545144,-0.3545144,-0.35886616,-0.19340174,0.19340174,0,0.15604687,0.15604687,-0.35886616,0,0,-0.3545144,0.19846751,-0.35886616,0.15604687,0,0.19846751,0,0,-0.16546443,-0.3545144,0.35886616,0.7133806,-0.19340174,-0.3545144",""
"./index.tsx","react-router-native","embeddingsFastRandomProjection","0.4170055,0,0.4584339,-0.43620515,-0.5857595,0.27216557,0,0.31359395,-0.31359395,-0.2913652,-0.27216557,0.27216557,0,0.14483991,0.14483991,-0.2913652,0,0,-0.31359395,0.16875407,-0.2913652,0.14483991,0,0.16875407,0,0,-0.019199632,-0.31359395,0.2913652,0.60495913,-0.27216557,-0.31359395",""
