"codeUnitName","shortCodeUnitName","propertyName","propertyValue","Source Cypher File: Dependencies_Projection/Dependencies_8_Stream_Mutated.cypher"
"react-router-6.28.0/react-router","react-router","embeddingsNode2Vec","0.06300852,0.44004825,-0.23770897,-0.39868736,0.33586195,-0.28205353,0.24523216,0.056692876,-0.06687194,0.016931623,-0.07558027,-0.052586623,-0.021451466,0.2989703,0.14920565,0.099827774,0.20003262,0.291896,-0.036924787,0.3207832,0.14379685,0.31089368,0.36435944,0.102384076,0.0035439413,0.3481941,-0.023218632,-0.3146937,-0.19758978,-0.005456373,0.15100679,-0.23473741",""
"react-router-6.28.0/react-router-dom","react-router-dom","embeddingsNode2Vec","0.061051108,0.4343598,-0.22655404,-0.3826043,0.32135853,-0.26153493,0.23560926,0.05144956,-0.05631949,0.01311294,-0.07658133,-0.04360882,-0.029804597,0.28344443,0.14238271,0.08831712,0.19733697,0.28211907,-0.033558074,0.31501505,0.143052,0.30581325,0.365364,0.09790642,-0.0045487634,0.3387282,-0.016163144,-0.30819905,-0.18918717,-0.002804919,0.14346042,-0.2260045",""
"react-router-6.28.0/server","server","embeddingsNode2Vec","0.06972965,0.44177702,-0.230962,-0.38867554,0.33617824,-0.26805812,0.24324247,0.060416058,-0.06924369,0.017918834,-0.077893436,-0.04520624,-0.016501166,0.29243883,0.13940334,0.09871688,0.20017025,0.29391864,-0.041925184,0.3195259,0.14278947,0.3055462,0.36517495,0.101098865,-0.0012310058,0.3449884,-0.027808629,-0.3170169,-0.19566543,0.0011450372,0.14659128,-0.23331474",""
"react-router-6.28.0/react-router-native","react-router-native","embeddingsNode2Vec","0.05255712,0.45057556,-0.23982699,-0.38697845,0.30834818,-0.2769109,0.23047292,0.030335447,-0.04229081,0.011419417,-0.0758961,-0.054520443,-0.05087866,0.29735422,0.1640654,0.074758925,0.20238528,0.27466485,-0.03201171,0.3147163,0.1530685,0.30341807,0.3903724,0.09808934,-0.0010743131,0.3442601,0.01560209,-0.32145777,-0.19723007,-0.021470275,0.1549449,-0.22336084",""
