"codeUnitName","shortCodeUnitName","propertyName","propertyValue","Source Cypher File: Dependencies_Projection/Dependencies_8_Stream_Mutated.cypher"
"./index.ts","react-router","embeddingsHashGNN","0,-0.6123724579811096,0,0.3061862289905548,-0.6123724579811096,-1.530931144952774,0.6123724579811096,0.6123724579811096,0.3061862289905548,0.3061862289905548,-0.3061862289905548,0,-1.2247449159622192,-0.6123724579811096,1.2247449159622192,0.9185586869716644,0,0,0,-0.9185586869716644,0,0,-0.6123724579811096,0.3061862289905548,0,0,-1.2247449159622192,0.3061862289905548,0,-1.530931144952774,-1.2247449159622192,0.3061862289905548",""
"./index.tsx","react-router-dom","embeddingsHashGNN","0,-0.6123724579811096,0,0.3061862289905548,-0.6123724579811096,-1.530931144952774,0.6123724579811096,0.6123724579811096,0.3061862289905548,0.3061862289905548,-0.3061862289905548,0,-1.2247449159622192,-0.6123724579811096,1.2247449159622192,0.9185586869716644,0,0,0,-0.9185586869716644,0,0,-0.6123724579811096,0.3061862289905548,0,0,-1.2247449159622192,0.3061862289905548,0,-1.530931144952774,-1.2247449159622192,0.3061862289905548",""
"./server.tsx","server","embeddingsHashGNN","0,-0.6123724579811096,0,0.3061862289905548,-0.6123724579811096,-1.530931144952774,0.6123724579811096,0.6123724579811096,0.3061862289905548,0.3061862289905548,-0.3061862289905548,0,-1.2247449159622192,-0.6123724579811096,1.2247449159622192,0.9185586869716644,0,0,0,-0.9185586869716644,0,0,-0.6123724579811096,0.3061862289905548,0,0,-1.2247449159622192,0.3061862289905548,0,-1.530931144952774,-1.2247449159622192,0.3061862289905548",""
"./index.tsx","react-router-native","embeddingsHashGNN","0,-0.6123724579811096,0,0.3061862289905548,-0.6123724579811096,-1.530931144952774,0.6123724579811096,0.6123724579811096,0.3061862289905548,0.3061862289905548,-0.3061862289905548,0,-1.2247449159622192,-0.6123724579811096,1.2247449159622192,0.9185586869716644,0,0,0,-0.9185586869716644,0,0,-0.6123724579811096,0.3061862289905548,0,0,-1.2247449159622192,0.3061862289905548,0,-1.530931144952774,-1.2247449159622192,0.3061862289905548",""
