"codeUnitName","shortCodeUnitName","propertyName","propertyValue","Source Cypher File: Dependencies_Projection/Dependencies_8_Stream_Mutated.cypher"
"./index.ts","react-router","embeddingsNode2Vec","0.057668373,-0.054976705,0.42761692,0.0058213193,0.042690936,0.2821279,-0.07672491,0.37123737,-0.2916794,0.012450047,-0.22196533,0.14602545,-0.005418392,-0.2365959,-0.357658,0.120065406,-0.09820986,0.010381768,-0.33226165,-0.1433737,-0.049750596,-0.079341345,-0.23330292,-0.03573932,-0.3246105,-0.08067423,-0.37301743,0.21889424,0.08934907,0.44877192,-0.3695729,-0.023996055",""
"./index.tsx","react-router-dom","embeddingsNode2Vec","0.06481271,-0.046542525,0.42085347,-0.00047649242,0.052541573,0.29641256,-0.06317665,0.3808586,-0.29258746,0.009970501,-0.22118041,0.15952013,-0.0006677908,-0.22956577,-0.36633137,0.11796716,-0.09386249,0.02367092,-0.32229173,-0.13088395,-0.05028322,-0.07910243,-0.22056992,-0.03374649,-0.32569742,-0.07334148,-0.37299356,0.21159583,0.09301913,0.45158854,-0.3643194,-0.02747495",""
"./server.tsx","server","embeddingsNode2Vec","0.06201326,-0.056423515,0.4271754,0.008341844,0.043801147,0.30293864,-0.069611266,0.38022044,-0.29198235,0.00950716,-0.22041537,0.16025034,-0.001531847,-0.23668537,-0.36945614,0.115496926,-0.0986792,0.015875785,-0.32276097,-0.13978204,-0.053633988,-0.08657104,-0.22831552,-0.03612261,-0.32506984,-0.081446975,-0.37103587,0.21873294,0.0978688,0.45325184,-0.37203938,-0.022109196",""
"./index.tsx","react-router-native","embeddingsNode2Vec","0.072643146,-0.058142066,0.42310575,0.014662005,0.047162473,0.32000455,-0.051851016,0.36469436,-0.26281533,0.0044496707,-0.20705605,0.18222162,0.011603616,-0.22894575,-0.3763324,0.10143611,-0.095790595,0.030458739,-0.2942943,-0.123111285,-0.058234915,-0.09809679,-0.22335976,-0.037492353,-0.3214121,-0.08424781,-0.37053618,0.21799427,0.11099588,0.44526932,-0.36236712,-0.015926553",""
