"codeUnitName","shortCodeUnitName","propertyName","propertyValue","Source Cypher File: Dependencies_Projection/Dependencies_8_Stream_Mutated.cypher"
"react-router-6.28.0/react-router","react-router","embeddingsNode2Vec","0.14495397,-0.1455358,0.33413187,0.13338557,0.13625927,0.43988284,0.105660886,0.30246302,-0.08751346,-0.030072995,-0.052044384,0.32293814,0.23448592,-0.2723781,-0.4225707,0.053049184,-0.07509827,0.118024826,0.016553355,0.010711325,-0.14272459,-0.17669512,-0.21480115,-0.0303386,-0.20963877,-0.07482694,-0.45628265,0.18095468,0.17841929,0.37284538,-0.27496374,-0.01134145",""
"react-router-6.28.0/react-router-dom","react-router-dom","embeddingsNode2Vec","0.1491544,-0.1366715,0.32487577,0.120865256,0.15498231,0.42885518,0.114549525,0.31218,-0.09799969,-0.027010644,-0.054112095,0.3181452,0.24317081,-0.26735246,-0.42388064,0.06581844,-0.069022045,0.1296697,0.013461176,0.022087784,-0.1403948,-0.16346233,-0.2079257,-0.024659693,-0.20471,-0.062339444,-0.46862862,0.16762581,0.16670114,0.3776725,-0.26773316,-0.022668624",""
"react-router-6.28.0/server","server","embeddingsNode2Vec","0.12858155,-0.17584588,0.32014075,0.14273758,0.1394744,0.4195555,0.09242219,0.31084,-0.098270945,-0.027892994,-0.043677885,0.29745844,0.24291758,-0.29769322,-0.41693953,0.07418532,-0.07590802,0.09922204,0.027893694,0.0028323515,-0.15146464,-0.16742237,-0.2377027,-0.026294893,-0.18666995,-0.08048943,-0.46885028,0.17984897,0.16293056,0.36757606,-0.26460218,-0.01336183",""
"react-router-6.28.0/react-router-native","react-router-native","embeddingsNode2Vec","0.13266855,-0.13653937,0.3226138,0.13077004,0.1170399,0.4359103,0.09947978,0.27677715,-0.06948316,-0.032730218,-0.051979683,0.3160829,0.21259533,-0.25775704,-0.4004695,0.03791802,-0.0739017,0.10907084,0.018839506,0.0069135306,-0.13496463,-0.17999385,-0.20347236,-0.0332733,-0.20909533,-0.08082687,-0.42925647,0.18370175,0.18011422,0.3583907,-0.26675186,-0.0026630287",""
