"codeUnitName","shortCodeUnitName","propertyName","propertyValue","Source Cypher File: Dependencies_Projection/Dependencies_8_Stream_Mutated.cypher"
"./index.ts","react-router","embeddingsNode2Vec","-0.29273793,-0.14795248,-0.26123202,0.084054396,-0.2731442,-0.4142265,-0.2929423,-0.29586944,0.0835281,0.008918104,0.10965993,-0.43048,-0.24601594,-0.02658952,0.44478998,-0.036302444,-0.0069184406,-0.36582506,0.055770524,-0.19384426,0.052272465,0.08367399,-0.01647795,-0.008038571,0.26164207,-0.06996538,0.415634,-0.020688202,-0.15932736,-0.419242,0.21338424,0.09445451",""
"./index.tsx","react-router-dom","embeddingsNode2Vec","-0.2748993,-0.14426616,-0.2547833,0.0842789,-0.2652901,-0.40162516,-0.28420684,-0.28753018,0.08115296,0.010242121,0.10973793,-0.42475393,-0.23538679,-0.023930175,0.43156248,-0.035000503,-0.008379198,-0.35664257,0.052853193,-0.19037859,0.049774837,0.07909962,-0.016466977,-0.0076950924,0.253883,-0.067892626,0.40079156,-0.02083471,-0.15339983,-0.40419045,0.20691372,0.09136657",""
"./server.tsx","server","embeddingsNode2Vec","-0.27599728,-0.16913962,-0.23734927,0.10745037,-0.28587356,-0.38602647,-0.29826525,-0.28906077,0.08073459,0.0105302315,0.11178692,-0.41495726,-0.23094168,-0.038746387,0.41998246,-0.039873194,-0.021506155,-0.3693726,0.049771234,-0.20872013,0.042768247,0.061804563,-0.038641885,-0.013945205,0.25840837,-0.090046525,0.41036025,-0.0025591475,-0.1448359,-0.4108648,0.20182417,0.106937215",""
"./index.tsx","react-router-native","embeddingsNode2Vec","-0.26978904,-0.15946864,-0.2534048,0.101993516,-0.27939123,-0.3877234,-0.28419107,-0.30290976,0.09990776,0.0068524466,0.120197594,-0.40273488,-0.22419012,-0.025760928,0.42057183,-0.048032258,-0.013393329,-0.35440928,0.07306252,-0.18939213,0.042102747,0.06077288,-0.022872387,-0.011514261,0.2554926,-0.07992858,0.40329292,-0.0128157325,-0.13652495,-0.40639955,0.20732993,0.101817325",""
