"codeUnitName","shortCodeUnitName","propertyName","propertyValue","Source Cypher File: Dependencies_Projection/Dependencies_8_Stream_Mutated.cypher"
"react-router-6.28.0/react-router","react-router","embeddingsNode2Vec","-0.24616624,0.020780852,-0.35428476,-0.061161097,-0.12593651,-0.46754232,-0.15486887,-0.2708574,0.10171788,-0.00074304023,0.08958156,-0.3819705,-0.22793362,0.08077975,0.45620075,-0.01920628,0.081264436,-0.21949568,0.099721484,-0.034471065,0.09581032,0.1823093,0.13394523,0.029404758,0.2502514,0.06014472,0.3909395,-0.13561317,-0.19945398,-0.39825347,0.25266537,0.0040805605",""
"react-router-6.28.0/react-router-dom","react-router-dom","embeddingsNode2Vec","-0.23011005,0.05725136,-0.35180327,-0.0846137,-0.11881444,-0.47061756,-0.14075108,-0.27987272,0.108401164,-0.000461217,0.08137583,-0.3716538,-0.2392397,0.112670526,0.45984915,-0.028417878,0.08758218,-0.19296148,0.08794624,-0.017514598,0.10694763,0.18530567,0.16116813,0.03066731,0.23320836,0.07441874,0.39461693,-0.14739133,-0.19280511,-0.38891932,0.2518218,-0.00332223",""
"react-router-6.28.0/server","server","embeddingsNode2Vec","-0.25315797,0.009012098,-0.34005535,-0.04647359,-0.16038084,-0.4635992,-0.16998643,-0.29244363,0.123186134,-0.0057898555,0.09263135,-0.38213614,-0.24722518,0.077462934,0.46322516,-0.041405454,0.07163611,-0.23373954,0.10296882,-0.051545385,0.092811786,0.15733768,0.12433245,0.020268274,0.24043949,0.03871044,0.40975943,-0.115315765,-0.17622021,-0.40272775,0.24093159,0.022088487",""
"react-router-6.28.0/react-router-native","react-router-native","embeddingsNode2Vec","-0.23898359,0.041009326,-0.34328082,-0.06973404,-0.14641385,-0.46424076,-0.1525641,-0.29102868,0.1268332,-0.0068058176,0.08540583,-0.37489802,-0.25734437,0.100898474,0.46912688,-0.045424964,0.08141326,-0.21201843,0.09858944,-0.03165978,0.10285505,0.16717449,0.1490987,0.023347653,0.22909734,0.05535923,0.40995023,-0.12775972,-0.17781384,-0.39332798,0.24286117,0.01253668",""
