"codeUnitName","shortCodeUnitName","propertyName","propertyValue","Source Cypher File: Dependencies_Projection/Dependencies_8_Stream_Mutated.cypher"
"react-router-6.28.0/react-router","react-router","embeddingsNode2Vec","0.1459623,0.29650104,-0.109220445,-0.3112363,0.466095,-0.112690575,0.28066435,0.25291613,-0.20398492,0.038500343,-0.087073185,0.051992714,0.1823303,0.14843413,-0.06311728,0.2232918,0.16211167,0.356965,-0.06520623,0.3139831,0.053419124,0.2742931,0.21056695,0.10993759,-0.030588878,0.31687644,-0.30678266,-0.26862776,-0.17113493,0.16689658,0.0543148,-0.26808053",""
"react-router-6.28.0/react-router-dom","react-router-dom","embeddingsNode2Vec","0.13913743,0.29415184,-0.108991094,-0.30234176,0.45747715,-0.11193279,0.27148724,0.25007072,-0.19415103,0.031304352,-0.08228708,0.045880824,0.17076385,0.12496443,-0.05811178,0.21925351,0.16079025,0.32650515,-0.046423487,0.3123868,0.048419528,0.27843162,0.2013137,0.109441854,-0.02785082,0.31479573,-0.31266233,-0.26321363,-0.17087132,0.1647799,0.052190978,-0.266979",""
"react-router-6.28.0/server","server","embeddingsNode2Vec","0.1458302,0.2867341,-0.10849637,-0.29284215,0.46517715,-0.112597354,0.2681081,0.2603603,-0.2083352,0.035353746,-0.07832633,0.040374603,0.18749112,0.11350917,-0.0630014,0.2329384,0.15639016,0.31946304,-0.050222676,0.31354636,0.04288161,0.2863801,0.19184513,0.11377802,-0.020009164,0.3207964,-0.33564308,-0.26933682,-0.17998594,0.17067574,0.054408118,-0.27611414",""
"react-router-6.28.0/react-router-native","react-router-native","embeddingsNode2Vec","0.15146248,0.3036619,-0.10437272,-0.30788195,0.4673145,-0.10529598,0.28241956,0.25797948,-0.2033189,0.035185542,-0.086353146,0.055496115,0.18187383,0.13789953,-0.068103775,0.22225213,0.16001394,0.339823,-0.05909561,0.3189268,0.05098274,0.27929726,0.20908052,0.111308984,-0.033528812,0.32310534,-0.3217782,-0.27011606,-0.17154284,0.17527433,0.052706372,-0.28234568",""
