"codeUnitName","shortCodeUnitName","propertyName","propertyValue","Source Cypher File: Dependencies_Projection/Dependencies_8_Stream_Mutated.cypher"
"./index.ts","react-router","embeddingsNode2Vec","-0.021670371,0.19355878,0.22380763,-0.1995606,0.44618288,-0.0078000287,0.08259099,0.19475062,0.27726638,-0.2912867,0.0829634,0.1338666,-0.017299311,0.2720724,0.15170823,-0.50101894,0.06792064,-0.17349014,0.19004688,-0.042914145,0.0014569908,-0.06343122,-0.4579099,0.034376312,0.30386668,-0.17467187,0.052644014,-0.17277035,-0.39961383,-0.11035543,-0.19921993,0.2469421",""
"./index.tsx","react-router-dom","embeddingsNode2Vec","-0.014378675,0.20835629,0.23355559,-0.1906049,0.4220858,0.0076144193,0.09563241,0.17369308,0.2669954,-0.27677727,0.061757974,0.13191894,-0.019862207,0.2655521,0.12787423,-0.46834874,0.07111523,-0.1579567,0.16886447,-0.03908914,-0.0024831595,-0.051038418,-0.48932824,0.032514304,0.29096317,-0.17060041,0.03871289,-0.18176222,-0.4453817,-0.12764756,-0.19762135,0.24921168",""
"./server.tsx","server.tsx","embeddingsNode2Vec","-0.013652748,0.21879706,0.21425821,-0.19575837,0.44719324,-0.0026616885,0.0800802,0.1651687,0.2598879,-0.27050206,0.05415089,0.14441435,-0.012798379,0.24602786,0.1487453,-0.47337645,0.052555107,-0.17933962,0.16538958,-0.019636102,-0.02012253,-0.074514076,-0.46188286,0.027778026,0.31828701,-0.20093466,0.02713342,-0.20338419,-0.39577308,-0.1243145,-0.21183527,0.21817411",""
"./index.tsx","react-router-native","embeddingsNode2Vec","-0.01988545,0.20359223,0.20315841,-0.17604762,0.4426779,0.015280558,0.08484969,0.17580421,0.2612828,-0.28577763,0.063076936,0.1465837,-0.024273166,0.25047854,0.14304462,-0.47176325,0.058782753,-0.15528303,0.15876031,-0.034959212,-0.019908763,-0.05831873,-0.47205278,0.017604053,0.3133555,-0.16117203,0.033014435,-0.19903478,-0.40579498,-0.12906477,-0.18654564,0.25071153",""
"./index.ts","router","embeddingsNode2Vec","-0.015197094,0.19527984,0.22315757,-0.18823431,0.43544692,-0.0048714117,0.086894184,0.18241812,0.27275264,-0.28163856,0.07384365,0.12809598,-0.015673205,0.27160233,0.1446228,-0.48958188,0.06786111,-0.17083128,0.17907298,-0.03594966,0.00046706025,-0.061368264,-0.4598003,0.03128999,0.29582465,-0.18053465,0.046621878,-0.17366473,-0.40602362,-0.113128334,-0.19768006,0.24031451",""
