"codeUnitName","shortCodeUnitName","propertyName","propertyValue","Source Cypher File: Dependencies_Projection/Dependencies_8_Stream_Mutated.cypher"
"./index.ts","react-router","embeddingsNode2Vec","0.03314435,0.430154,0.033949893,0.2669868,0.10648563,-0.2427522,-0.26414755,-0.2980986,0.11453065,0.08175562,-0.2303236,0.09258028,0.07370727,-0.10077825,-0.18325762,0.16891797,-0.41089734,-0.3730585,-0.23199512,0.21224931,-0.10897899,-0.061181128,-0.019443743,0.09875805,0.23696911,-0.52273786,0.024102472,-0.05420077,-0.061838865,-0.23569502,-0.0802213,-0.2039477",""
"./index.tsx","react-router-dom","embeddingsNode2Vec","0.03092541,0.44387436,0.0393898,0.2752104,0.09316562,-0.25192243,-0.2672262,-0.28635663,0.11959842,0.08352296,-0.22239459,0.096117735,0.07062132,-0.097733535,-0.1968783,0.16998719,-0.42531154,-0.38401088,-0.24806237,0.22220977,-0.10738403,-0.054589383,-0.015424976,0.098963074,0.24329609,-0.5180741,0.023402948,-0.05094614,-0.050990433,-0.2495459,-0.08366235,-0.2018068",""
"./server.tsx","server","embeddingsNode2Vec","0.03145748,0.43179408,0.03247021,0.25866154,0.110903695,-0.22910899,-0.26130456,-0.2867723,0.1199897,0.07980255,-0.22088903,0.09480211,0.0678008,-0.10335227,-0.18505901,0.16150275,-0.4046112,-0.37512514,-0.22998923,0.20695266,-0.113041036,-0.06275413,-0.007919025,0.10228541,0.24425022,-0.5195267,0.017458513,-0.045122262,-0.070829384,-0.22748645,-0.07248015,-0.19285165",""
"./index.tsx","react-router-native","embeddingsNode2Vec","0.031248057,0.439375,0.046032164,0.27855888,0.11119683,-0.24193324,-0.27438384,-0.29717994,0.11212081,0.06985763,-0.22415467,0.07855251,0.081659906,-0.084193066,-0.1702377,0.17955215,-0.4042382,-0.38146314,-0.20833316,0.19992298,-0.12741174,-0.063901275,-0.017902622,0.09489187,0.22818244,-0.53527325,0.01299644,-0.062620796,-0.058714744,-0.2425982,-0.06469324,-0.20260201",""
"./index.ts","router","embeddingsNode2Vec","0.030310925,0.4422183,0.04389404,0.26341197,0.09591118,-0.23271348,-0.26765263,-0.28528455,0.12849632,0.07867701,-0.2062467,0.102188185,0.07402435,-0.08532533,-0.18561311,0.16559862,-0.4165178,-0.3761669,-0.23707314,0.22234827,-0.119949944,-0.052645568,0.0038765331,0.11101002,0.24771133,-0.523351,0.009497392,-0.04258198,-0.05370606,-0.25382423,-0.061360173,-0.19524552",""
