"codeUnitName","shortCodeUnitName","propertyName","propertyValue","Source Cypher File: Dependencies_Projection/Dependencies_8_Stream_Mutated.cypher"
"./index.ts","react-router","embeddingsFastRandomProjection","-0.37168077,-0.33165255,0.37168077,-0.37168077,-0.02331718,-0.3154272,0,0.6703969,-0.33165255,0,-0.079570785,0.056253567,-0.3483636,0,0.39499798,0.22360057,0.20737524,-0.37168077,0.02331718,0.09182665,-0.3154272,0,-0.02331718,0.02331718,0.108051956,-0.51571065,-0.02331718,-0.14808026,0.22360057,0.30833536,-0.51571065,-0.06850947",""
"./index.tsx","react-router-dom","embeddingsFastRandomProjection","-0.40331674,-0.32769752,0.40331674,-0.40331674,-0.026093919,-0.27494723,0,0.62873864,-0.32769752,0,-0.15446347,0.12836953,-0.37722287,0,0.4294107,0.21866834,0.16591805,-0.40331674,0.026093919,0.05627886,-0.27494723,0,-0.026093919,0.026093919,0.109029144,-0.46752167,-0.026093919,-0.18464841,0.21866834,0.3016036,-0.46752167,-0.030184945",""
"./server.tsx","server","embeddingsFastRandomProjection","-0.45296657,-0.38334864,0.45296657,-0.45296657,-0.02052754,-0.32511693,0,0.7289931,-0.38334864,0,-0.14837721,0.12784967,-0.43243906,0,0.4734941,0.23715606,0.1789243,-0.45296657,0.02052754,0.08796084,-0.32511693,0,-0.02052754,0.02052754,0.1461926,-0.5417454,-0.02052754,-0.21581054,0.23715606,0.36282113,-0.5417454,-0.0674333",""
"./index.tsx","react-router-native","embeddingsFastRandomProjection","-0.37127388,-0.2766004,0.37127388,-0.37127388,-0.038077973,-0.2534187,0,0.5680971,-0.2766004,0,-0.15593313,0.11785515,-0.33319592,0,0.40935186,0.20474805,0.18156639,-0.37127388,0.038077973,0.04867067,-0.2534187,0,-0.038077973,0.038077973,0.07185232,-0.42008883,-0.038077973,-0.16652581,0.20474805,0.23852243,-0.42008883,-0.010592692",""
"./index.ts","router","embeddingsFastRandomProjection","-0.3997059,-0.38092682,0.3997059,-0.3997059,-0.02524972,-0.3083548,0,0.7145313,-0.38092682,0,-0.116600856,0.09135109,-0.3744562,0,0.4249556,0.27286643,0.2002944,-0.3997059,0.02524972,0.035488315,-0.3083548,0,-0.02524972,0.02524972,0.10806036,-0.5559715,-0.02524972,-0.12683943,0.27286643,0.35567707,-0.5559715,-0.010238593",""
