"codeUnitName","shortCodeUnitName","propertyName","propertyValue","Source Cypher File: Dependencies_Projection/Dependencies_8_Stream_Mutated.cypher"
"./index.ts","react-router","embeddingsNode2Vec","0.07770556,-0.12732701,-0.12512293,0.18314584,0.4376632,-0.087554716,-0.005923989,-0.37436903,-0.23193899,-0.046328727,-0.41221666,-0.26304525,0.08853295,-0.25197983,0.17263278,0.15582377,0.16063674,0.1531966,0.29466367,-0.29353845,-0.1134733,-0.28922808,-0.29942283,-0.19958614,-0.21474421,-0.036813326,0.09921747,-0.23074335,-0.32187557,0.29656738,-0.1072491,0.05559447",""
"./index.tsx","react-router-dom","embeddingsNode2Vec","0.07815804,-0.10608404,-0.117341995,0.20067716,0.43030357,-0.11342053,-0.017285964,-0.38373056,-0.23164478,-0.040730026,-0.42506492,-0.25945702,0.09180398,-0.24608882,0.1627227,0.1593905,0.14171731,0.13907793,0.28942552,-0.28304398,-0.10503255,-0.27202177,-0.30796134,-0.19511303,-0.21426585,-0.052680466,0.10644385,-0.24350682,-0.3052241,0.2768501,-0.1206178,0.0383591",""
"./server.tsx","server","embeddingsNode2Vec","0.0794491,-0.10231034,-0.12063858,0.19286136,0.4417984,-0.08903856,-0.021433344,-0.37652722,-0.21480179,-0.04467123,-0.41473433,-0.25120628,0.088451,-0.24334607,0.15995945,0.1531392,0.13052955,0.12086863,0.27200904,-0.27289525,-0.12106675,-0.27371117,-0.2818479,-0.18135177,-0.18726881,-0.064806,0.09077601,-0.22255327,-0.31455517,0.2790583,-0.098697945,0.048081357",""
"./index.tsx","react-router-native","embeddingsNode2Vec","0.074496984,-0.10009617,-0.10919515,0.19998303,0.4233327,-0.10373617,-0.02106007,-0.3695009,-0.22088182,-0.04723974,-0.40603185,-0.2611788,0.09315123,-0.2312863,0.16743699,0.16505902,0.14044541,0.13285212,0.2891908,-0.28382194,-0.119370274,-0.26968694,-0.2995323,-0.19266026,-0.20873778,-0.05983313,0.09444377,-0.23719805,-0.29669383,0.26670867,-0.103845194,0.038505618",""
"./index.ts","router","embeddingsNode2Vec","0.07841724,-0.10487805,-0.11431819,0.1974336,0.454626,-0.07813378,-0.021291772,-0.37105018,-0.21849343,-0.057181902,-0.4072786,-0.26390782,0.099882916,-0.23263028,0.18470682,0.16545339,0.14787973,0.12923484,0.3068339,-0.2891357,-0.13797128,-0.2779966,-0.2792657,-0.18692765,-0.19748765,-0.06263437,0.080771126,-0.23296125,-0.31889036,0.28257927,-0.08169505,0.05473929",""
