"codeUnitName","shortCodeUnitName","propertyName","propertyValue","Source Cypher File: Dependencies_Projection/Dependencies_8_Stream_Mutated.cypher"
"./index.ts","react-router","embeddingsNode2Vec","0.021409482,0.20995435,0.13274968,0.31416687,0.37763909,-0.05069784,-0.20663272,-0.26219606,-0.06745441,-0.20267366,-0.17981121,-0.28377384,0.18350805,0.104736835,0.24180968,0.34159184,-0.008485167,-0.1338432,0.41440684,-0.20940399,-0.42177865,-0.21629328,-0.08535325,-0.14199658,-0.10311187,-0.39956155,-0.15295646,-0.24111746,-0.15607306,-0.02482763,0.21575734,-0.040820107",""
"./index.tsx","react-router-dom","embeddingsNode2Vec","0.02285936,0.20625843,0.1369753,0.29906917,0.3610227,-0.052015565,-0.20110473,-0.25925657,-0.06609983,-0.1909898,-0.16778347,-0.2730578,0.18403967,0.10491185,0.23273337,0.3388179,-0.015511013,-0.14003256,0.39828864,-0.19397597,-0.43171465,-0.205392,-0.08123488,-0.13163914,-0.10024053,-0.41031787,-0.1512889,-0.24104401,-0.14557223,-0.033256292,0.20547687,-0.044474892",""
"./server.tsx","server","embeddingsNode2Vec","0.020888204,0.19285007,0.12053055,0.2831312,0.35010818,-0.04944974,-0.20316339,-0.257548,-0.056737404,-0.19283372,-0.17266123,-0.26336417,0.17656006,0.097173356,0.23041546,0.3408953,-0.020919066,-0.14495078,0.38781607,-0.19412608,-0.41208205,-0.20708081,-0.07715123,-0.13152616,-0.080443144,-0.38078645,-0.14481105,-0.22851068,-0.15598881,-0.024736742,0.20870058,-0.04093614",""
"./index.tsx","react-router-native","embeddingsNode2Vec","0.020562628,0.20823869,0.13961391,0.31578478,0.3652342,-0.067272335,-0.21242192,-0.27395564,-0.0707925,-0.19962353,-0.18184279,-0.28951445,0.18803833,0.109693915,0.2437418,0.35637617,-0.015136212,-0.14237611,0.41516408,-0.20982856,-0.43005088,-0.21256699,-0.09607946,-0.14479823,-0.104660586,-0.38865465,-0.14462394,-0.25120455,-0.14485149,-0.037250828,0.20476599,-0.05152606",""
"./index.ts","router","embeddingsNode2Vec","0.019077815,0.2051912,0.13548519,0.2926777,0.34036285,-0.044805355,-0.20380554,-0.24378873,-0.05485419,-0.19641209,-0.15757065,-0.26857033,0.18071905,0.117073335,0.23573686,0.3485,-0.018183202,-0.14657032,0.39775726,-0.19615987,-0.4270764,-0.20511311,-0.07087511,-0.13195892,-0.08760332,-0.38665122,-0.15535912,-0.23568568,-0.1415256,-0.039347116,0.21510598,-0.042989396",""
