"codeUnitName","shortCodeUnitName","propertyName","propertyValue","Source Cypher File: Dependencies_Projection/Dependencies_8_Stream_Mutated.cypher"
"./index.ts","react-router","embeddingsNode2Vec","0.022441652,-0.41078007,-0.16393124,-0.0495206,0.28797156,0.011095821,0.17401765,-0.14943509,-0.19705766,0.013457653,-0.31430757,-0.17448765,-0.10551939,-0.31840745,0.070431754,-0.049878266,0.27766573,0.32174876,0.14524175,-0.33799407,0.082439914,-0.16503611,-0.24661122,-0.21929863,-0.18320906,0.26847687,0.12568428,-0.07747957,-0.2576468,0.43634346,-0.16937485,0.15260367",""
"./index.tsx","react-router-dom","embeddingsNode2Vec","0.025756715,-0.40507254,-0.17593038,-0.045274448,0.294819,-0.0013482546,0.17445293,-0.16211249,-0.20114674,0.026624035,-0.31591848,-0.16472566,-0.10777904,-0.33622226,0.056225475,-0.055360973,0.2627169,0.3132944,0.12084009,-0.31976718,0.09815304,-0.1663722,-0.25514784,-0.21383078,-0.17692529,0.26552045,0.1347114,-0.07897917,-0.261971,0.43579528,-0.18873623,0.1451218",""
"./server.tsx","server","embeddingsNode2Vec","0.02775648,-0.40267095,-0.17501445,-0.04115252,0.31255332,0.0043240706,0.1677819,-0.16768898,-0.19604072,0.021637222,-0.32411757,-0.16706668,-0.102164164,-0.33618104,0.060191263,-0.04884775,0.26462263,0.30808434,0.12757024,-0.31793073,0.08165434,-0.17427318,-0.24731946,-0.21392322,-0.17151351,0.24601759,0.13148206,-0.07764932,-0.27377397,0.44212943,-0.17755316,0.14813732",""
"./index.tsx","react-router-native","embeddingsNode2Vec","0.026590057,-0.38319555,-0.15992256,-0.026189296,0.30234116,-0.00670335,0.1610126,-0.17086303,-0.20631629,0.013045585,-0.3202303,-0.18286176,-0.091012046,-0.31688133,0.07458221,-0.03367534,0.26354638,0.30761984,0.14678766,-0.32604617,0.07589018,-0.17294218,-0.2601622,-0.21706562,-0.18920472,0.24505013,0.13109978,-0.09333625,-0.25934973,0.42307794,-0.17529903,0.13929228",""
"./index.ts","router","embeddingsNode2Vec","0.02925612,-0.41978002,-0.1700034,-0.04677335,0.31539285,0.016530054,0.17394648,-0.16185799,-0.20206712,0.013557083,-0.31158113,-0.17445022,-0.09540674,-0.3230659,0.07922,-0.048734445,0.27971232,0.32195765,0.14613119,-0.32437402,0.080061615,-0.17415823,-0.24698211,-0.21102515,-0.18959065,0.26618344,0.12717986,-0.07958366,-0.26819196,0.44236824,-0.16642946,0.15153314",""
