"codeUnitName","shortCodeUnitName","propertyName","propertyValue","Source Cypher File: Dependencies_Projection/Dependencies_8_Stream_Mutated.cypher"
"./index.ts","react-router","embeddingsNode2Vec","-0.19964254,-0.1738637,-0.14367789,-0.15270296,0.30028966,-0.18018919,-0.22427666,0.37066022,0.14253941,-0.24288028,0.41209266,0.12491393,-0.0108741755,-0.07455477,0.30761272,-0.42931512,-0.09392838,-0.06691251,0.27992007,-0.15623365,0.0594666,-0.1971968,-0.043382894,0.0063844523,0.4195071,-0.052730292,0.2842416,0.15965444,0.20333527,0.18533039,0.042463314,0.17008625",""
"./index.tsx","react-router-dom","embeddingsNode2Vec","-0.20080173,-0.15570001,-0.14946866,-0.1599089,0.33049956,-0.18455769,-0.23728563,0.37266392,0.13727394,-0.24408159,0.40734822,0.13511091,-0.013967742,-0.08662686,0.3079309,-0.44148406,-0.10290154,-0.066191025,0.2816749,-0.15543559,0.050742578,-0.20341915,-0.047121942,0.001810287,0.44245228,-0.052991997,0.29211816,0.15452972,0.20436959,0.1851274,0.046631895,0.1654934",""
"./server.tsx","server","embeddingsNode2Vec","-0.19722538,-0.15638235,-0.15254271,-0.15780412,0.31699404,-0.1807962,-0.2275564,0.37097925,0.13976716,-0.23372899,0.40959585,0.13494238,-0.009844451,-0.085441,0.31322655,-0.43072376,-0.102413975,-0.07413698,0.2798581,-0.14716242,0.048625935,-0.22107105,-0.042031012,0.0023339053,0.4281055,-0.065619566,0.29027742,0.14888833,0.2117139,0.18910016,0.03591548,0.16420975",""
"./index.tsx","react-router-native","embeddingsNode2Vec","-0.19766307,-0.15505938,-0.17187774,-0.13609783,0.32007623,-0.15804735,-0.22918911,0.3594616,0.1272992,-0.23311517,0.39259288,0.14713512,-0.01882275,-0.10405624,0.30223376,-0.4074901,-0.10728424,-0.05221919,0.25912386,-0.14609157,0.031614214,-0.20721051,-0.05344761,-0.011757744,0.4269074,-0.03985814,0.26665342,0.1301509,0.20794429,0.1685246,0.053534634,0.1611455",""
"./index.ts","router","embeddingsNode2Vec","-0.19201118,-0.15063134,-0.1394006,-0.1586328,0.31762636,-0.17749125,-0.22295225,0.3768238,0.14976044,-0.24872307,0.41483465,0.13548587,-0.012356831,-0.06737161,0.3060548,-0.4669574,-0.09149635,-0.073284246,0.2906665,-0.15378031,0.056352723,-0.20374365,-0.061899874,0.0063861418,0.41618997,-0.060208507,0.29137075,0.15212813,0.18186483,0.18261798,0.034652036,0.17249887",""
