"codeUnitName","shortCodeUnitName","propertyName","propertyValue","Source Cypher File: Dependencies_Projection/Dependencies_8_Stream_Mutated.cypher"
"./index.ts","react-router","embeddingsNode2Vec","0.18168597,0.0042410158,-0.09901075,0.2348357,-0.48907197,0.01684311,-0.00037424028,-0.3866435,-0.22258836,0.322768,-0.22596891,-0.22635281,0.059067193,-0.15852891,-0.15163714,0.47320673,-0.029931601,0.032796066,-0.28778782,0.1972545,-0.022260511,0.048184738,0.3654082,-0.095163405,-0.32954752,0.0010460187,-0.15592155,0.032787222,0.17839919,0.033537716,0.0479261,-0.3352684",""
"./index.tsx","react-router-dom","embeddingsNode2Vec","0.18685138,0.012474837,-0.099320866,0.22993973,-0.48851132,0.026727194,0.009207601,-0.39616236,-0.23170348,0.31727353,-0.22668734,-0.22957812,0.057971608,-0.14817405,-0.162736,0.48489708,-0.02438935,0.036554184,-0.29557756,0.19667324,-0.022946712,0.058869895,0.3646943,-0.098325655,-0.33399394,0.006318071,-0.16484322,0.02600512,0.16500984,0.024548635,0.048474625,-0.32091433",""
"./server.tsx","server","embeddingsNode2Vec","0.17859216,0.014731029,-0.10479503,0.21024637,-0.46546534,0.01947738,0.0023211075,-0.37673956,-0.23541993,0.33116934,-0.2276658,-0.20925434,0.059454553,-0.15907006,-0.1567352,0.47850037,-0.03451931,0.029275568,-0.29462823,0.2037616,-0.030847333,0.041664753,0.35410735,-0.0942047,-0.31316164,-0.007994463,-0.16581218,0.014775534,0.17319867,0.024292856,0.03699238,-0.33266482",""
"./index.tsx","react-router-native","embeddingsNode2Vec","0.17649303,0.013955514,-0.1174304,0.23214142,-0.46319413,0.038001373,0.005483813,-0.38127685,-0.22819372,0.31127182,-0.23224194,-0.20204736,0.05055558,-0.16391367,-0.15844639,0.48287636,-0.034478668,0.0466548,-0.3016692,0.19469988,-0.03955778,0.052708205,0.3357691,-0.10519182,-0.31196603,0.016283654,-0.16900516,0.0067894277,0.16765673,0.013462825,0.05474472,-0.31498244",""
"./index.ts","router","embeddingsNode2Vec","0.18025135,0.008059219,-0.09261284,0.21998873,-0.4826593,0.018499203,0.008077155,-0.38037354,-0.22932337,0.3217127,-0.22799277,-0.22264121,0.059538882,-0.14321712,-0.1601654,0.47314426,-0.0237917,0.03253276,-0.28259555,0.19270231,-0.017468737,0.05518405,0.3588266,-0.08865334,-0.33224517,0.00064450246,-0.15750583,0.03213467,0.16367398,0.028500248,0.041882876,-0.32844654",""
