"codeUnitName","shortCodeUnitName","propertyName","propertyValue","Source Cypher File: Dependencies_Projection/Dependencies_8_Stream_Mutated.cypher"
"./index.ts","react-router","embeddingsNode2Vec","0.12166785,0.023437476,0.11984787,0.3017297,-0.31183013,0.26426882,0.2334444,-0.22288242,-0.10293999,0.08121203,-0.20788653,-0.16830613,-0.07893072,0.18478766,-0.31666768,0.27515772,0.19512206,0.24776651,-0.22399752,-0.036933,0.052024346,0.3598776,-0.16588847,-0.060968954,-0.4715341,0.35075215,-0.10880867,0.03705564,-0.27167207,-0.14035374,0.2040434,0.19250928",""
"./index.tsx","react-router-dom","embeddingsNode2Vec","0.12817307,0.040105853,0.124922805,0.28385606,-0.29588863,0.255034,0.23217402,-0.22475745,-0.09890032,0.080294356,-0.21290672,-0.16638109,-0.07423341,0.19530582,-0.3204239,0.26633778,0.19463834,0.23167513,-0.2201182,-0.028328363,0.049204193,0.34470913,-0.18357874,-0.06807327,-0.46839648,0.33805007,-0.119363405,0.025845943,-0.29450527,-0.1448897,0.18948779,0.18897955",""
"./server.tsx","server","embeddingsNode2Vec","0.1260067,0.040465917,0.111696415,0.28452712,-0.29054418,0.25888792,0.22966088,-0.22952826,-0.10321975,0.084032655,-0.21747099,-0.15251678,-0.07316798,0.1677456,-0.3076482,0.27648965,0.18444516,0.23471153,-0.23942323,-0.02191507,0.036760334,0.34108803,-0.17754886,-0.07044703,-0.483723,0.34601685,-0.12753785,0.010639143,-0.27952933,-0.15346731,0.18601656,0.18031822",""
"./index.tsx","react-router-native","embeddingsNode2Vec","0.1212129,0.041556995,0.101033725,0.30366105,-0.2820655,0.27140185,0.22839132,-0.22358282,-0.103919,0.077706605,-0.2155865,-0.14128466,-0.08015635,0.16516627,-0.3070715,0.2776458,0.17490594,0.24672051,-0.24706285,-0.025010264,0.027815927,0.3457766,-0.18488166,-0.075882696,-0.4495468,0.35613912,-0.1360588,0.0031098912,-0.27652365,-0.15888168,0.19454524,0.18609574",""
"./index.ts","router","embeddingsNode2Vec","0.1272024,0.03972872,0.13077582,0.28842804,-0.2950517,0.2658599,0.2447044,-0.21648096,-0.09347,0.07365646,-0.20932235,-0.1614333,-0.075058565,0.1952686,-0.31529686,0.25529417,0.1964667,0.23776193,-0.22075316,-0.03221761,0.051484942,0.35388118,-0.18922096,-0.061187394,-0.47256252,0.34087652,-0.11656282,0.024274565,-0.29806605,-0.15020525,0.18664818,0.197591",""
