"codeUnitName","shortCodeUnitName","propertyName","propertyValue","Source Cypher File: Dependencies_Projection/Dependencies_8_Stream_Mutated.cypher"
"./index.ts","react-router","embeddingsFastRandomProjection","-0.59033126,-0.2793839,0.076220706,-0.19895561,-0.4899249,0,-0.09854929,0,-0.11199176,0.2793839,0.022328591,-0.2570553,-0.36904705,0,-0.2212842,-0.05866371,0.076220706,0,0.19895561,0.022328591,-0.2570553,0.46759632,0.11255581,-0.5685668,0.2212842,0.2570553,-0.3696111,0.39137563,-0.59033126,0,0.076220706,0",""
"./index.tsx","react-router-dom","embeddingsFastRandomProjection","-0.5923303,-0.31627956,0.011415586,-0.16123603,-0.46833196,0,-0.03723775,0,-0.11481473,0.31627956,0.025822157,-0.29045737,-0.4052721,0,-0.18705818,-0.12944035,0.011415586,0,0.16123603,0.025822157,-0.29045737,0.4425098,0.115033776,-0.56672716,0.18705818,0.29045737,-0.40549117,0.43109423,-0.5923303,0,0.011415586,0",""
"./server.tsx","server","embeddingsFastRandomProjection","-0.68405795,-0.34513617,0.03313077,-0.17132089,-0.56554043,0,-0.05280327,0,-0.167601,0.34513617,0.019672498,-0.32546365,-0.49306464,0,-0.19099338,-0.19720459,0.03313077,0,0.17132089,0.019672498,-0.32546365,0.54586786,0.21066286,-0.70744747,0.19099338,0.32546365,-0.5361265,0.51273715,-0.68405795,0,0.03313077,0",""
"./index.tsx","react-router-native","embeddingsFastRandomProjection","-0.54318523,-0.29479563,0.009762347,-0.17438444,-0.4066473,0,-0.037846535,0,-0.07400515,0.29479563,0.028084183,-0.26671144,-0.3407166,0,-0.20246863,-0.09426291,0.009762347,0,0.17438444,0.028084183,-0.26671144,0.3785631,0.07594106,-0.517037,0.20246863,0.26671144,-0.3426525,0.36880076,-0.54318523,0,0.009762347,0",""
"./index.ts","router","embeddingsFastRandomProjection","-0.68378043,-0.34522688,0.037913162,-0.10197936,-0.64200747,0,-0.060206383,0,-0.23657422,0.34522688,0.022293221,-0.32293364,-0.5595079,0,-0.12427258,-0.12837428,0.037913162,0,0.10197936,0.022293221,-0.32293364,0.61971426,0.14399424,-0.5689073,0.12427258,0.32293364,-0.4669279,0.5818011,-0.68378043,0,0.037913162,0",""
