"name","shortName","pageRank","articleRank","betweenness","costEffectiveLazyForward","harmonicCloseness","closeness","hyperlinkInducedTopicSearchAuthority","hyperlinkInducedTopicSearchHub","incomingDependencies","outgoingDependencies","Source Cypher File: Centrality/Centrality_10_Summary.cypher"
"/axon-configuration-4.9.0.jar","axon-configuration-4.9.0",0.17348438879190733,0.1745767284730299,0,1.64,0,0,0,0.5585580106036322,0,4,""
"/axon-modelling-4.9.0.jar","axon-modelling-4.9.0",0.26593853875142953,0.26671221983188986,0,0.9199999999999999,0.8,0.8,0.5823953999804578,0.19194138600788554,4,1,""
"/axon-disruptor-4.9.0.jar","axon-disruptor-4.9.0",0.17390812939671516,0.17500049873253132,3,0.8900000000000001,0.2,0.2,0.1675257973717242,0.5083127500357955,1,3,""
"/axon-test-4.9.0.jar","axon-test-4.9.0",0.17348438879190733,0.1745767284730299,0,1.0800000000000003,0,0,0,0.5083127500357955,0,3,""
"/axon-eventsourcing-4.9.0.jar","axon-eventsourcing-4.9.0",0.21112870615979626,0.21202928532650556,0.5,0.8099999999999996,0.6,0.6,0.47243772110166316,0.3666166245957466,3,2,""
"/axon-messaging-4.9.0.jar","axon-messaging-4.9.0",0.8912147099676805,0.8901286037146263,0,0,1,1,0.6399635184733874,0,5,0,""
