"codeUnitName","shortCodeUnitName","propertyName","propertyValue","Source Cypher File: Dependencies_Projection/Dependencies_8_Stream_Mutated.cypher"
"./index.ts","react-router","embeddingsFastRandomProjection","0.3023395,0.2626781,-0.037530262,0.0021311436,0,-0.050809897,-0.6104052,-0.5707438,0.12469922,0.08503781,0.17764026,0.55386907,-0.08716896,0,-0.43489608,-0.16436063,0.12683037,-0.4270387,-0.4667001,0.30020833,-0.3952346,-0.037530262,0,0.17550912,0,0,-0.3023395,0.18006413,0.25152957,-0.3420009,0.12469922,0.13255654",""
"./index.tsx","react-router-dom","embeddingsFastRandomProjection","0.2698299,0.22594824,-0.05572141,-0.01183974,0,-0.0246936,-0.61856854,-0.5746869,0.128488,0.08460634,0.14134188,0.5149662,-0.0727666,0,-0.46538693,-0.17236967,0.11664827,-0.3983179,-0.44219953,0.28166962,-0.42150527,-0.05572141,0,0.15318164,0,0,-0.2698299,0.22444196,0.24513629,-0.31371155,0.128488,0.195557",""
"./server.tsx","server.tsx","embeddingsFastRandomProjection","0.31709197,0.29038262,0.06697568,0.09368502,0,0.1015099,-0.46764326,-0.44093397,0.1624584,0.13574907,0.15463355,0.7356938,-0.22943412,0,-0.40669477,-0.18916775,0.25614345,-0.47955036,-0.5062597,0.22340694,-0.37998545,0.06697568,0,0.06094853,0,0,-0.31709197,0.29232758,0.41860187,-0.3438013,0.1624584,0.08960278",""
"./index.tsx","react-router-native","embeddingsFastRandomProjection","0.25381577,0.20874946,-0.081366986,-0.036300674,0,-0.062384486,-0.6260464,-0.5809801,0.11386597,0.06879966,0.1399498,0.445247,-0.03249899,0,-0.44979593,-0.15893228,0.0775653,-0.3676817,-0.41274804,0.29011643,-0.40472963,-0.081366986,0,0.17625047,0,0,-0.25381577,0.18341286,0.19143125,-0.29888207,0.11386597,0.19598015",""
"./index.ts","router","embeddingsFastRandomProjection","0.31389815,0.2747501,-0.07210416,-0.032956123,0,0.094037876,-0.5972093,-0.55806124,0.22044607,0.18129803,0.09345208,0.7218342,-0.14834191,0,-0.47080106,-0.2595941,0.18748996,-0.53434426,-0.5734923,0.34685427,-0.43165308,-0.07210416,0,0.12640822,0,0,-0.31389815,0.26609674,0.407936,-0.3530462,0.22044607,0.1569029",""
