"codeUnitName","shortCodeUnitName","propertyName","propertyValue","Source Cypher File: Dependencies_Projection/Dependencies_8_Stream_Mutated.cypher"
"./index.ts","react-router","embeddingsNode2Vec","0.09323553,-0.29096726,-0.029895917,-0.046304822,0.1537275,-0.11248869,0.002542635,0.31009057,-0.09770843,-0.038413018,0.3255267,-0.39077663,0.34113148,0.15084577,0.02545607,0.16792597,0.1118928,0.27428216,0.36921158,0.10403021,-0.16266628,0.11218721,-0.02495035,-0.0004369518,-0.0905118,-0.46708924,-0.16556558,0.010251586,0.57344645,0.07501313,0.23930523,0.05370492",""
"./index.tsx","react-router-dom","embeddingsNode2Vec","0.10554917,-0.29114395,-0.03347818,-0.04473754,0.17202854,-0.11288737,0.00628851,0.32231617,-0.09709879,-0.033482205,0.30657914,-0.35940495,0.32945532,0.16890836,0.009301523,0.16325212,0.09775963,0.25396574,0.37215295,0.10550069,-0.15960647,0.116161786,-0.03985124,-0.012580674,-0.07061732,-0.4514591,-0.17390448,0.011597358,0.5782011,0.06770067,0.24645934,0.06476227",""
"./server.tsx","server.tsx","embeddingsNode2Vec","0.09866149,-0.28542385,-0.03231451,-0.043561693,0.15196566,-0.10173625,-0.0014395675,0.29587623,-0.08790714,-0.032291207,0.31354374,-0.3761216,0.32304773,0.16365382,0.034766432,0.15911077,0.094136044,0.2591398,0.35684243,0.113291025,-0.16183765,0.11904611,-0.02140073,-0.009010181,-0.06253041,-0.4485351,-0.17373744,0.011775705,0.5558247,0.058572326,0.23705435,0.06328643",""
"./index.tsx","react-router-native","embeddingsNode2Vec","0.09434158,-0.29476142,-0.0140971355,-0.05373928,0.14388907,-0.10541867,0.006192323,0.3037829,-0.10235174,-0.019008238,0.31985956,-0.3837983,0.33050776,0.14217736,0.03641469,0.17566144,0.09613785,0.26235938,0.36157405,0.093460985,-0.16279659,0.11330841,-0.012874751,0.009959096,-0.08371957,-0.46316457,-0.17669077,0.0070507373,0.56067306,0.07421336,0.23048508,0.04798354",""
"./index.ts","router","embeddingsNode2Vec","0.10286279,-0.29691446,-0.022766933,-0.046178997,0.15599355,-0.1097338,-0.00084383594,0.3179493,-0.10146447,-0.017850937,0.31207708,-0.37762126,0.32943842,0.1648327,0.028246826,0.16836426,0.08775365,0.26267838,0.37889048,0.10127401,-0.16770533,0.11919002,-0.021587621,-0.009983478,-0.061500147,-0.45509532,-0.19239086,0.0057573165,0.5677511,0.056745,0.23726073,0.063793436",""
