"codeUnitName","shortCodeUnitName","propertyName","propertyValue","Source Cypher File: Dependencies_Projection/Dependencies_8_Stream_Mutated.cypher"
"./index.ts","react-router","embeddingsNode2Vec","0.047678053,-0.3060567,0.17923923,-0.11371369,-0.009255232,-0.1194421,0.049513727,0.2355982,-0.22398192,0.13335845,0.26811856,-0.32061172,0.3348827,-0.101736076,0.04981944,0.29297853,0.08330549,0.18313152,0.3281155,-0.14994457,-0.13807635,0.0012158811,0.10647686,0.1817164,-0.25440276,-0.4456955,-0.19603835,-0.06760611,0.48401278,0.19213808,0.06626017,-0.11930519",""
"./index.tsx","react-router-dom","embeddingsNode2Vec","0.05013235,-0.3079166,0.18109806,-0.12132265,-0.005735665,-0.119253695,0.051232524,0.25311714,-0.23719954,0.14222878,0.26360956,-0.29717413,0.32438517,-0.09334354,0.041404173,0.27675194,0.07235052,0.17472054,0.30833372,-0.1445358,-0.14460877,0.0076074316,0.10229647,0.17486921,-0.24737036,-0.46587726,-0.20220834,-0.06407755,0.46732968,0.18190494,0.067204095,-0.11906087",""
"./server.tsx","server.tsx","embeddingsNode2Vec","0.047199298,-0.30342743,0.17618,-0.11846765,-0.011967062,-0.11748086,0.04487694,0.23752835,-0.2254862,0.14150733,0.27838147,-0.33336684,0.33466664,-0.08945499,0.06243922,0.2847976,0.07475418,0.19688556,0.3302984,-0.1391401,-0.15154031,0.01345074,0.11292081,0.17673205,-0.23593394,-0.44642174,-0.2038555,-0.06361409,0.4750623,0.17529278,0.069986455,-0.113528624",""
"./index.tsx","react-router-native","embeddingsNode2Vec","0.046409935,-0.29869127,0.19262923,-0.12875547,-0.020034265,-0.115546346,0.05654703,0.23768725,-0.23149918,0.15654969,0.26637533,-0.31759566,0.32891786,-0.109806925,0.05520297,0.2956574,0.06866454,0.18539132,0.3062097,-0.14863786,-0.14140387,0.0070865583,0.112577535,0.18860643,-0.24995868,-0.44829136,-0.1989657,-0.06506685,0.45929435,0.18733029,0.056230217,-0.12574601",""
"./index.ts","router","embeddingsNode2Vec","0.04854421,-0.30009425,0.19501144,-0.12025114,-0.019150665,-0.123087525,0.050024495,0.2462752,-0.24056584,0.16105759,0.2549385,-0.31229264,0.32520822,-0.10522109,0.04829124,0.29418978,0.06381707,0.18042506,0.328522,-0.16261758,-0.14462896,0.0023893083,0.112999916,0.18348588,-0.2353338,-0.43339062,-0.21306859,-0.073431045,0.45870268,0.17526762,0.055123206,-0.12227536",""
