"codeUnitName","shortCodeUnitName","propertyName","propertyValue","Source Cypher File: Dependencies_Projection/Dependencies_8_Stream_Mutated.cypher"
"./index.ts","react-router","embeddingsNode2Vec","-0.13761516,0.0044431435,0.120909676,-0.09808938,-0.37193802,0.22996387,-0.05802085,-0.36550504,0.12851688,0.110046476,0.24788333,-0.35690618,-0.22805157,-0.116580695,0.6054745,0.056870013,-0.099691674,0.2331647,-0.3253318,0.20428179,-0.19050886,0.14898205,0.37292972,0.19573995,0.15095268,-0.12605792,-0.058160994,0.04500424,-0.17414011,-0.11247251,-0.14798711,-0.052283768",""
"./index.tsx","react-router-dom","embeddingsNode2Vec","-0.14225848,0.0036932037,0.11627517,-0.09633542,-0.36147624,0.22346249,-0.059599627,-0.37530306,0.12254788,0.09819836,0.23863778,-0.35676703,-0.22427593,-0.11313934,0.5669817,0.052391496,-0.08958581,0.23146057,-0.31261,0.20475796,-0.17913121,0.14209075,0.38932896,0.18215255,0.13672107,-0.12017204,-0.04995543,0.043479245,-0.15774405,-0.10761377,-0.13456844,-0.050635103",""
"./server.tsx","server.tsx","embeddingsNode2Vec","-0.14334156,0.00019238927,0.115688875,-0.09487764,-0.3637483,0.23105402,-0.06510175,-0.37552083,0.12779917,0.10972265,0.25108877,-0.38421452,-0.23062986,-0.1047579,0.594791,0.053852487,-0.10236164,0.24338135,-0.3088989,0.2144017,-0.19733551,0.15360336,0.39236218,0.18100815,0.15947412,-0.1296823,-0.07091646,0.045064908,-0.15670826,-0.124051265,-0.1351286,-0.043811858",""
"./index.tsx","react-router-native","embeddingsNode2Vec","-0.14351127,-0.0077170157,0.13189207,-0.10271231,-0.36803472,0.22738476,-0.054276902,-0.37460685,0.1120894,0.1179246,0.24620539,-0.37095973,-0.2119277,-0.13035509,0.58065987,0.06983061,-0.094047986,0.23683438,-0.30617303,0.18292572,-0.18798937,0.13830756,0.39081767,0.19889331,0.12455329,-0.13319899,-0.065094575,0.037255205,-0.1472225,-0.09944378,-0.14260939,-0.061830256",""
"./index.ts","router","embeddingsNode2Vec","-0.13868557,0.0066925893,0.12199887,-0.09327956,-0.35874555,0.22776496,-0.060258374,-0.3761361,0.118163064,0.121713296,0.231248,-0.35259056,-0.23488227,-0.114503,0.5919894,0.055338763,-0.11112462,0.22787942,-0.31155193,0.19710056,-0.1907726,0.1453302,0.37937227,0.18006697,0.15411128,-0.110645115,-0.07076549,0.039654106,-0.16684794,-0.119746976,-0.14388414,-0.048141815",""
