"codeUnitName","shortCodeUnitName","propertyName","propertyValue","Source Cypher File: Dependencies_Projection/Dependencies_8_Stream_Mutated.cypher"
"/axon-test-4.6.8.jar","axon-test-4.6.8","embeddingsHashGNN","0.0,0.4330126941204071,0.4330126941204071,-0.8660253882408142,0.4330126941204071,0.8660253882408142,0.4330126941204071,0.8660253882408142,0.0,-0.4330126941204071,-0.4330126941204071,0.4330126941204071,0.8660253882408142,-1.2990380823612213,-0.4330126941204071,-0.4330126941204071",""
"/axon-disruptor-4.6.8.jar","axon-disruptor-4.6.8","embeddingsHashGNN","0.0,0.4330126941204071,0.4330126941204071,-0.8660253882408142,0.4330126941204071,0.8660253882408142,0.4330126941204071,0.8660253882408142,0.0,-0.4330126941204071,-0.4330126941204071,0.4330126941204071,0.8660253882408142,-1.2990380823612213,-0.4330126941204071,-0.4330126941204071",""
"/axon-modelling-4.6.8.jar","axon-modelling-4.6.8","embeddingsHashGNN","0.0,0.4330126941204071,0.4330126941204071,-0.8660253882408142,0.4330126941204071,0.8660253882408142,0.4330126941204071,0.8660253882408142,0.0,-0.4330126941204071,-0.4330126941204071,0.4330126941204071,0.8660253882408142,-1.2990380823612213,-0.4330126941204071,-0.4330126941204071",""
"/axon-messaging-4.6.8.jar","axon-messaging-4.6.8","embeddingsHashGNN","0.0,0.4330126941204071,0.4330126941204071,-0.8660253882408142,0.4330126941204071,0.8660253882408142,0.4330126941204071,0.8660253882408142,0.0,-0.4330126941204071,-0.4330126941204071,0.4330126941204071,0.8660253882408142,-1.2990380823612213,-0.4330126941204071,-0.4330126941204071",""
"/axon-eventsourcing-4.6.8.jar","axon-eventsourcing-4.6.8","embeddingsHashGNN","0.0,0.4330126941204071,0.4330126941204071,-0.8660253882408142,0.4330126941204071,0.8660253882408142,0.4330126941204071,0.8660253882408142,0.0,-0.4330126941204071,-0.4330126941204071,0.4330126941204071,0.8660253882408142,-1.2990380823612213,-0.4330126941204071,-0.4330126941204071",""
"/axon-configuration-4.6.8.jar","axon-configuration-4.6.8","embeddingsHashGNN","0.0,0.4330126941204071,0.4330126941204071,-0.8660253882408142,0.4330126941204071,0.8660253882408142,0.4330126941204071,0.8660253882408142,0.0,-0.4330126941204071,-0.4330126941204071,0.4330126941204071,0.8660253882408142,-1.2990380823612213,-0.4330126941204071,-0.4330126941204071",""
