"codeUnitName","shortCodeUnitName","propertyName","propertyValue","Source Cypher File: Dependencies_Projection/Dependencies_8_Stream_Mutated.cypher"
"/axon-test-4.6.8.jar","axon-test-4.6.8","embeddingsFastRandomProjection","-0.10794012,-0.41318095,0.3052408,-0.7184218,0.088851325,0.29536852,0.41318095,-0.30565116,0.059591424,-0.36483228,-0.52204067,0.9947015,-0.18742833,0.3052408,-0.8770006,0.3052408",""
"/axon-disruptor-4.6.8.jar","axon-disruptor-4.6.8","embeddingsFastRandomProjection","-0.11645324,-0.42587227,0.309419,-0.73529124,0.09001661,0.30373424,0.42587227,-0.30898625,0.059004925,-0.36842394,-0.5283886,1.012589,-0.18728095,0.309419,-0.8911278,0.309419",""
"/axon-modelling-4.6.8.jar","axon-modelling-4.6.8","embeddingsFastRandomProjection","-0.10518778,-0.4277531,0.3225653,-0.7503184,0.08587213,0.2839774,0.4277531,-0.2967092,0.06866524,-0.39123055,-0.5334023,1.0149801,-0.17878956,0.3225653,-0.886045,0.3225653",""
"/axon-messaging-4.6.8.jar","axon-messaging-4.6.8","embeddingsFastRandomProjection","-0.20229802,-0.46470788,0.26240987,-0.7271178,0.072831884,0.35278448,0.46470788,-0.24849407,0.053780053,-0.31618994,-0.43807206,0.9504361,-0.1504864,0.26240987,-0.84463656,0.26240987",""
"/axon-eventsourcing-4.6.8.jar","axon-eventsourcing-4.6.8","embeddingsFastRandomProjection","-0.104349256,-0.4171846,0.31283537,-0.73002005,0.08633833,0.28695306,0.4171846,-0.29824942,0.067390285,-0.3802257,-0.5247465,0.99896216,-0.18260375,0.31283537,-0.87908983,0.31283537",""
"/axon-configuration-4.6.8.jar","axon-configuration-4.6.8","embeddingsFastRandomProjection","-0.10476674,-0.4123691,0.30760238,-0.71997154,0.088694856,0.28985178,0.4123691,-0.3049562,0.05965611,-0.36725855,-0.52386373,0.9937514,-0.185085,0.30760238,-0.8733716,0.30760238",""
