"codeUnitName","shortCodeUnitName","propertyName","propertyValue","Source Cypher File: Dependencies_Projection/Dependencies_8_Stream_Mutated.cypher"
"/axon-test-4.6.8.jar","axon-test-4.6.8","embeddingsNode2Vec","0.011727811,0.024240004,-0.030077934,0.002423612,0.009534694,-0.008736435,0.022029141,-0.0036974156,-0.004900391,0.017949516,-0.021499313,0.0014315152,0.029206391,0.022999119,-0.010591133,0.0029069781",""
"/axon-disruptor-4.6.8.jar","axon-disruptor-4.6.8","embeddingsNode2Vec","-0.013712271,0.00094359444,-0.012679725,-0.031125447,0.012414486,-0.0021038514,-0.017878527,0.0017173251,-0.019269362,-0.023863716,-0.014117647,-0.02178586,0.0009921083,-0.013286021,0.008069565,-0.027627997",""
"/axon-modelling-4.6.8.jar","axon-modelling-4.6.8","embeddingsNode2Vec","0.029908685,0.021431087,0.0043841014,-0.0036029506,0.013127567,-0.02811298,0.027409079,0.018701693,0.01574165,0.0031432454,0.015444154,0.019128941,0.017490784,-0.014958344,-0.009473491,0.030035898",""
"/axon-messaging-4.6.8.jar","axon-messaging-4.6.8","embeddingsNode2Vec","-0.016130714,-0.03046374,-0.023644771,-0.023074716,0.028143687,-0.012045106,-0.026395284,0.028462645,-0.030102745,-0.012784566,0.015651695,0.0018270671,-0.012109216,0.030769091,-0.024265807,-0.02332702",""
"/axon-eventsourcing-4.6.8.jar","axon-eventsourcing-4.6.8","embeddingsNode2Vec","0.00732366,0.009829932,0.021268237,0.027264893,-0.02354636,-0.016791375,0.0050201463,-0.02128854,0.017562648,-0.01934078,0.02011374,-0.02389248,0.01550969,-0.0261684,-0.0021432964,-0.008859193",""
"/axon-configuration-4.6.8.jar","axon-configuration-4.6.8","embeddingsNode2Vec","0.015383034,0.027748495,-0.014569315,0.026508378,-0.017229762,0.01008428,0.0038591044,-0.012910686,-0.01830508,-0.027054846,0.023002803,0.027857346,-0.00929755,0.0027227376,-0.0029929143,-0.00025972145",""
