"name","shortName","pageRank","articleRank","betweenness","costEffectiveLazyForward","harmonicCloseness","closeness","hyperlinkInducedTopicSearchAuthority","hyperlinkInducedTopicSearchHub","incomingDependencies","outgoingDependencies","Source Cypher File: Centrality/Centrality_10_Summary.cypher"
"./index.ts","react-router",0.5836909142432417,0.6565281156258157,1,0.9199999999999999,0.75,0.75,0.673887338679049,0.2886751345948129,19,17,""
"./index.tsx","react-router-dom",0.2338077131513412,0.28485400152861784,0,0.8899999999999997,0.25,0.25,0.30290544652768625,0.5773502691896258,2,148,""
"./server.tsx","server",0.1821878284296165,0.22876305914267378,0,1.46,0,0,0,0.7071067811865476,0,40,""
"./index.tsx","react-router-native",0.1821878284296165,0.22876305914267378,0,1,0,0,0,0.28867513459481287,0,24,""
"./index.ts","router",0.7336579995100101,0.6190023883227922,0,0.7300000000000004,0.875,0.8,0.6738873386790492,0,18,0,""
