"codeUnitName","communityId","centrality","artifactName","embedding","Source Cypher File: Dependencies_Projection/Dependencies_8_Stream_Mutated.cypher"
"/axon-disruptor-4.8.2.jar",0,0.17400307146553007,,"-0.0844416618347168,0.38105881214141846,-0.05360367149114609,-0.5136775970458984,-0.0844416618347168,-0.38105881214141846,0.38105881214141846,0.07332957535982132,-0.260557621717453,-0.29600733518600464,0.260557621717453,-0.09066875278949738,0,-1.414236307144165,0.38044896721839905,0.7306697964668274",""
"/axon-test-4.8.2.jar",0,0.1735377494244865,,"-0.08260917663574219,0.3761267066001892,-0.05456934869289398,-0.5029165148735046,-0.08260917663574219,-0.3761267066001892,0.3761267066001892,0.07529352605342865,-0.25923824310302734,-0.28167080879211426,0.25923824310302734,-0.0914342850446701,0,-1.3830872774124146,0.36427998542785645,0.7123668789863586",""
"/axon-eventsourcing-4.8.2.jar",0,0.211128417938286,,"-0.08038920909166336,0.36792877316474915,-0.05184648558497429,-0.5111007690429688,-0.08038920909166336,-0.36792877316474915,0.36792877316474915,0.055063795298337936,-0.26478615403175354,-0.28605055809020996,0.26478615403175354,-0.08930382132530212,0,-1.392408847808838,0.36643972992897034,0.7058258056640625",""
"/axon-messaging-4.8.2.jar",0,0.8918404794413924,,"-0.06980472803115845,0.312052458524704,-0.04479154199361801,-0.43665575981140137,-0.06980472803115845,-0.312052458524704,0.312052458524704,0.04392959177494049,-0.2201843559741974,-0.38553386926651,0.2201843559741974,-0.07371491193771362,0,-1.3255031108856201,0.45533856749534607,0.7423778772354126",""
"/axon-modelling-4.8.2.jar",0,0.2636997924507219,,"-0.08106973022222519,0.36844611167907715,-0.04905728995800018,-0.5304738879203796,-0.08106973022222519,-0.36844611167907715,0.36844611167907715,0.038201555609703064,-0.26730987429618835,-0.30720266699790955,0.26730987429618835,-0.08714713901281357,0,-1.435342788696289,0.38827240467071533,0.7247061133384705",""
"/axon-configuration-4.8.2.jar",0,0.1735377494244865,,"-0.08280391991138458,0.3747684359550476,-0.05254356563091278,-0.5077639222145081,-0.08280391991138458,-0.3747684359550476,0.3747684359550476,0.06951895356178284,-0.2581585645675659,-0.2821837067604065,0.2581585645675659,-0.08945013582706451,0,-1.3859680891036987,0.3649876117706299,0.7094957232475281",""
