"codeUnitName","shortCodeUnitName","propertyName","propertyValue","Source Cypher File: Dependencies_Projection/Dependencies_8_Stream_Mutated.cypher"
"/axon-configuration-4.8.2.jar","axon-configuration-4.8.2","embeddingsFastRandomProjection","-0.22284983,0.39793435,0.6655319,-0.85794806,0.3580477,-0.1823223,-0.10759327,0,-0.33989602,-0.11525656,0,-0.6655319,0,0,0.22528039,-0.73080796",""
"/axon-test-4.8.2.jar","axon-test-4.8.2","embeddingsFastRandomProjection","-0.22782026,0.39649445,0.6637782,-0.86161625,0.35902512,-0.18501261,-0.10799599,0,-0.34330326,-0.11982432,0,-0.6637782,0,0,0.22881733,-0.7333077",""
"/axon-disruptor-4.8.2.jar","axon-disruptor-4.8.2","embeddingsFastRandomProjection","-0.24705388,0.42953822,0.70378435,-0.9054323,0.3870538,-0.19151422,-0.11463708,0,-0.35876933,-0.1324168,0,-0.70378435,0,0,0.23940781,-0.78358305",""
"/axon-eventsourcing-4.8.2.jar","axon-eventsourcing-4.8.2","embeddingsFastRandomProjection","-0.21637022,0.40124592,0.66072685,-0.8631682,0.36392438,-0.18991846,-0.10337098,0,-0.34313378,-0.112999216,0,-0.66072685,0,0,0.21926484,-0.7238817",""
"/axon-modelling-4.8.2.jar","axon-modelling-4.8.2","embeddingsFastRandomProjection","-0.22930211,0.44397622,0.7108674,-0.9195505,0.40102258,-0.19900027,-0.10846858,0,-0.36010516,-0.120833546,0,-0.7108674,0,0,0.22661985,-0.77906466",""
"/axon-messaging-4.8.2.jar","axon-messaging-4.8.2","embeddingsFastRandomProjection","-0.29904625,0.45403928,0.54791296,-0.7078092,0.42228127,-0.15300253,-0.086843625,0,-0.27849787,-0.21220264,0,-0.54791296,0,0,0.18058094,-0.7214638",""
