"codeUnitName","shortCodeUnitName","propertyName","propertyValue","Source Cypher File: Dependencies_Projection/Dependencies_8_Stream_Mutated.cypher"
"/axon-configuration-4.8.2.jar","axon-configuration-4.8.2","embeddingsNode2Vec","-0.031106746,0.030582188,0.010318631,-0.013254105,0.0009457981,0.009365309,0.022975635,0.029643161,-0.023055838,0.025749287,0.025870567,-0.0044310605,0.009420696,0.01868813,-0.030318558,-0.021791406",""
"/axon-test-4.8.2.jar","axon-test-4.8.2","embeddingsNode2Vec","-0.024413345,-0.014433688,0.02058291,0.021769932,0.0077417167,-0.013160577,0.018424971,0.008289631,0.0054161786,-0.0016191258,0.0003185652,0.020312972,-0.016114207,-0.021025155,0.0038007598,-0.024458546",""
"/axon-disruptor-4.8.2.jar","axon-disruptor-4.8.2","embeddingsNode2Vec","0.026066532,0.030317463,0.013549132,-0.011528083,0.029597457,0.02406959,-0.010199424,0.024306877,0.005445447,-0.024029931,0.011642291,0.011725842,-0.0039690114,0.010692173,0.00016977577,-0.003064699",""
"/axon-eventsourcing-4.8.2.jar","axon-eventsourcing-4.8.2","embeddingsNode2Vec","-0.024625527,-0.0052532707,0.028720263,-0.00081566256,-0.018790323,0.015098367,-0.015790174,0.015224831,-0.021938503,0.025237687,0.02647058,0.0072597736,-0.0029315634,0.00039560764,-0.03110829,-0.00040220522",""
"/axon-modelling-4.8.2.jar","axon-modelling-4.8.2","embeddingsNode2Vec","-0.009542048,-0.013285016,0.019274171,0.0072872285,0.0008202086,0.0013370109,0.012261303,0.021289717,-0.022127133,0.0070727025,-0.030763073,-0.023970364,-0.015454627,-0.024224304,0.018035352,0.02642394",""
"/axon-messaging-4.8.2.jar","axon-messaging-4.8.2","embeddingsNode2Vec","0.0070530837,0.019839229,0.030339893,-0.0051148525,0.017586626,0.023754807,-0.027361976,0.012821087,-0.006838414,-0.029017013,0.027375707,0.018699028,0.0024969794,-0.024033075,-0.024240302,0.025075093",""
