"codeUnitName","communityId","centrality","artifactName","embedding","Source Cypher File: Dependencies_Projection/Dependencies_8_Stream_Mutated.cypher"
"/axon-modelling-4.8.2.jar",0,0.2636997924507219,,"0,0,0,0,0,0,0,0,0,0,0,0,0,0,0,0",""
"/axon-configuration-4.8.2.jar",0,0.1735377494244865,,"0,-0.7698932886123657,0,0,-0.7690931558609009,0.7302923202514648,0,0,-0.7508929371833801,0,-0.7500928044319153,0.7690931558609009,0,-0.7500928044319153,0.01900036819279194,0.0008001271635293961",""
"/axon-disruptor-4.8.2.jar",0,0.17400307146553007,,"0,-0.7689260840415955,0,0,-0.7689260840415955,0.7317230105400085,0,0,-0.7503244876861572,0,-0.7503244876861572,0.7689260840415955,0,-0.7503244876861572,0.018601546064019203,0",""
"/axon-test-4.8.2.jar",0,0.1735377494244865,,"0,-0.7613294124603271,0,0,-0.7613294124603271,0.7460718154907227,0,0,-0.7537006139755249,0,-0.7537006139755249,0.7613294124603271,0,-0.7537006139755249,0.007628769148141146,0",""
"/axon-eventsourcing-4.8.2.jar",0,0.211128417938286,,"0,-0.37796449661254883,0,0,-0.37796449661254883,0.37796449661254883,0,0,-0.37796449661254883,0,-0.37796449661254883,0.37796449661254883,0,-0.37796449661254883,0,0",""
"/axon-messaging-4.8.2.jar",0,0.8918404794413924,,"0,0,0,0,0,0,0,0,0,0,0,0,0,0,0,0",""
