"codeUnitName","shortCodeUnitName","propertyName","propertyValue","Source Cypher File: Dependencies_Projection/Dependencies_8_Stream_Mutated.cypher"
"/axon-configuration-4.8.2.jar","axon-configuration-4.8.2","embeddingsNode2Vec","0.0046394225,0.009703411,0.016471328,-0.014290039,-0.01666464,-0.029208545,0.0064415555,-0.003806528,-0.012412553,-0.0056365123,-0.028559988,-0.01155261,-0.01801521,-0.0011963239,0.009940877,-0.027555902",""
"/axon-test-4.8.2.jar","axon-test-4.8.2","embeddingsNode2Vec","0.013536317,-0.023693144,0.012303812,0.0022642054,0.014018832,0.02406477,0.025542554,-0.02757789,-0.020867644,-0.021052875,-0.003041012,0.015449531,-0.010314496,0.010586911,-0.015729353,0.023739623",""
"/axon-disruptor-4.8.2.jar","axon-disruptor-4.8.2","embeddingsNode2Vec","-0.017609015,-0.00972422,0.010473368,0.014966702,-0.020039441,0.00873407,-0.0059908405,-0.006545584,0.0034930464,0.0146515705,-0.012485875,-0.0035292145,-0.0016368012,0.026155425,-0.014843255,0.01095869",""
"/axon-eventsourcing-4.8.2.jar","axon-eventsourcing-4.8.2","embeddingsNode2Vec","0.027624406,0.021464141,0.012183608,0.023948506,0.0043824213,-0.0044532046,0.0010155248,0.0075093727,0.0017809303,-0.008334795,0.0046093757,-0.022790434,-0.014335003,0.0135642225,-0.028478337,-0.002759919",""
"/axon-modelling-4.8.2.jar","axon-modelling-4.8.2","embeddingsNode2Vec","-0.019943282,-0.012961437,0.027614413,-0.02285104,0.02372338,-0.007697859,0.0053121196,0.00017701523,-0.008636781,0.028968345,0.028622588,0.0024021824,-0.02802711,-0.008078919,-0.018763568,0.009273962",""
"/axon-messaging-4.8.2.jar","axon-messaging-4.8.2","embeddingsNode2Vec","-0.017784644,-0.010437695,6.0199276e-05,-0.019669246,-0.030817071,-0.02045283,0.010115329,-0.02342754,0.0017289718,0.027758904,0.029390555,-0.018185053,0.008055736,0.008248873,-0.02172232,0.0102013415",""
