"codeUnitName","shortCodeUnitName","propertyName","propertyValue","Source Cypher File: Dependencies_Projection/Dependencies_8_Stream_Mutated.cypher"
"/axon-configuration-4.8.2.jar","axon-configuration-4.8.2","embeddingsFastRandomProjection","0.37886456,-0.3188828,0.044791132,0.4993525,0,-0.8782171,0.27409166,0.21257325,0.9506663,-0.37886456,-0.25142816,-0.11877701,-0.5087925,-0.4993525,0.47248644,-0.37886456",""
"/axon-test-4.8.2.jar","axon-test-4.8.2","embeddingsFastRandomProjection","0.3803731,-0.3163062,0.040893868,0.4984607,0,-0.87883383,0.27541232,0.2127275,0.953699,-0.3803731,-0.25283158,-0.11437698,-0.5064529,-0.4984607,0.47363085,-0.3803731",""
"/axon-disruptor-4.8.2.jar","axon-disruptor-4.8.2","embeddingsFastRandomProjection","0.3941107,-0.32339334,0.045179754,0.507504,0,-0.90161467,0.2782136,0.21690762,0.976284,-0.3941107,-0.2642551,-0.11043766,-0.5263425,-0.507504,0.48821366,-0.3941107",""
"/axon-eventsourcing-4.8.2.jar","axon-eventsourcing-4.8.2","embeddingsFastRandomProjection","0.37774724,-0.32199454,0.04529938,0.499203,0,-0.8769502,0.27669513,0.2078627,0.94507563,-0.37774724,-0.252655,-0.12650438,-0.50581706,-0.499203,0.4772339,-0.37774724",""
"/axon-modelling-4.8.2.jar","axon-modelling-4.8.2","embeddingsFastRandomProjection","0.39242405,-0.335737,0.055873603,0.51284444,0,-0.9052685,0.27986342,0.21034545,0.9663019,-0.39242405,-0.26574758,-0.12973788,-0.5319666,-0.51284444,0.49517995,-0.39242405",""
"/axon-messaging-4.8.2.jar","axon-messaging-4.8.2","embeddingsFastRandomProjection","0.4161761,-0.26886132,0.042513013,0.41549844,0,-0.83167446,0.2263483,0.17255552,0.88482976,-0.4161761,-0.31337035,-0.002146244,-0.52843887,-0.41549844,0.49588734,-0.4161761",""
