"codeUnitName","shortCodeUnitName","propertyName","propertyValue","Source Cypher File: Dependencies_Projection/Dependencies_8_Stream_Mutated.cypher"
"/axon-disruptor-4.8.2.jar","axon-disruptor-4.8.2","embeddingsNode2Vec","-0.006472165,-0.015120845,-0.0024433155,-0.006459946,-0.026599007,-0.026399862,0.019700665,-0.01999902,0.010513814,0.0032682572,0.02841591,0.0047491924,0.007516078,0.0041747675,-0.008095095,0.008945569",""
"/axon-test-4.8.2.jar","axon-test-4.8.2","embeddingsNode2Vec","0.0040032514,-0.028718686,-0.0040980396,0.01566805,-0.005603765,-0.026001645,-0.005470172,-0.010601204,-0.005185746,-0.009448807,-0.013727888,0.0022688627,0.014452334,-0.005345086,-0.009616557,0.0015873542",""
"/axon-eventsourcing-4.8.2.jar","axon-eventsourcing-4.8.2","embeddingsNode2Vec","0.0076427166,-0.0024538059,0.029451462,0.022545861,-0.0040861093,-0.014443095,-0.0095476685,-0.00023868914,-0.0042907842,0.0025471805,-0.019810056,0.02485743,0.026854334,0.01714675,0.008319105,0.0011768296",""
"/axon-messaging-4.8.2.jar","axon-messaging-4.8.2","embeddingsNode2Vec","0.022832574,-0.024319522,0.030277181,-0.023308793,0.013399307,-0.014771758,0.019016506,-0.0032646325,-0.022744134,-0.0106694475,0.027819611,-0.015985014,0.026728006,-0.018827185,0.006505288,0.008319756",""
"/axon-modelling-4.8.2.jar","axon-modelling-4.8.2","embeddingsNode2Vec","0.0005138411,0.026380377,-0.0094356835,0.0036707877,-0.025972977,0.024064448,-0.030736538,0.013900153,-0.0028443777,0.022036616,-0.009493163,0.02794642,-0.010665114,0.009986329,-0.014604034,-0.022366054",""
"/axon-configuration-4.8.2.jar","axon-configuration-4.8.2","embeddingsNode2Vec","-0.028779255,0.02989796,-0.022178859,-0.003256615,-0.029599167,-0.00053254276,0.018872665,-0.005798869,-0.012790879,-0.028084615,0.019065822,0.016977465,0.019744834,-0.031237414,-0.0022655597,-0.006833891",""
