"codeUnitName","shortCodeUnitName","propertyName","propertyValue","Source Cypher File: Dependencies_Projection/Dependencies_8_Stream_Mutated.cypher"
"/axon-modelling-4.8.2.jar","axon-modelling-4.8.2","embeddingsNode2Vec","-0.020207448,0.009992804,-0.008564259,-0.009797668,0.0049163485,-0.0149353985,-0.023528025,0.008186231,0.014707846,-0.02738118,-0.019130876,0.0029309157,-0.02745379,0.00817602,-0.008240816,0.006264338",""
"/axon-configuration-4.8.2.jar","axon-configuration-4.8.2","embeddingsNode2Vec","0.017657686,0.00970178,0.010726647,-0.007787076,0.0003377483,-0.03026926,0.0057687056,0.014746687,0.030616751,0.014183534,0.028969187,-0.0013243215,0.022776287,0.025686635,0.02927625,-0.017752955",""
"/axon-disruptor-4.8.2.jar","axon-disruptor-4.8.2","embeddingsNode2Vec","0.016858391,0.009040689,0.006553344,0.018367032,-0.0054594497,0.009694026,-0.022529406,0.024512446,-0.028131157,-0.029298803,0.0010343809,0.001973233,-0.017679848,0.020733202,-0.02647762,-0.02920233",""
"/axon-test-4.8.2.jar","axon-test-4.8.2","embeddingsNode2Vec","-0.00041938617,-0.0010779011,0.017050762,0.00013383786,0.0027387412,0.018119099,-0.0057085888,-0.029554617,-0.021341724,0.009693951,-0.029092822,0.010039626,-0.011946127,0.0060476875,0.031040715,-0.00466481",""
"/axon-eventsourcing-4.8.2.jar","axon-eventsourcing-4.8.2","embeddingsNode2Vec","0.020419694,-0.027337108,-0.009004663,-0.003255747,-0.013683273,0.020610746,-0.022285983,-0.008772492,-0.016326798,0.009261119,-0.001484851,-0.005082697,0.0015225095,-0.0045951596,0.007328098,-0.016488714",""
"/axon-messaging-4.8.2.jar","axon-messaging-4.8.2","embeddingsNode2Vec","0.025327418,0.00044491517,0.010863187,0.023471495,-0.0104195485,-0.0039430005,-0.023990886,0.0037089786,-0.02214031,0.030355833,-0.0010098141,0.004575294,0.013578501,-0.002728703,-0.014202705,-0.0216947",""
