"codeUnitName","communityId","centrality","artifactName","embedding","Source Cypher File: Dependencies_Projection/Dependencies_8_Stream_Mutated.cypher"
"/axon-disruptor-4.8.2.jar",0,0.17400307146553007,,"0.32806599140167236,-0.5094051361083984,0.3649865984916687,-0.666006326675415,-0.3649865984916687,0,0.20807325839996338,1.440356731414795,0.29629379510879517,0.11999271810054779,-0.08129782974720001,0.11999271810054779,0.24499385058879852,0.15677329897880554,0.20044445991516113,0.40936383605003357",""
"/axon-test-4.8.2.jar",0,0.1735377494244865,,"0.32313016057014465,-0.4986177384853363,0.3566041886806488,-0.6425082683563232,-0.3566041886806488,0,0.2068837434053421,1.4048528671264648,0.29968950152397156,0.11624640226364136,-0.08261027932167053,0.11624640226364136,0.24035775661468506,0.1475520133972168,0.18755990266799927,0.4057404398918152",""
"/axon-eventsourcing-4.8.2.jar",0,0.211128417938286,,"0.33124840259552,-0.5022073984146118,0.3647191822528839,-0.6342942714691162,-0.3647191822528839,0,0.19801698625087738,1.4014606475830078,0.2792339324951172,0.13323135673999786,-0.07119902223348618,0.13323135673999786,0.23148781061172485,0.15027086436748505,0.17557549476623535,0.4024474024772644",""
"/axon-messaging-4.8.2.jar",0,0.8918404794413924,,"0.2834792733192444,-0.4285547137260437,0.31298017501831055,-0.7052266597747803,-0.31298017501831055,0,0.16797423362731934,1.3570363521575928,0.2274976372718811,0.11550503969192505,-0.055350326001644135,0.11550503969192505,0.1974751353263855,0.13795173168182373,0.31034576892852783,0.3388296365737915",""
"/axon-modelling-4.8.2.jar",0,0.2636997924507219,,"0.3444408178329468,-0.5195985436439514,0.381706565618515,-0.6562529802322388,-0.381706565618515,0,0.19473609328269958,1.4407460689544678,0.2595981955528259,0.1497047245502472,-0.05834565684199333,0.1497047245502472,0.23200185596942902,0.16713976860046387,0.18043650686740875,0.4027864634990692",""
"/axon-configuration-4.8.2.jar",0,0.1735377494244865,,"0.32434511184692383,-0.5019686222076416,0.36038294434547424,-0.6410083770751953,-0.36038294434547424,0,0.20367835462093353,1.4040628671646118,0.2894221246242523,0.12066669762134552,-0.07832648605108261,0.12066669762134552,0.23971623182296753,0.15397247672080994,0.18249478936195374,0.40267157554626465",""
