"codeUnitName","shortCodeUnitName","propertyName","propertyValue","Source Cypher File: Dependencies_Projection/Dependencies_8_Stream_Mutated.cypher"
"/axon-disruptor-4.8.2.jar","axon-disruptor-4.8.2","embeddingsNode2Vec","-0.015488238,-0.007239987,-0.0023771704,-0.00042481994,0.010555859,-0.0071909884,-0.020997738,0.018645931,-0.0063630496,0.0018314898,0.030085297,-0.0031185541,-0.0218686,0.013805467,0.008270371,-0.019097524",""
"/axon-test-4.8.2.jar","axon-test-4.8.2","embeddingsNode2Vec","0.028674182,0.024556547,0.025490971,-0.009669927,-0.0126195615,-0.017693285,0.015028761,0.015110312,0.016779523,-0.022128459,0.029528873,-0.002553125,0.020104717,-0.005380552,0.020586515,0.018804936",""
"/axon-eventsourcing-4.8.2.jar","axon-eventsourcing-4.8.2","embeddingsNode2Vec","-0.0055500874,-0.02706547,-0.005365118,0.0023877835,-0.018360935,0.0036716736,-0.014455079,0.003893556,0.024910318,-0.0056777047,-0.007116203,0.02268868,-0.0024231526,-0.004401434,0.0024090556,-0.0073303315",""
"/axon-messaging-4.8.2.jar","axon-messaging-4.8.2","embeddingsNode2Vec","0.014899309,-0.0016247109,-0.028729236,-0.02909896,-0.008501089,0.022642732,0.02722886,-0.017091075,2.2705935e-06,-0.0042776316,0.028375609,-0.024477346,0.008829554,0.02214674,-0.0188723,0.003345726",""
"/axon-modelling-4.8.2.jar","axon-modelling-4.8.2","embeddingsNode2Vec","0.010001911,0.012746882,0.0010693368,-0.017514544,-0.022949984,-0.014882155,-0.008568619,0.030429807,-0.006031795,0.0063535105,-0.003967687,-0.013798928,0.0011978442,0.011719852,-0.01675991,0.0125885",""
"/axon-configuration-4.8.2.jar","axon-configuration-4.8.2","embeddingsNode2Vec","0.024598293,-0.01088721,0.030115474,-0.005763944,0.009680812,0.0052436385,-0.022338433,-0.020563088,-0.011403022,0.028030261,-0.02162811,0.018722024,-0.022036579,-0.010252692,0.0025573662,-0.015193763",""
