"codeUnitName","communityId","centrality","artifactName","embedding","Source Cypher File: Dependencies_Projection/Dependencies_8_Stream_Mutated.cypher"
"/axon-modelling-4.8.2.jar",0,0.2636997924507219,,"0.08826979249715805,0,-0.12231288850307465,-0.6266668438911438,-0.5733400583267212,-0.8300318717956543,0.21948057413101196,0.8203970193862915,0.2655896842479706,-0.018238235265016556,0.5201588869094849,0.2655896842479706,-0.3353267312049866,0.7049910426139832,-0.35385945439338684,0.5386915802955627",""
"/axon-configuration-4.8.2.jar",0,0.1735377494244865,,"0.0909162312746048,0,-0.14265139400959015,-0.6040469408035278,-0.5584256052970886,-0.8112151026725769,0.22414369881153107,0.7854585647583008,0.24336564540863037,-0.004346000030636787,0.5087846517562866,0.24336564540863037,-0.31794920563697815,0.6996201872825623,-0.334281861782074,0.5251173377037048",""
"/axon-disruptor-4.8.2.jar",0,0.17400307146553007,,"0.09321904182434082,0,-0.14657838642597198,-0.62546706199646,-0.5684677958488464,-0.825023353099823,0.22924527525901794,0.8100471496582031,0.24600344896316528,-0.002317331498488784,0.5299306511878967,0.24600344896316528,-0.3347984254360199,0.7250629663467407,-0.3392224907875061,0.5343547463417053",""
"/axon-test-4.8.2.jar",0,0.1735377494244865,,"0.09107606112957001,0,-0.15049314498901367,-0.6064667701721191,-0.5555335879325867,-0.8124268054962158,0.2245667576789856,0.7827919721603394,0.23989078402519226,-0.0037286533042788506,0.5116620659828186,0.23989078402519226,-0.3183344602584839,0.7049897909164429,-0.3309668302536011,0.5242944955825806",""
"/axon-eventsourcing-4.8.2.jar",0,0.211128417938286,,"0.08771343529224396,0,-0.13771626353263855,-0.6064388155937195,-0.5557606816291809,-0.8136622309684753,0.2177877128124237,0.7852176427841187,0.25025951862335205,-0.015134308487176895,0.5035911202430725,0.25025951862335205,-0.3171704113483429,0.6900119185447693,-0.3379729390144348,0.5243937373161316",""
"/axon-messaging-4.8.2.jar",0,0.8918404794413924,,"0.07524685561656952,0,-0.1093936637043953,-0.6382606029510498,-0.46925410628318787,-0.6810428500175476,0.1834295392036438,0.7934592366218567,0.21057772636413574,-0.007152186706662178,0.5558615922927856,0.21057772636413574,-0.39945200085639954,0.7122712135314941,-0.28582456707954407,0.44223418831825256",""
