"codeUnitName","shortCodeUnitName","propertyName","propertyValue","Source Cypher File: Dependencies_Projection/Dependencies_8_Stream_Mutated.cypher"
"/axon-configuration-4.8.2.jar","axon-configuration-4.8.2","embeddingsNode2Vec","-0.0025827892,0.003838679,-0.010282744,-0.008621578,-0.012566323,0.005340956,0.002681081,0.024266694,-0.018773215,0.02515235,-0.030289391,0.017142437,-0.0248948,0.027111616,-0.021435603,0.0039465846",""
"/axon-test-4.8.2.jar","axon-test-4.8.2","embeddingsNode2Vec","0.006056434,0.004906941,0.0060419217,0.024751583,0.01407092,0.023236016,0.022700295,-0.017639766,-0.001320105,0.019721111,0.017204383,0.025452578,0.007653688,0.015964366,-0.023500564,0.015924683",""
"/axon-disruptor-4.8.2.jar","axon-disruptor-4.8.2","embeddingsNode2Vec","0.026929108,-0.022431415,0.016124966,-0.021993015,-0.016180076,0.023390617,-0.023320459,0.020008413,-0.02180983,0.02085092,-0.0010202822,-0.009152576,0.028326556,0.011604459,-0.010673431,0.014332394",""
"/axon-eventsourcing-4.8.2.jar","axon-eventsourcing-4.8.2","embeddingsNode2Vec","0.020081734,-0.0003816227,-0.016765881,0.023537429,-0.03070556,0.02059157,0.009467586,0.01964442,-0.010612308,0.014832999,0.028698782,0.014181706,-0.013052675,0.012181843,-0.00035902773,0.0017049729",""
"/axon-modelling-4.8.2.jar","axon-modelling-4.8.2","embeddingsNode2Vec","-0.027133226,-0.0148882605,0.0031188282,0.021510232,0.03093107,-0.007192054,-0.01414109,0.0019056307,0.02367117,0.006043848,0.008969312,-0.008945434,0.017649652,0.025259571,0.01802311,0.027420806",""
"/axon-messaging-4.8.2.jar","axon-messaging-4.8.2","embeddingsNode2Vec","0.0059393044,-0.007054083,-0.029178215,0.00050288753,0.020120816,-0.022440866,0.028241549,-0.022757607,-0.009256735,0.012172062,-0.029141158,-0.004483053,0.019242672,0.021404067,0.009202589,0.0020265114",""
