"codeUnitName","communityId","centrality","artifactName","embedding","Source Cypher File: Dependencies_Projection/Dependencies_8_Stream_Mutated.cypher"
"/axon-disruptor-4.8.2.jar",0,0.17400307146553007,,"0.999675989151001,0,0,0,0,-0.999675989151001,-0.025449464097619057,0,0,0,0.999675989151001,-0.025449464097619057,0,0,0,0.999675989151001",""
"/axon-test-4.8.2.jar",0,0.1735377494244865,,"0.9999455213546753,0,0,0,0,-0.9999455213546753,-0.01043786108493805,0,0,0,0.9999455213546753,-0.01043786108493805,0,0,0,0.9999455213546753",""
"/axon-eventsourcing-4.8.2.jar",0,0.211128417938286,,"0.5,0,0,0,0,-0.5,0,0,0,0,0.5,0,0,0,0,0.5",""
"/axon-messaging-4.8.2.jar",0,0.8918404794413924,,"0,0,0,0,0,0,0,0,0,0,0,0,0,0,0,0",""
"/axon-modelling-4.8.2.jar",0,0.2636997924507219,,"0,0,0,0,0,0,0,0,0,0,0,0,0,0,0,0",""
"/axon-configuration-4.8.2.jar",0,0.1735377494244865,,"1.0005340576171875,0,0,0,-0.0011180179426446557,-0.9994159936904907,-0.0260233785957098,-0.0011180179426446557,0,0,0.9994159936904907,-0.024905361235141754,0,0,0,0.9994159936904907",""
