"codeUnitName","shortCodeUnitName","propertyName","propertyValue","Source Cypher File: Dependencies_Projection/Dependencies_8_Stream_Mutated.cypher"
"/axon-disruptor-4.8.2.jar","axon-disruptor-4.8.2","embeddingsFastRandomProjection","0.29798213,0.243557,0.5276272,0,0,0,-0.85498214,0.07751289,-0.33976215,-0.85498214,-0.75877696,-0.33976215,-0.27849996,-0.41517133,-0.124264136,-0.63451284",""
"/axon-test-4.8.2.jar","axon-test-4.8.2","embeddingsFastRandomProjection","0.28182992,0.23873506,0.50741816,0,0,0,-0.8188985,0.07839063,-0.3198371,-0.8188985,-0.7377965,-0.3198371,-0.26853427,-0.39922833,-0.12233728,-0.6154592",""
"/axon-eventsourcing-4.8.2.jar","axon-eventsourcing-4.8.2","embeddingsFastRandomProjection","0.28397724,0.24588932,0.51586807,0,0,0,-0.811227,0.0877969,-0.32240915,-0.811227,-0.7347071,-0.32240915,-0.26362488,-0.4103356,-0.11966049,-0.6150466",""
"/axon-messaging-4.8.2.jar","axon-messaging-4.8.2","embeddingsFastRandomProjection","0.36684233,0.19785053,0.43099022,0,0,0,-0.8041849,0.068067625,-0.39940116,-0.8041849,-0.60263425,-0.39940116,-0.21867128,-0.34210187,-0.097224064,-0.5054102",""
"/axon-modelling-4.8.2.jar","axon-modelling-4.8.2","embeddingsFastRandomProjection","0.30576864,0.25472414,0.5489403,0,0,0,-0.8518088,0.09082523,-0.3488977,-0.8518088,-0.7576353,-0.3488977,-0.2730201,-0.4398192,-0.12076987,-0.6368654",""
"/axon-configuration-4.8.2.jar","axon-configuration-4.8.2","embeddingsFastRandomProjection","0.2793758,0.23751095,0.51223797,0,0,0,-0.81736106,0.07690274,-0.31967673,-0.81736106,-0.7351953,-0.31967673,-0.26899263,-0.4038535,-0.120307274,-0.614888",""
