"codeUnitName","shortCodeUnitName","propertyName","propertyValue","Source Cypher File: Dependencies_Projection/Dependencies_8_Stream_Mutated.cypher"
"/axon-disruptor-4.8.2.jar","axon-disruptor-4.8.2","embeddingsFastRandomProjection","-0.07888506,0.16654621,0,0.2522176,0.4826659,-0.2522176,0.016898647,0.294333,0.08296865,0.6173131,0.8558841,0.19645545,0.82597464,0.36509547,-0.8627444,0.7280972",""
"/axon-test-4.8.2.jar","axon-test-4.8.2","embeddingsFastRandomProjection","-0.077896856,0.16630773,0,0.25205168,0.47168714,-0.25205168,0.023894563,0.29061863,0.07494199,0.6071866,0.8402026,0.19444898,0.8120613,0.3551349,-0.8513912,0.7158916",""
"/axon-messaging-4.8.2.jar","axon-messaging-4.8.2","embeddingsFastRandomProjection","-0.06447082,0.13513796,0,0.20930989,0.49544293,-0.20930989,-0.079810664,0.2501835,0.16723692,0.60997117,0.8100972,0.15925245,0.7859827,0.40066126,-0.80957997,0.69505167",""
"/axon-modelling-4.8.2.jar","axon-modelling-4.8.2","embeddingsFastRandomProjection","-0.07610731,0.16085696,0,0.25491726,0.48136836,-0.25491726,0.025599957,0.30707592,0.0809153,0.62114286,0.86455154,0.19125,0.83415854,0.36622557,-0.8581071,0.7183325",""
"/axon-eventsourcing-4.8.2.jar","axon-eventsourcing-4.8.2","embeddingsFastRandomProjection","-0.07599026,0.16247258,0,0.25441214,0.46931392,-0.25441214,0.029114649,0.29716238,0.0718164,0.6089423,0.8424666,0.19077411,0.814165,0.35453004,-0.84740496,0.7077767",""
"/axon-configuration-4.8.2.jar","axon-configuration-4.8.2","embeddingsFastRandomProjection","-0.07803218,0.16514337,0,0.25136244,0.47122622,-0.25136244,0.026147902,0.2935456,0.07354039,0.6058713,0.84280396,0.19474946,0.8131978,0.35450885,-0.8490469,0.7144018",""
