"codeUnitName","communityId","centrality","artifactName","embedding","Source Cypher File: Dependencies_Projection/Dependencies_8_Stream_Mutated.cypher"
"/axon-modelling-4.8.2.jar",0,0.2636997924507219,,"0.5033559203147888,-0.4629720449447632,-0.44317880272865295,-0.5625134110450745,0.4420347809791565,0.20915451645851135,-0.8614878058433533,0.34805992245674133,-0.09954134374856949,0.5625134110450745,-0.09511879086494446,-0.6620547771453857,-0.47861042618751526,0.09954134374856949,-0.612969160079956,0",""
"/axon-configuration-4.8.2.jar",0,0.1735377494244865,,"0.47592270374298096,-0.43453094363212585,-0.41274628043174744,-0.535047173500061,0.43163055181503296,0.21161186695098877,-0.8359699845314026,0.3494678735733032,-0.10051626712083817,0.535047173500061,-0.06327836215496063,-0.6355634927749634,-0.4634638726711273,0.10051626712083817,-0.5870183706283569,0",""
"/axon-disruptor-4.8.2.jar",0,0.17400307146553007,,"0.48828625679016113,-0.4565592110157013,-0.4229316711425781,-0.5604860782623291,0.44289639592170715,0.21824082732200623,-0.8594133853912354,0.3607398569583893,-0.10392686724662781,0.5604860782623291,-0.06219176948070526,-0.6644128561019897,-0.48871663212776184,0.10392686724662781,-0.6026002764701843,0",""
"/axon-test-4.8.2.jar",0,0.1735377494244865,,"0.47278401255607605,-0.43665164709091187,-0.4073519706726074,-0.537319004535675,0.436107873916626,0.2141406387090683,-0.8356332778930664,0.35004323720932007,-0.10066735744476318,0.537319004535675,-0.057308703660964966,-0.6379863619804382,-0.46406033635139465,0.10066735744476318,-0.5862573385238647,0",""
"/axon-eventsourcing-4.8.2.jar",0,0.211128417938286,,"0.4790075719356537,-0.4384830594062805,-0.41689664125442505,-0.5360571146011353,0.4358319044113159,0.2078286111354828,-0.8325539231300354,0.340865820646286,-0.09757409989833832,0.5360571146011353,-0.07603079080581665,-0.6336312890052795,-0.4537715017795563,0.09757409989833832,-0.5892621278762817,0",""
"/axon-messaging-4.8.2.jar",0,0.8918404794413924,,"0.402005672454834,-0.4946560859680176,-0.3496352434158325,-0.5772117376327515,0.35622313618659973,0.17232516407966614,-0.6942856311798096,0.28506606817245483,-0.08255567401647568,0.5772117376327515,-0.06456916779279709,-0.6597674489021301,-0.5132685303688049,0.08255567401647568,-0.4917752146720886,0",""
