"codeUnitName","shortCodeUnitName","propertyName","propertyValue","Source Cypher File: Dependencies_Projection/Dependencies_8_Stream_Mutated.cypher"
"/axon-disruptor-4.8.2.jar","axon-disruptor-4.8.2","embeddingsFastRandomProjection","0.61232346,-0.47468758,-0.47468758,-0.45145547,-0.58010924,0.49047464,-0.47468758,-0.61232346,-0.115964055,0,-0.18276429,0.29872838,-0.6513426,0,0.5410901,-0.32040015",""
"/axon-test-4.8.2.jar","axon-test-4.8.2","embeddingsFastRandomProjection","0.58508354,-0.4522286,-0.4522286,-0.4241781,-0.54686105,0.45751086,-0.4522286,-0.58508354,-0.100702405,0,-0.17331824,0.2740207,-0.61841625,0,0.5135282,-0.30617312",""
"/axon-eventsourcing-4.8.2.jar","axon-eventsourcing-4.8.2","embeddingsFastRandomProjection","0.5927102,-0.45319107,-0.45319107,-0.42011225,-0.5373939,0.44087082,-0.45319107,-0.5927102,-0.10912889,0,-0.1547523,0.2638812,-0.61346877,0,0.5166354,-0.2942714",""
"/axon-messaging-4.8.2.jar","axon-messaging-4.8.2","embeddingsFastRandomProjection","0.48303914,-0.37271124,-0.37271124,-0.45847207,-0.55600655,0.4815953,-0.37271124,-0.48303914,-0.20616603,0,-0.13131796,0.33748397,-0.50616235,0,0.5328833,-0.24164587",""
"/axon-modelling-4.8.2.jar","axon-modelling-4.8.2","embeddingsFastRandomProjection","0.6315111,-0.4839324,-0.4839324,-0.44864154,-0.57007307,0.47032368,-0.4839324,-0.6315111,-0.12928447,0,-0.15744609,0.28673056,-0.65319324,0,0.5483909,-0.3050247",""
"/axon-configuration-4.8.2.jar","axon-configuration-4.8.2","embeddingsFastRandomProjection","0.5853393,-0.45285258,-0.45285258,-0.42071298,-0.5423986,0.45535475,-0.45285258,-0.5853393,-0.102297515,0,-0.1711281,0.2734256,-0.61998105,0,0.50775677,-0.30361477",""
