"codeUnitName","shortCodeUnitName","propertyName","propertyValue","Source Cypher File: Dependencies_Projection/Dependencies_8_Stream_Mutated.cypher"
"/axon-disruptor-4.8.2.jar","axon-disruptor-4.8.2","embeddingsFastRandomProjection","0.15552908,0.15109456,0.758125,0.8964822,0.22006014,0.13835731,0.51611996,0.31824017,-0.6672145,-0.19570634,0,-0.44715434,-0.6738225,0.4493279,0.39423987,0.29605985",""
"/axon-test-4.8.2.jar","axon-test-4.8.2","embeddingsFastRandomProjection","0.14385134,0.13854794,0.73349655,0.8677676,0.21095273,0.134271,0.50055075,0.29991058,-0.63909864,-0.18916447,0,-0.42814595,-0.6558777,0.4396216,0.37855586,0.289598",""
"/axon-eventsourcing-4.8.2.jar","axon-eventsourcing-4.8.2","embeddingsFastRandomProjection","0.13286762,0.13722569,0.72982824,0.86121464,0.22240692,0.13138652,0.5060794,0.30996633,-0.64330506,-0.17669468,0,-0.4208982,-0.65836537,0.4403165,0.37123188,0.28367245",""
"/axon-messaging-4.8.2.jar","axon-messaging-4.8.2","embeddingsFastRandomProjection","0.22278303,0.22444099,0.7029804,0.8114991,0.1831511,0.10851878,0.4144574,0.36652583,-0.6388984,-0.14792702,0,-0.4557473,-0.53724504,0.35575187,0.4146811,0.23130634",""
"/axon-modelling-4.8.2.jar","axon-modelling-4.8.2","embeddingsFastRandomProjection","0.14124474,0.1506249,0.75631607,0.8910645,0.24209943,0.13474858,0.5307021,0.33911723,-0.68132704,-0.17897545,0,-0.43922758,-0.68455625,0.451837,0.38562056,0.2886027",""
"/axon-configuration-4.8.2.jar","axon-configuration-4.8.2","embeddingsFastRandomProjection","0.14103769,0.1380758,0.73012465,0.86444044,0.21612163,0.13431583,0.5040024,0.3027885,-0.6420782,-0.18868664,0,-0.42595658,-0.65756744,0.43848383,0.3745477,0.28788078",""
