"codeUnitName","shortCodeUnitName","propertyName","propertyValue","Source Cypher File: Dependencies_Projection/Dependencies_8_Stream_Mutated.cypher"
"/axon-modelling-4.8.2.jar","axon-modelling-4.8.2","embeddingsFastRandomProjection","0.31182486,0.23521984,0.73761076,0.4055959,-0.43313497,-0.63346666,0.28140086,0.8618058,0.66389066,0.3928628,-0.14144877,0,-0.28140086,-0.35209715,-0.19791514,0.65412503",""
"/axon-configuration-4.8.2.jar","axon-configuration-4.8.2","embeddingsFastRandomProjection","0.30242172,0.23560649,0.69813263,0.39704072,-0.4355718,-0.59278643,0.25789717,0.8372762,0.6373109,0.39014107,-0.14098749,0,-0.25789717,-0.34785253,-0.1999653,0.64020073",""
"/axon-disruptor-4.8.2.jar","axon-disruptor-4.8.2","embeddingsFastRandomProjection","0.30796513,0.241249,0.72089595,0.4050557,-0.44594753,-0.6132879,0.26157716,0.86437446,0.65967596,0.40861613,-0.14415842,0,-0.26157716,-0.3452966,-0.20469855,0.6640173",""
"/axon-test-4.8.2.jar","axon-test-4.8.2","embeddingsFastRandomProjection","0.30367017,0.235502,0.695912,0.3982262,-0.4372027,-0.5887674,0.2545945,0.8395437,0.63784295,0.39583707,-0.14094596,0,-0.2545945,-0.34503588,-0.20170069,0.6430181",""
"/axon-eventsourcing-4.8.2.jar","axon-eventsourcing-4.8.2","embeddingsFastRandomProjection","0.3064259,0.2309779,0.70147973,0.3986085,-0.42792228,-0.59671795,0.26484466,0.8352436,0.63829917,0.38603377,-0.13879529,0,-0.26484466,-0.34831452,-0.1969444,0.6335795",""
"/axon-messaging-4.8.2.jar","axon-messaging-4.8.2","embeddingsFastRandomProjection","0.250321,0.19181298,0.6992572,0.3280711,-0.35475639,-0.6140639,0.22024561,0.80708265,0.6441393,0.43133688,-0.11406289,0,-0.22024561,-0.17374054,-0.1629434,0.6419549",""
