"codeUnitName","shortCodeUnitName","propertyName","propertyValue","Source Cypher File: Dependencies_Projection/Dependencies_8_Stream_Mutated.cypher"
"/axon-configuration-4.8.2.jar","axon-configuration-4.8.2","embeddingsNode2Vec","0.011288866,0.030268399,-0.0005926596,-0.021925347,-0.031628035,-0.01195947,-0.009883027,0.026887164,0.0061218776,-0.016560905,0.02887402,-0.019585468,-0.011615807,-0.007051402,-0.0022360624,0.014624686",""
"/axon-test-4.8.2.jar","axon-test-4.8.2","embeddingsNode2Vec","0.018438866,0.004479857,-0.010897297,0.014942265,0.00510595,0.0017418457,-0.008969725,0.011872265,-0.00849819,-0.02592237,-0.023073934,0.00067335356,0.015052414,-0.005770505,0.013897904,-0.026512159",""
"/axon-disruptor-4.8.2.jar","axon-disruptor-4.8.2","embeddingsNode2Vec","0.016725393,0.017953934,-0.005121912,0.011477569,-0.027034568,-0.0044691865,-0.014353133,0.016332893,-0.025315057,0.031013388,-0.011418678,0.028280359,-0.026077796,-0.025432302,-0.0017944503,-0.014593914",""
"/axon-eventsourcing-4.8.2.jar","axon-eventsourcing-4.8.2","embeddingsNode2Vec","0.028690102,-0.0018194941,0.012028731,0.028199924,0.026709061,-0.0035132864,0.030153774,0.0234591,0.015779298,0.025073322,-0.022976026,0.016227731,0.029412733,-0.00640848,-0.029220352,0.0149827795",""
"/axon-modelling-4.8.2.jar","axon-modelling-4.8.2","embeddingsNode2Vec","-0.029299693,0.028315788,9.1389615e-05,0.026294837,-0.014717573,0.02042133,-0.029388046,0.02385893,-0.00072920555,0.027676806,0.019851875,-0.0039840774,0.008301982,0.014859853,-0.024804857,0.024119357",""
"/axon-messaging-4.8.2.jar","axon-messaging-4.8.2","embeddingsNode2Vec","0.0042681796,0.023802944,0.016109081,0.008437663,0.02376401,-0.018135432,0.030850997,-0.020640595,0.022976534,-0.013922801,0.022241078,-0.006584404,0.018730031,0.010944255,0.02022085,-0.02488443",""
