"codeUnitName","shortCodeUnitName","propertyName","propertyValue","Source Cypher File: Dependencies_Projection/Dependencies_8_Stream_Mutated.cypher"
"/axon-modelling-4.8.2.jar","axon-modelling-4.8.2","embeddingsNode2Vec","0.0068503795,-0.027616668,0.027937157,0.005173214,0.005452756,-0.01907705,-0.007238867,0.0025940626,-0.0100935595,0.022530157,0.019372335,-0.03032649,-0.021494549,-0.005844968,0.024807956,-0.028383704",""
"/axon-configuration-4.8.2.jar","axon-configuration-4.8.2","embeddingsNode2Vec","0.016954854,0.01615283,-0.015516978,-0.0025095625,-0.0146276,0.009748073,-0.008025903,0.02800339,0.021559557,0.029576767,-0.030421883,0.002769689,0.016008403,0.0065260627,-0.018503876,0.010407896",""
"/axon-disruptor-4.8.2.jar","axon-disruptor-4.8.2","embeddingsNode2Vec","0.029442081,-0.029444205,0.028869402,-0.019205574,-0.027429668,-0.0063329195,-0.020257646,-0.0066942982,-0.020390894,-0.02136095,0.013300179,0.020390566,0.019229056,0.016230889,0.0122835515,-5.186259e-05",""
"/axon-test-4.8.2.jar","axon-test-4.8.2","embeddingsNode2Vec","0.011804701,0.023594512,-0.0230101,0.02460851,-0.01972341,0.0018059748,-0.0032029164,0.0014781414,-0.012960104,0.01722105,-0.016674545,0.028726863,0.024453903,0.00144482,0.0067991246,0.024343146",""
"/axon-eventsourcing-4.8.2.jar","axon-eventsourcing-4.8.2","embeddingsNode2Vec","-0.030751968,0.02507843,0.014834944,-0.0050964663,-0.021509971,-0.0038946047,-0.028961467,0.018435903,0.027634148,0.022068622,-0.024345448,-0.023732373,-0.031243777,-0.018957725,-0.013837441,0.01726907",""
"/axon-messaging-4.8.2.jar","axon-messaging-4.8.2","embeddingsNode2Vec","-0.0035134,0.026812745,0.0012352135,-0.017638544,-0.02193931,-0.019008905,0.025374077,-0.023336506,0.020213662,-0.025883928,0.021045111,0.026490413,-0.015427623,0.0015825604,-0.01644538,-0.017404579",""
