"codeUnitName","shortCodeUnitName","propertyName","propertyValue","Source Cypher File: Dependencies_Projection/Dependencies_8_Stream_Mutated.cypher"
"/axon-configuration-4.8.2.jar","axon-configuration-4.8.2","embeddingsFastRandomProjection","-0.7546135,0,-0.9041082,0.70406324,0,0.48943192,-0.9116358,0.18409821,-0.07115413,-0.29225746,-0.08828532,0.36654314,-0.21704839,0.18409821,0.36654314,-0.27825782",""
"/axon-test-4.8.2.jar","axon-test-4.8.2","embeddingsFastRandomProjection","-0.7530894,0,-0.9035497,0.70103884,0,0.48917234,-0.91321313,0.18533176,-0.076429345,-0.28912532,-0.08783418,0.36646664,-0.21600637,0.18533176,0.36646664,-0.2786324",""
"/axon-disruptor-4.8.2.jar","axon-disruptor-4.8.2","embeddingsFastRandomProjection","-0.7756218,0,-0.92566144,0.7099683,0,0.49722624,-0.93275225,0.18689144,-0.074922524,-0.3081565,-0.08990033,0.37047416,-0.22043449,0.18689144,0.37047416,-0.28057382",""
"/axon-eventsourcing-4.8.2.jar","axon-eventsourcing-4.8.2","embeddingsFastRandomProjection","-0.74850106,0,-0.905584,0.7134862,0,0.47660357,-0.91528964,0.180197,-0.055821195,-0.28530598,-0.0852457,0.3682438,-0.21116088,0.180197,0.3682438,-0.28299809",""
"/axon-modelling-4.8.2.jar","axon-modelling-4.8.2","embeddingsFastRandomProjection","-0.7747787,0,-0.9335332,0.7333763,0,0.47940165,-0.940504,0.1793821,-0.039358787,-0.3090339,-0.086205706,0.3725684,-0.21381384,0.1793821,0.3725684,-0.2863627",""
"/axon-messaging-4.8.2.jar","axon-messaging-4.8.2","embeddingsFastRandomProjection","-0.78189456,0,-0.9120324,0.6018364,0,0.40532175,-0.9165135,0.1521759,-0.04355534,-0.39412975,-0.073847435,0.30943635,-0.17929843,0.1521759,0.30943635,-0.23558891",""
