"codeUnitName","shortCodeUnitName","propertyName","propertyValue","Source Cypher File: Dependencies_Projection/Dependencies_8_Stream_Mutated.cypher"
"/axon-disruptor-4.8.2.jar","axon-disruptor-4.8.2","embeddingsNode2Vec","-0.011063337,0.008364452,0.0071508395,-0.03029028,0.0010543363,0.006269363,-0.008257388,-0.007078894,0.014934248,-0.021162163,-0.00032660947,-0.013026758,-0.0029549443,-0.013453476,0.011968883,-0.010556026",""
"/axon-test-4.8.2.jar","axon-test-4.8.2","embeddingsNode2Vec","-0.0005431305,-0.027505584,-0.029652596,-0.024302304,0.024444265,-0.017281814,-0.010186036,0.024806993,0.02772849,0.030704292,0.021419408,0.00018246792,-0.0072463793,-0.014596079,-0.024166247,0.016561246",""
"/axon-eventsourcing-4.8.2.jar","axon-eventsourcing-4.8.2","embeddingsNode2Vec","0.003213911,0.026232274,0.00538154,0.018332958,-0.02243952,-0.013902918,-0.023565289,-0.030799301,0.0018571832,-0.014330484,-0.020076986,-0.014168885,-0.00087956875,-0.0013639512,-0.0033414613,0.020711372",""
"/axon-messaging-4.8.2.jar","axon-messaging-4.8.2","embeddingsNode2Vec","0.017770011,0.025591474,-0.020456202,-0.01122317,-0.006586748,0.009790539,-0.017274879,0.00680237,0.016254226,-0.028476609,0.025669131,-0.007422923,0.009693403,0.016247807,0.028648673,-0.0071478845",""
"/axon-modelling-4.8.2.jar","axon-modelling-4.8.2","embeddingsNode2Vec","0.001624571,-0.026953414,0.028975429,-0.022918498,-0.018890547,0.011833921,0.029752111,0.0017368977,0.016521012,0.0055074007,0.0054244865,-0.008993752,0.023530886,0.019652527,0.012466762,0.00966788",""
"/axon-configuration-4.8.2.jar","axon-configuration-4.8.2","embeddingsNode2Vec","0.011871115,0.0056330706,0.012253529,-0.015506301,0.0014192478,-0.0011879491,-0.008940752,0.030307246,-0.020304581,0.013654155,0.009338447,0.0095475335,-0.010555208,0.0013007956,-0.0035298779,-0.0010222096",""
