"codeUnitName","communityId","centrality","artifactName","embedding","Source Cypher File: Dependencies_Projection/Dependencies_8_Stream_Mutated.cypher"
"/axon-modelling-4.8.2.jar",0,0.2636997924507219,,"0.5049763917922974,0.7918432950973511,0.24798914790153503,-1.299668788909912,-0.19956625998020172,0,0.46659228205680847,0.16764488816261292,-0.07111266255378723,-0.06745977699756622,0.7045426368713379,0.08034425228834152,-0.32809993624687195,-0.32809993624687195,-0.14141817390918732,-0.1192220151424408",""
"/axon-configuration-4.8.2.jar",0,0.1735377494244865,,"0.4869481325149536,0.7811260223388672,0.25587156414985657,-1.2608689069747925,-0.2038479447364807,0,0.4653155505657196,0.1731007993221283,-0.0775286853313446,-0.05761963874101639,0.6907961368560791,0.08277076482772827,-0.30860525369644165,-0.30860525369644165,-0.12990844249725342,-0.12107717245817184",""
"/axon-disruptor-4.8.2.jar",0,0.17400307146553007,,"0.5035176277160645,0.8020792007446289,0.2600882053375244,-1.2853682041168213,-0.2070806473493576,0,0.47085121273994446,0.17578455805778503,-0.06756998598575592,-0.05668988823890686,0.710598349571228,0.08430366218090057,-0.31099939346313477,-0.31099939346313477,-0.13153250515460968,-0.12277700752019882",""
"/axon-test-4.8.2.jar",0,0.1735377494244865,,"0.4880090057849884,0.7842106819152832,0.25783810019493103,-1.2600864171981812,-0.20387578010559082,0,0.4668657183647156,0.1750820130109787,-0.0750407725572586,-0.05911412835121155,0.6918848752975464,0.08275606483221054,-0.30521172285079956,-0.30521172285079956,-0.12497785687446594,-0.12111973017454147",""
"/axon-eventsourcing-4.8.2.jar",0,0.211128417938286,,"0.48678308725357056,0.77513587474823,0.24982041120529175,-1.2656006813049316,-0.1987268030643463,0,0.4647950530052185,0.16972322762012482,-0.07705992460250854,-0.06734143942594528,0.6855099201202393,0.08009719103574753,-0.31402260065078735,-0.31402260065078735,-0.1280515193939209,-0.11862961202859879",""
"/axon-messaging-4.8.2.jar",0,0.8918404794413924,,"0.5439710021018982,0.7856118679046631,0.2117486596107483,-1.2002129554748535,-0.16792699694633484,0,0.3884674310684204,0.14273127913475037,0.06444776058197021,-0.05261344835162163,0.7118979692459106,0.06901735067367554,-0.2677745521068573,-0.2677745521068573,-0.11625146120786667,-0.0989096462726593",""
