"codeUnitName","shortCodeUnitName","propertyName","propertyValue","Source Cypher File: Dependencies_Projection/Dependencies_8_Stream_Mutated.cypher"
"/axon-configuration-4.8.2.jar","axon-configuration-4.8.2","embeddingsFastRandomProjection","0.68593395,-0.09835672,0.24673781,0.38290825,-0.03985578,0.20927379,0.4560116,0.69053876,0.3681348,0.70070744,0.13617042,-0.6023507,0.014773458,-0.54176927,-0.72374773,0.38290825",""
"/axon-test-4.8.2.jar","axon-test-4.8.2","embeddingsFastRandomProjection","0.68410265,-0.098314,0.24667144,0.38402462,-0.040264107,0.2108177,0.45748913,0.69315624,0.36519164,0.70293564,0.13735315,-0.60462165,0.018832996,-0.5383985,-0.72314197,0.38402462",""
"/axon-disruptor-4.8.2.jar","axon-disruptor-4.8.2","embeddingsFastRandomProjection","0.69578964,-0.10045416,0.25153148,0.3986134,-0.041886948,0.2132931,0.46482456,0.7123606,0.37330619,0.7210969,0.14708188,-0.6206428,0.025307223,-0.5586265,-0.74241745,0.3986134",""
"/axon-eventsourcing-4.8.2.jar","axon-eventsourcing-4.8.2","embeddingsFastRandomProjection","0.69109946,-0.09592612,0.2419193,0.37889835,-0.031729486,0.20597208,0.44789138,0.68079656,0.37086374,0.6991341,0.13697901,-0.603208,0.008034587,-0.54379,-0.7321525,0.37889835",""
"/axon-modelling-4.8.2.jar","axon-modelling-4.8.2","embeddingsFastRandomProjection","0.71037877,-0.097161904,0.2452665,0.3936466,-0.030187514,0.20652999,0.45179647,0.69733846,0.3859317,0.7180937,0.1483801,-0.6209318,0.0077149123,-0.57304835,-0.7615971,0.3936466",""
"/axon-messaging-4.8.2.jar","axon-messaging-4.8.2","embeddingsFastRandomProjection","0.5684737,-0.08031763,0.19980966,0.41910392,-0.028268138,0.16960983,0.36941946,0.6690314,0.30764,0.67993766,0.21929422,-0.59962004,0.111463934,-0.5571341,-0.7074504,0.41910392",""
