"codeUnitName","shortCodeUnitName","propertyName","propertyValue","Source Cypher File: Dependencies_Projection/Dependencies_8_Stream_Mutated.cypher"
"/axon-disruptor-4.8.2.jar","axon-disruptor-4.8.2","embeddingsNode2Vec","0.00027427715,-0.02479644,0.025138786,0.0025125144,-0.025768068,-0.017658468,0.00537373,0.031212509,-0.008776284,0.017199216,-0.011662377,0.021594426,0.024271678,-0.010645863,-0.010666435,0.010891455",""
"/axon-test-4.8.2.jar","axon-test-4.8.2","embeddingsNode2Vec","0.010463996,0.024492122,0.023476,0.02484059,-0.0056181615,-0.017091695,-0.019854695,-0.021715485,-0.02371279,0.0043114386,0.008651947,0.01854902,0.031117572,-0.019926038,-0.012238939,0.003761231",""
"/axon-messaging-4.8.2.jar","axon-messaging-4.8.2","embeddingsNode2Vec","0.013681444,0.005433288,0.02092455,0.017394451,-0.010794587,0.0064553153,-0.0067728953,-0.012553438,0.00736823,0.020316014,0.021070423,-0.008737894,0.026164252,0.02380415,-0.025019526,0.018243074",""
"/axon-modelling-4.8.2.jar","axon-modelling-4.8.2","embeddingsNode2Vec","0.025240589,-0.017170489,-0.025212618,-0.011633837,0.00777999,0.0067197736,0.02089938,-0.018465048,-0.018488148,0.017050918,-0.027349455,-0.010003745,0.00668437,0.024075745,0.0042713904,-0.023240844",""
"/axon-eventsourcing-4.8.2.jar","axon-eventsourcing-4.8.2","embeddingsNode2Vec","0.01864374,-0.028165597,-0.004604276,-0.012775617,0.028477192,0.030997273,0.020365812,0.022377409,0.01194116,0.011149275,0.017116848,0.010890493,-0.02671544,-0.0015290261,-0.0041066525,0.01687962",""
"/axon-configuration-4.8.2.jar","axon-configuration-4.8.2","embeddingsNode2Vec","-0.029346898,-0.028861351,0.005234681,-0.023492051,0.029900068,-0.010044128,-0.0038980965,0.014643478,0.0026831077,-0.0031316897,0.018099718,-0.0023657782,-0.0092639,0.022241773,0.0028994838,0.00031616382",""
