"codeUnitName","shortCodeUnitName","propertyName","propertyValue","Source Cypher File: Dependencies_Projection/Dependencies_8_Stream_Mutated.cypher"
"/axon-disruptor-4.8.2.jar","axon-disruptor-4.8.2","embeddingsHashGNN","0.4330126941204071,0,0.4330126941204071,0.8660253882408142,0,0,0.4330126941204071,0.4330126941204071,0.8660253882408142,-0.8660253882408142,-0.8660253882408142,0,0.4330126941204071,0.4330126941204071,0.8660253882408142,0",""
"/axon-test-4.8.2.jar","axon-test-4.8.2","embeddingsHashGNN","0.4330126941204071,0,0.4330126941204071,0.8660253882408142,0,0,0.4330126941204071,0.4330126941204071,0.8660253882408142,-0.8660253882408142,-0.8660253882408142,0,0.4330126941204071,0.4330126941204071,0.8660253882408142,0",""
"/axon-eventsourcing-4.8.2.jar","axon-eventsourcing-4.8.2","embeddingsHashGNN","0.4330126941204071,0,0.4330126941204071,0.8660253882408142,0,0,0.4330126941204071,0.4330126941204071,0.8660253882408142,-0.8660253882408142,-0.8660253882408142,0,0.4330126941204071,0.4330126941204071,0.8660253882408142,0",""
"/axon-messaging-4.8.2.jar","axon-messaging-4.8.2","embeddingsHashGNN","0.4330126941204071,0,0.4330126941204071,0.8660253882408142,0,0,0.4330126941204071,0.4330126941204071,0.8660253882408142,-0.8660253882408142,-0.8660253882408142,0,0.4330126941204071,0.4330126941204071,0.8660253882408142,0",""
"/axon-modelling-4.8.2.jar","axon-modelling-4.8.2","embeddingsHashGNN","0.4330126941204071,0,0.4330126941204071,0.8660253882408142,0,0,0.4330126941204071,0.4330126941204071,0.8660253882408142,-0.8660253882408142,-0.8660253882408142,0,0.4330126941204071,0.4330126941204071,0.8660253882408142,0",""
"/axon-configuration-4.8.2.jar","axon-configuration-4.8.2","embeddingsHashGNN","0.4330126941204071,0,0.4330126941204071,0.8660253882408142,0,0,0.4330126941204071,0.4330126941204071,0.8660253882408142,-0.8660253882408142,-0.8660253882408142,0,0.4330126941204071,0.4330126941204071,0.8660253882408142,0",""
