"codeUnitName","shortCodeUnitName","propertyName","propertyValue","Source Cypher File: Dependencies_Projection/Dependencies_8_Stream_Mutated.cypher"
"/axon-disruptor-4.8.2.jar","axon-disruptor-4.8.2","embeddingsFastRandomProjection","0.6826275,-0.12854631,-0.31026906,-0.07487838,-0.10169244,0,0.576129,0,0.31026906,-0.81117386,0.6826275,-0.22613177,-0.23504469,0.99289656,0.17695662,-0.6826275",""
"/axon-test-4.8.2.jar","axon-test-4.8.2","embeddingsFastRandomProjection","0.6713202,-0.12342818,-0.30660376,-0.06873545,-0.09982976,0,0.5729713,0,0.30660376,-0.7947483,0.6713202,-0.22341171,-0.22177696,0.97792387,0.17716068,-0.6713202",""
"/axon-eventsourcing-4.8.2.jar","axon-eventsourcing-4.8.2","embeddingsFastRandomProjection","0.66518414,-0.12481095,-0.31073248,-0.058847576,-0.11027773,0,0.5768193,0,0.31073248,-0.7899951,0.66518414,-0.2305673,-0.21317573,0.9759166,0.17093757,-0.66518414",""
"/axon-messaging-4.8.2.jar","axon-messaging-4.8.2","embeddingsFastRandomProjection","0.67180276,-0.11160201,-0.2627886,-0.1639001,-0.09431209,0,0.48253992,0,0.2627886,-0.7834047,0.67180276,-0.19422375,-0.30086476,0.9345913,0.14311387,-0.67180276",""
"/axon-modelling-4.8.2.jar","axon-modelling-4.8.2","embeddingsFastRandomProjection","0.67436874,-0.13466075,-0.31957412,-0.05843413,-0.12002708,0,0.58421886,0,0.31957412,-0.8090295,0.67436874,-0.2398427,-0.22481059,0.99394274,0.16783132,-0.67436874",""
"/axon-configuration-4.8.2.jar","axon-configuration-4.8.2","embeddingsFastRandomProjection","0.66820073,-0.12748536,-0.30902052,-0.06335774,-0.102651045,0,0.573608,0,0.30902052,-0.7956862,0.66820073,-0.22596812,-0.22207806,0.97722125,0.1751345,-0.66820073",""
