"codeUnitName","shortCodeUnitName","propertyName","propertyValue","Source Cypher File: Dependencies_Projection/Dependencies_8_Stream_Mutated.cypher"
"./index.ts","react-router","embeddingsNode2Vec","0.11486416,-0.36383727,-0.26653185,-0.40015766,0.27602363,-0.043327004,-0.030663284,0.013723525,0.320188,-0.16690184,0.08804184,-0.21615294,0.34913898,0.19840726,-0.1914942,0.024739046,0.007731214,0.1661826,-0.11573711,-0.2012929,-0.3328508,0.025432,-0.3405964,0.38792378,0.11846943,0.28634405,-0.018827673,0.4402266,0.09998699,0.021901911,0.0042390213,-0.008851563",""
"./index.tsx","react-router-dom","embeddingsNode2Vec","0.11861881,-0.3676021,-0.2749813,-0.40497848,0.27016425,-0.044704296,-0.02007924,0.0062505803,0.32388285,-0.16501054,0.08672405,-0.20953824,0.35064065,0.205922,-0.1850974,0.026999848,0.0035419685,0.17562099,-0.1320974,-0.21127026,-0.3340814,0.03321656,-0.33997455,0.37592936,0.1205364,0.28389207,-0.020435521,0.43944576,0.0943076,0.024288127,0.008649961,-0.010062191",""
"./server.tsx","server","embeddingsNode2Vec","0.12263762,-0.37574387,-0.2698476,-0.40178356,0.28102314,-0.04868434,-0.010451456,0.0051444927,0.31810507,-0.1720562,0.092312105,-0.21080089,0.3655018,0.22309402,-0.17730099,0.026199108,-0.003493294,0.17315471,-0.13763046,-0.2108545,-0.32704908,0.04377838,-0.34503636,0.37517816,0.119226806,0.29138148,-0.026468437,0.4351823,0.09821362,0.022957403,0.01932252,-0.0018808226",""
"./index.tsx","react-router-native","embeddingsNode2Vec","0.116415516,-0.36889163,-0.2696593,-0.39364675,0.28122133,-0.056570236,-0.0025139938,0.0057341345,0.30835047,-0.1678965,0.08757513,-0.20454715,0.35962552,0.21798015,-0.17205885,0.018202337,-0.010841351,0.16792163,-0.13831517,-0.20926128,-0.32440504,0.038247045,-0.33922964,0.37735918,0.11980015,0.2960176,-0.020936757,0.43907088,0.10850629,0.027972013,0.0278122,-0.0026580817",""
"./index.ts","router","embeddingsNode2Vec","0.11852612,-0.38177142,-0.2728079,-0.40789542,0.28089848,-0.044638615,-0.023344778,0.01272431,0.32550573,-0.17468002,0.09194569,-0.21767724,0.36549947,0.21309045,-0.18311189,0.025895605,0.002817709,0.17261246,-0.12792036,-0.20429912,-0.3283831,0.036211684,-0.34520575,0.37572387,0.11391127,0.2912979,-0.029455625,0.45040992,0.0958123,0.015611373,0.011306712,-0.006825877",""
