"codeUnitName","shortCodeUnitName","propertyName","propertyValue","Source Cypher File: Dependencies_Projection/Dependencies_8_Stream_Mutated.cypher"
"./index.ts","react-router","embeddingsNode2Vec","0.091586076,0.068047605,-0.074821256,0.2746546,-0.05506052,0.30113083,-0.08772445,-0.39522436,-0.18487135,0.1791549,-0.08885945,0.2626647,-0.15599461,-0.36917743,-0.4532755,0.031674914,-0.16907051,0.31884632,-0.030669214,0.05604954,-0.36314556,0.06374381,0.07110151,0.027677782,-0.10347676,0.11923649,0.31596458,-0.41284359,0.10408838,-0.045447476,-0.32756954,-0.103337415",""
"./index.tsx","react-router-dom","embeddingsNode2Vec","0.09325907,0.057670895,-0.08561219,0.26944825,-0.06877301,0.30121243,-0.08057499,-0.40590006,-0.16855994,0.17117761,-0.09243815,0.2758856,-0.14870344,-0.36503834,-0.45737946,0.037088703,-0.17566437,0.34458086,-0.047258098,0.044896062,-0.37735733,0.07731262,0.07148638,0.008669707,-0.11061375,0.113772996,0.3144075,-0.4305169,0.088640064,-0.05514365,-0.3281938,-0.11263295",""
"./server.tsx","server","embeddingsNode2Vec","0.096155584,0.06296414,-0.06873271,0.29454947,-0.059141643,0.29536724,-0.06668051,-0.40245363,-0.19506533,0.17376958,-0.08912034,0.28181306,-0.14984816,-0.35958382,-0.4332497,0.030142974,-0.18455553,0.32261467,-0.047550958,0.054705385,-0.35095683,0.082568586,0.07524265,0.0058279824,-0.110164024,0.120361015,0.30890834,-0.43011656,0.1017335,-0.049898043,-0.31577525,-0.09891859",""
"./index.tsx","react-router-native","embeddingsNode2Vec","0.09379321,0.055800788,-0.06246058,0.28276426,-0.059407685,0.28427866,-0.071138,-0.37498176,-0.17502083,0.15913045,-0.09725114,0.26553154,-0.14580987,-0.36087433,-0.4471182,0.02341652,-0.18676855,0.32152188,-0.049779054,0.056436628,-0.35616565,0.07132159,0.05944558,0.018487353,-0.12043515,0.12361999,0.30797723,-0.41536427,0.11017903,-0.05844225,-0.32165968,-0.09607032",""
"./index.ts","router","embeddingsNode2Vec","0.10994636,0.06235099,-0.06824036,0.29264766,-0.06788158,0.29431066,-0.065750025,-0.39276862,-0.17807063,0.16880868,-0.097884804,0.27517423,-0.15522635,-0.35699272,-0.4445151,0.033445343,-0.18613505,0.3306798,-0.061559696,0.051177584,-0.35245854,0.08304615,0.06463625,0.00694622,-0.1167385,0.123890884,0.31321815,-0.42706442,0.10449511,-0.052126724,-0.32692292,-0.08992775",""
