"codeUnitName","shortCodeUnitName","propertyName","propertyValue","Source Cypher File: Dependencies_Projection/Dependencies_8_Stream_Mutated.cypher"
"./index.ts","react-router","embeddingsNode2Vec","0.084450126,-0.076593235,-0.1102608,0.095541835,-0.1351103,-0.111278795,0.18823947,0.23779462,-0.25501895,-0.23260427,0.03079273,0.4280194,0.073275715,0.45555103,0.4292242,-0.06919525,-0.15592045,-0.37110287,0.13112499,-0.20033436,-0.08398469,-0.0026805317,0.2877929,-0.32812914,0.19543058,0.0760317,-0.22272174,0.38674945,0.07027029,0.0028029124,0.048826702,-0.09504751",""
"./index.tsx","react-router-dom","embeddingsNode2Vec","0.085879065,-0.10115641,-0.105982184,0.10240068,-0.15067853,-0.115439385,0.2020284,0.24770735,-0.25707465,-0.25315747,0.027092367,0.4395788,0.09688134,0.4774732,0.45155624,-0.078351565,-0.16416621,-0.36872137,0.118719235,-0.21181844,-0.073293194,0.016361361,0.28548497,-0.35129118,0.17429839,0.0756098,-0.24532656,0.3930483,0.05944496,-0.01369895,0.06963115,-0.10296158",""
"./server.tsx","server","embeddingsNode2Vec","0.079409346,-0.09544746,-0.11573464,0.09517332,-0.13932684,-0.12308995,0.21135168,0.24385284,-0.24254063,-0.24386704,0.027092453,0.42124325,0.102492966,0.46499354,0.45554706,-0.081139624,-0.16845408,-0.3727696,0.11077031,-0.18996301,-0.078381956,-0.0053364113,0.2755029,-0.3328875,0.18951632,0.08394885,-0.23694138,0.3980747,0.065856576,-0.011720151,0.05550723,-0.08061193",""
"./index.tsx","react-router-native","embeddingsNode2Vec","0.08835968,-0.06770693,-0.095927715,0.09545468,-0.13300714,-0.10794479,0.18428333,0.22602919,-0.25853163,-0.23307097,0.03209082,0.43552843,0.0653023,0.46060348,0.41596696,-0.07081738,-0.15723896,-0.35454133,0.13137978,-0.21420631,-0.07568557,0.014729967,0.28758216,-0.3451311,0.18668956,0.06519636,-0.21765676,0.3817062,0.068023175,0.004103504,0.058827315,-0.11092365",""
"./index.ts","router","embeddingsNode2Vec","0.08091671,-0.093286514,-0.11506846,0.106813416,-0.15665783,-0.11079342,0.19287014,0.24982148,-0.26033473,-0.2513621,0.03055538,0.4403312,0.08390438,0.4653434,0.44806212,-0.07097593,-0.1581065,-0.376443,0.12614217,-0.20880692,-0.07632526,0.008477423,0.2872571,-0.33526292,0.17479822,0.0718197,-0.23643647,0.36509416,0.058857847,-0.01018145,0.061798487,-0.10016",""
