"codeUnitName","shortCodeUnitName","propertyName","propertyValue","Source Cypher File: Dependencies_Projection/Dependencies_8_Stream_Mutated.cypher"
"./index.ts","react-router","embeddingsNode2Vec","0.07840929,-0.16767958,-0.38011804,-0.45860887,-0.19693781,0.14284664,-0.17605442,-0.069845,0.55988413,-0.016304484,-0.048124082,-0.06729996,-0.01872679,-0.10388923,-0.22174303,0.13553274,0.17498654,0.33124262,-0.16633321,-0.2943902,-0.3961668,-0.049227778,-0.16874507,0.05024011,0.093267515,-0.119255036,0.009894389,0.20182967,-0.25121516,-0.015529858,-0.26538295,-0.21054022",""
"./index.tsx","react-router-dom","embeddingsNode2Vec","0.0765674,-0.16979927,-0.38657522,-0.46212673,-0.19532253,0.13676076,-0.16083863,-0.07056558,0.56128836,-0.01812945,-0.052180845,-0.060765903,-0.018364443,-0.10484478,-0.21074468,0.13011791,0.1668735,0.328107,-0.17346527,-0.2974675,-0.3818078,-0.04788723,-0.15890178,0.039165862,0.08910814,-0.120506644,0.008117639,0.19449337,-0.2533573,-0.016103936,-0.26249754,-0.21146496",""
"./server.tsx","server","embeddingsNode2Vec","0.082579955,-0.17209679,-0.38004503,-0.44902363,-0.19268909,0.13641626,-0.15408084,-0.07530231,0.5504544,-0.016158415,-0.047014005,-0.05876333,-0.016245607,-0.09436311,-0.21807438,0.13826346,0.17001359,0.34256402,-0.18548684,-0.30411968,-0.3940705,-0.040079664,-0.16635874,0.040597085,0.09880456,-0.119091935,0.00925161,0.20190011,-0.26296988,-0.011515244,-0.2614559,-0.21266189",""
"./index.tsx","react-router-native","embeddingsNode2Vec","0.08172524,-0.17411359,-0.386523,-0.4564604,-0.18060862,0.12749174,-0.14902669,-0.07477447,0.5524718,-0.019359266,-0.046477195,-0.061663326,-0.008078626,-0.08556438,-0.21604975,0.13216159,0.1609943,0.33375823,-0.18442628,-0.3049156,-0.3966904,-0.04146372,-0.16860493,0.05439907,0.101084575,-0.103792496,0.013335881,0.2100979,-0.23922876,-0.0049226037,-0.2484555,-0.2054133",""
"./index.ts","router","embeddingsNode2Vec","0.078826346,-0.19224226,-0.37026593,-0.46411607,-0.20210637,0.15267475,-0.17909239,-0.06161776,0.5609522,-0.03099142,-0.04327212,-0.07375519,0.0015523201,-0.09977033,-0.21934025,0.13817054,0.17781593,0.3322608,-0.16798048,-0.29658043,-0.39128458,-0.041478444,-0.17737186,0.038401872,0.07885933,-0.12812172,-0.01161205,0.20524062,-0.26645097,-0.037120447,-0.26883242,-0.21585396",""
