"codeUnitName","shortCodeUnitName","propertyName","propertyValue","Source Cypher File: Dependencies_Projection/Dependencies_8_Stream_Mutated.cypher"
"./index.ts","react-router","embeddingsNode2Vec","0.18068965,0.44751513,0.25935802,-0.14804357,0.335672,-0.00458099,-0.04812341,-0.42445472,-0.020609222,0.2097299,0.06688178,0.08682954,-0.30641472,0.13625695,-0.461887,-0.05602167,-0.0793662,0.30496004,0.041004106,-0.15940973,0.04310697,0.11529211,-0.04039637,-0.20837079,0.23700954,-0.13852055,0.39154062,0.07594672,0.16217487,0.23731765,-0.02318528,-0.1723502",""
"./index.tsx","react-router-dom","embeddingsNode2Vec","0.1803257,0.44017547,0.2734427,-0.1465896,0.33177063,-0.0011022114,-0.0508927,-0.4313882,-0.014428103,0.20852442,0.064211845,0.08313093,-0.30068853,0.13333094,-0.46834055,-0.05917428,-0.07967207,0.32387552,0.030846551,-0.16833167,0.055996284,0.1343118,-0.05443846,-0.22121868,0.22089972,-0.14531048,0.3884165,0.06152126,0.1499732,0.2271495,-0.009334777,-0.17962736",""
"./server.tsx","server","embeddingsNode2Vec","0.18275948,0.44195017,0.2599598,-0.15366724,0.34251958,-0.013111007,-0.036431365,-0.43216985,-0.0069898306,0.21213539,0.06465527,0.08127145,-0.29050893,0.14564589,-0.45250934,-0.06606071,-0.08891583,0.30687043,0.02808412,-0.15042919,0.044974726,0.11066478,-0.048947796,-0.21157368,0.24131487,-0.13063043,0.3892905,0.078778364,0.16335927,0.23361255,-0.02239177,-0.16009349",""
"./index.tsx","react-router-native","embeddingsNode2Vec","0.18398546,0.45136937,0.2616283,-0.14840472,0.3378131,-0.0070011215,-0.04248796,-0.42589715,-0.02581389,0.20616771,0.06887176,0.098504946,-0.30746353,0.14935686,-0.4582849,-0.059451435,-0.08616563,0.30342817,0.042200472,-0.16750404,0.044215795,0.11877229,-0.035873786,-0.22197375,0.24302462,-0.13995987,0.39071852,0.08475257,0.16567351,0.2392459,-0.020393314,-0.17770429",""
"./index.ts","router","embeddingsNode2Vec","0.18208006,0.433418,0.26760212,-0.14254272,0.3274831,-0.004536556,-0.046572864,-0.41915372,-0.028350517,0.19969031,0.06522807,0.100312404,-0.30023146,0.14922921,-0.45047867,-0.058429785,-0.0817529,0.3009183,0.04139931,-0.17577642,0.049397435,0.13062817,-0.037690647,-0.22601719,0.22672927,-0.14165562,0.38207155,0.07926839,0.15596153,0.23549275,-0.010886575,-0.18506931",""
