"codeUnitName","shortCodeUnitName","propertyName","propertyValue","Source Cypher File: Dependencies_Projection/Dependencies_8_Stream_Mutated.cypher"
"./index.ts","react-router","embeddingsNode2Vec","0.02155804,-0.10325181,-0.17771117,-0.03720601,0.25653905,-0.01678265,0.037712667,0.1455252,0.16214906,0.1863105,-0.4491318,0.26572314,-0.054571062,0.04847438,0.0075146686,-0.2350424,0.3697002,-0.08393116,-0.49214724,-0.04956772,-0.19224836,0.1297219,0.09987447,-0.15736848,-0.022583224,0.32568833,-0.32191217,-0.43974927,-0.29234314,0.02931789,0.3957927,-0.028739462",""
"./index.tsx","react-router-dom","embeddingsNode2Vec","0.016064076,-0.110142775,-0.16791081,-0.016981753,0.26674852,0.008064652,0.030100849,0.1587625,0.16534083,0.18871596,-0.45106533,0.25932607,-0.041065022,0.04875484,0.03258286,-0.22084008,0.3584322,-0.07064103,-0.5131261,-0.028904045,-0.17593868,0.12840147,0.08943985,-0.13990805,-0.028915724,0.31531087,-0.31670737,-0.4464005,-0.28355983,0.0546009,0.3938292,-0.016978143",""
"./server.tsx","server","embeddingsNode2Vec","0.015247633,-0.106106386,-0.1592945,-0.0132188955,0.2528994,-0.0006849836,0.028544364,0.15865333,0.17009358,0.18335871,-0.4433085,0.2536357,-0.037971895,0.05541397,0.028615823,-0.21032302,0.37073892,-0.06801507,-0.5045011,-0.028353538,-0.1759067,0.11471076,0.09231982,-0.14063534,-0.033630405,0.30994168,-0.31839612,-0.43079033,-0.29844093,0.044017505,0.38801587,-0.032546513",""
"./index.tsx","react-router-native","embeddingsNode2Vec","0.022098262,-0.086663164,-0.14978988,-0.023950418,0.23812096,-0.010856124,0.043265905,0.15969793,0.16042534,0.1816156,-0.42960092,0.2595607,-0.036117323,0.045106973,0.0037967677,-0.21641847,0.36846042,-0.06520864,-0.48668674,-0.042238947,-0.18020378,0.12132323,0.096248284,-0.16415773,-0.013803024,0.29164553,-0.3215555,-0.41628358,-0.2949316,0.022448573,0.38455755,-0.035423607",""
"./index.ts","router","embeddingsNode2Vec","0.015907682,-0.11285202,-0.16218224,-0.009991278,0.26232028,0.003232316,0.030644553,0.15904708,0.1695017,0.1846275,-0.447232,0.2543796,-0.040316913,0.05098438,0.03625967,-0.2133768,0.35858372,-0.07112228,-0.5107289,-0.02476162,-0.17639658,0.11948818,0.09138916,-0.13864452,-0.03197612,0.31203544,-0.31444454,-0.43845376,-0.28659233,0.056021567,0.3992558,-0.02303054",""
