"codeUnitName","shortCodeUnitName","propertyName","propertyValue","Source Cypher File: Dependencies_Projection/Dependencies_8_Stream_Mutated.cypher"
"./index.ts","react-router","embeddingsFastRandomProjection","0.23325902,-0.32181168,0.24951331,0.6161144,-0.44796854,-0.3756702,0.053858504,-0.3594159,0.4204595,0,0.6537186,0.31462654,-0.3756702,-0.3756702,0,0.6699728,0.3594159,0.14241117,0.32181168,0.3594159,0.04478933,0.29430267,-0.4204595,0.14959632,-0.061043646,0,0,-0.08855267,0.3756702,0.061043646,0.12615687,0.065113224",""
"./index.tsx","react-router-dom","embeddingsFastRandomProjection","0.29816666,-0.3873114,0.21369998,0.7325623,-0.4769495,-0.30333817,-0.083973184,-0.38780487,0.4348891,0,0.73305583,0.2562539,-0.30333817,-0.30333817,0,0.64858913,0.38780487,0.0051715337,0.3873114,0.38780487,0.13155092,0.34525096,-0.4348891,0.136229,-0.04708428,0,0,-0.08914471,0.30333817,0.04708428,0.08963817,0.042553894",""
"./server.tsx","server","embeddingsFastRandomProjection","0.2647792,-0.40729567,0.18274319,0.7335094,-0.50746334,-0.28291082,-0.12438489,-0.36494678,0.4263813,0,0.6911605,0.2214763,-0.28291082,-0.28291082,0,0.6091245,0.36494678,0.01813162,0.40729567,0.36494678,0.14347047,0.32621372,-0.4263813,0.20395102,-0.061434515,0,0,-0.14251651,0.28291082,0.061434515,0.10016758,0.03873308",""
"./index.tsx","react-router-native","embeddingsFastRandomProjection","0.16380069,-0.28815293,0.13395424,0.5932867,-0.429486,-0.2752873,-0.012865663,-0.30513376,0.4464668,0,0.6102675,0.13395424,-0.2752873,-0.2752873,0,0.58042103,0.30513376,0.11148663,0.28815293,0.30513376,0.1711795,0.30513376,-0.4464668,0.26568535,-0.14133306,0,0,-0.124352284,0.2752873,0.14133306,0.14133306,-1.3351364e-10",""
"./index.ts","router","embeddingsFastRandomProjection","0.23487133,-0.32804912,0.101177976,0.61771655,-0.49962747,-0.27275637,-0.05529277,-0.4064497,0.46124583,0,0.69611716,0.21796024,-0.27275637,-0.27275637,0,0.5624237,0.4064497,0.037885055,0.32804912,0.4064497,0.18848945,0.28966746,-0.46124583,0.14797394,-0.054796126,0,0,-0.09317781,0.27275637,0.054796126,0.17157838,0.11678225",""
