"codeUnitName","shortCodeUnitName","propertyName","propertyValue","Source Cypher File: Dependencies_Projection/Dependencies_8_Stream_Mutated.cypher"
"./index.ts","react-router","embeddingsNode2Vec","0.06748505,0.1759517,-0.02551368,0.2941391,0.061870277,0.2318514,-0.15441799,-0.30946645,-0.2795132,0.23124221,-0.06451018,0.17185268,-0.22357681,-0.40638477,-0.49818325,0.020817006,-0.10733096,0.1911649,0.13696326,0.14550018,-0.33140633,-0.04391748,0.10912386,0.19247773,-0.022048298,0.16215663,0.39595324,-0.3445889,0.21491188,0.04888951,-0.32385963,-0.06035051",""
"./index.tsx","react-router-dom","embeddingsNode2Vec","0.07014459,0.16663761,-0.03537597,0.28579822,0.049988832,0.2412115,-0.15492931,-0.31668517,-0.26698354,0.22778402,-0.06578077,0.17920636,-0.22355051,-0.4108874,-0.50349325,0.0263066,-0.10684487,0.20736183,0.12589405,0.13632551,-0.34827065,-0.03850741,0.10899119,0.1829925,-0.024868842,0.15818402,0.39611953,-0.35107103,0.20124687,0.04335735,-0.32842058,-0.0677419",""
"./server.tsx","server","embeddingsNode2Vec","0.07312786,0.17582744,-0.018853104,0.30961764,0.060772765,0.23140596,-0.13635387,-0.3207736,-0.29467526,0.23259667,-0.062298525,0.18616475,-0.22004294,-0.39062238,-0.484769,0.021894215,-0.11936714,0.1926497,0.12308897,0.14712562,-0.32405293,-0.026762191,0.11662232,0.17435525,-0.024998289,0.16525182,0.3943965,-0.36154023,0.21404976,0.04918051,-0.31130373,-0.053110138",""
"./index.tsx","react-router-native","embeddingsNode2Vec","0.07308423,0.1685257,-0.01601296,0.29978716,0.057494316,0.22727416,-0.14692467,-0.30214766,-0.27321172,0.22227865,-0.07306638,0.1709596,-0.22194111,-0.4042158,-0.4907328,0.015065037,-0.117922306,0.18982013,0.122618936,0.14739205,-0.3295754,-0.04246875,0.09759921,0.19084051,-0.032949217,0.16626674,0.39378992,-0.3407013,0.22227538,0.041383322,-0.321457,-0.050713353",""
"./index.ts","router","embeddingsNode2Vec","0.07395885,0.1718566,-0.02174981,0.2975998,0.057048228,0.23213646,-0.15178177,-0.30972826,-0.2725519,0.22816528,-0.07000802,0.17139581,-0.22864205,-0.4058546,-0.4955235,0.020905774,-0.11165242,0.19305182,0.1254321,0.14581986,-0.33555308,-0.0425174,0.10302316,0.1917482,-0.025875539,0.16389734,0.39885607,-0.3433937,0.21752475,0.0468181,-0.32468247,-0.053737223",""
