"codeUnitName","shortCodeUnitName","propertyName","propertyValue","Source Cypher File: Dependencies_Projection/Dependencies_8_Stream_Mutated.cypher"
"./index.ts","react-router","embeddingsNode2Vec","0.11573055,0.11344666,-0.030839894,0.36172742,-0.02277636,0.24485296,0.09308617,-0.4802976,-0.36947623,0.23136146,0.013722173,0.3623471,-0.12165351,-0.12586975,-0.23074661,0.08740923,-0.19566742,0.27364835,-0.086956754,0.052365452,-0.18325916,0.23974685,0.22239569,-0.17067553,-0.015419339,0.10001318,0.25532097,-0.5592049,0.03861609,0.04949714,-0.14661902,-0.03624823",""
"./index.tsx","react-router-dom","embeddingsNode2Vec","0.1162052,0.10993863,-0.041135907,0.3645293,-0.02938732,0.25555712,0.09139129,-0.49335128,-0.36622232,0.23145297,0.017971834,0.3777186,-0.1153503,-0.12458188,-0.2419439,0.09466766,-0.19882102,0.28781822,-0.09472755,0.04745563,-0.19801496,0.26150224,0.234099,-0.19177803,-0.01617455,0.09753297,0.26383218,-0.5704576,0.024814958,0.04586963,-0.14405094,-0.04834073",""
"./server.tsx","server","embeddingsNode2Vec","0.11210125,0.110086486,-0.03038985,0.36203155,-0.021682512,0.2433929,0.09985071,-0.48465985,-0.37141132,0.22527868,0.018765945,0.37379175,-0.11470458,-0.11767525,-0.22786316,0.08924719,-0.20564125,0.27812234,-0.08962408,0.051120527,-0.17741156,0.2491915,0.23160695,-0.18192652,-0.01739802,0.10110352,0.25656798,-0.55964303,0.033260714,0.046031486,-0.13178092,-0.03916263",""
"./index.tsx","react-router-native","embeddingsNode2Vec","0.117832765,0.10682647,-0.024955105,0.36388287,-0.024774184,0.24070716,0.09087901,-0.47491497,-0.35858285,0.21984121,0.006290276,0.36200428,-0.120018065,-0.13243058,-0.23678774,0.08257923,-0.20601498,0.2745699,-0.09329216,0.053838316,-0.18404114,0.23687622,0.2123066,-0.16609818,-0.025816008,0.10383478,0.25861812,-0.5417248,0.045307707,0.039574336,-0.14379713,-0.03326788",""
"./index.ts","router","embeddingsNode2Vec","0.12051989,0.1057437,-0.028647926,0.370266,-0.028481463,0.24136172,0.104706354,-0.4867343,-0.36465338,0.22357796,0.015358929,0.38009706,-0.116033055,-0.11371735,-0.21916963,0.09008165,-0.20879588,0.28149638,-0.10259506,0.047418434,-0.1750765,0.25468233,0.22689064,-0.18894081,-0.020196488,0.09995711,0.25566408,-0.5560072,0.03075061,0.043624956,-0.13174362,-0.034471262",""
