"codeUnitName","shortCodeUnitName","propertyName","propertyValue","Source Cypher File: Dependencies_Projection/Dependencies_8_Stream_Mutated.cypher"
"./index.ts","react-router","embeddingsFastRandomProjection","0.3706196,-0.19359234,0.19760309,0.5867332,-0.22824681,-0.23225754,0.03866519,-0.40527403,0.4277954,0,0.79841495,0.2097362,-0.23225754,-0.23225754,0,0.62539846,0.40527403,-0.13836205,0.19359234,0.40527403,0.19553785,0.39314097,-0.4277954,-0.1545059,-0.02252135,0,0,0.17702724,0.23225754,0.02252135,0.034654424,0.012133092",""
"./index.tsx","react-router-dom","embeddingsFastRandomProjection","0.31861922,-0.16596964,0.10203637,0.4948078,-0.1692635,-0.10533026,-0.06063939,-0.32191306,0.33213204,0,0.65075123,0.09511126,-0.10533026,-0.10533026,0,0.43416846,0.32191306,-0.21328895,0.16596964,0.32191306,0.22680181,0.3288382,-0.33213204,-0.14243057,-0.010218995,0,0,0.15264958,0.10533026,0.010218995,0.003293842,-0.0069250762",""
"./server.tsx","server","embeddingsFastRandomProjection","0.39629135,-0.2228468,0.112055115,0.6437363,-0.24096863,-0.13017693,-0.092669874,-0.41441315,0.43901134,0,0.8353027,0.10557875,-0.13017693,-0.13017693,0,0.55106646,0.41441315,-0.2661144,0.2228468,0.41441315,0.30883443,0.42088953,-0.43901134,-0.14884636,-0.024598185,0,0,0.17344455,0.13017693,0.024598185,0.018121779,-0.0064763576",""
"./index.tsx","react-router-native","embeddingsFastRandomProjection","0.2818769,-0.23833382,0.16987775,0.6615437,-0.25033253,-0.18187645,-0.056457393,-0.2938756,0.43520868,0,0.7170856,0.040543392,-0.18187645,-0.18187645,0,0.6050864,0.2938756,-0.10000044,0.23833382,0.2938756,0.2533322,0.42320997,-0.43520868,0.09779002,-0.14133306,0,0,0.04354305,0.18187645,0.14133306,0.011998698,-0.12933436",""
"./index.ts","router","embeddingsFastRandomProjection","0.3035531,-0.16283983,0.07169035,0.47796458,-0.19681604,-0.10566662,-0.057173204,-0.33752933,0.34910098,0,0.6526541,0.094095,-0.10566662,-0.10566662,0,0.42079136,0.33752933,-0.19788651,0.16283983,0.33752933,0.24343437,0.31512475,-0.34910098,-0.12914167,-0.011571624,0,0,0.14071332,0.10566662,0.011571624,0.033976227,0.02240464",""
