"codeUnitName","shortCodeUnitName","propertyName","propertyValue","Source Cypher File: Dependencies_Projection/Dependencies_8_Stream_Mutated.cypher"
"./index.ts","react-router","embeddingsNode2Vec","-0.05271903,-0.062498342,-0.35486418,-0.23291916,-0.17502424,0.32958022,-0.26019204,-0.25079226,0.22934121,0.09728958,-0.011081933,0.13533984,-0.023529528,-0.33191544,-0.42761582,0.09849492,0.11225908,0.39735985,0.07265064,-0.16739544,-0.47417453,-0.03568485,0.03315044,-0.018473243,-0.022299683,-0.09821792,0.106107034,-0.15033154,-0.26061404,-0.108477026,-0.34381738,-0.37484005",""
"./index.tsx","react-router-dom","embeddingsNode2Vec","-0.06611437,-0.08915286,-0.3524669,-0.24790041,-0.18677732,0.31965777,-0.23641136,-0.23823237,0.24599302,0.06923915,-0.003625275,0.14476368,0.013695368,-0.30232528,-0.39628404,0.09376946,0.108446665,0.39781755,0.05265711,-0.18459447,-0.44426468,-0.015566728,0.029566417,-0.05812136,-0.036008753,-0.10930886,0.062332615,-0.14280906,-0.28618553,-0.13143075,-0.30625764,-0.37653458",""
"./server.tsx","server","embeddingsNode2Vec","-0.05005302,-0.06746456,-0.35659626,-0.23287968,-0.1819686,0.3259945,-0.23809883,-0.24945587,0.22496663,0.09434054,-0.0007604808,0.14533524,-0.011728614,-0.2864907,-0.3868017,0.10569347,0.109586075,0.39032823,0.05470536,-0.17402813,-0.45960286,-0.011718998,0.044767343,-0.050631333,-0.01732286,-0.10429624,0.08632665,-0.16125493,-0.28073522,-0.10640078,-0.32292375,-0.3735078",""
"./index.tsx","react-router-native","embeddingsNode2Vec","-0.04415332,-0.06677166,-0.342869,-0.21438739,-0.17890476,0.32772347,-0.24625196,-0.254483,0.22835663,0.09219628,-0.018065052,0.14232774,-0.023263788,-0.32329577,-0.4183265,0.09437031,0.09620778,0.3980039,0.05424913,-0.16413437,-0.4659682,-0.025579585,0.027510604,-0.026896162,-0.032517005,-0.09221668,0.10538222,-0.15839309,-0.25098285,-0.11307797,-0.33901986,-0.3621908",""
"./index.ts","router","embeddingsNode2Vec","-0.059521493,-0.08839486,-0.3632703,-0.27098596,-0.19775032,0.32400075,-0.25238094,-0.2283615,0.2751463,0.07244787,-0.005765274,0.12400795,0.0024864157,-0.29146412,-0.3841469,0.1004273,0.12414671,0.39838588,0.05111749,-0.19028431,-0.4515978,-0.026030669,0.021003976,-0.048312347,-0.024161423,-0.11724545,0.06035769,-0.11682303,-0.28843385,-0.11793853,-0.3118147,-0.37098563",""
