"codeUnitName","shortCodeUnitName","propertyName","propertyValue","Source Cypher File: Dependencies_Projection/Dependencies_8_Stream_Mutated.cypher"
"./index.ts","react-router","embeddingsNode2Vec","0.18587932,0.19743551,0.4026159,0.010442081,0.047001723,0.09684237,-0.24777542,-0.26564386,-0.06629759,0.107171506,-0.019867633,0.055613015,-0.21486042,0.030604793,-0.49469107,-0.006718465,0.09311512,0.3803493,0.032282885,-0.3469375,0.17967167,0.4496316,-0.12593937,-0.16088796,-0.23815751,-0.20740756,0.25969037,-0.16882838,-0.09682897,0.10754118,0.1962156,-0.36788294",""
"./index.tsx","react-router-dom","embeddingsNode2Vec","0.18155643,0.17998806,0.39971215,0.0109834885,0.042322777,0.093815796,-0.24061957,-0.26415563,-0.055088047,0.100451715,-0.023122756,0.049430825,-0.19408639,0.03290421,-0.4766268,-0.012559996,0.08738688,0.37743738,0.01916478,-0.33852664,0.1859667,0.4561071,-0.13561939,-0.16347998,-0.2516591,-0.2063916,0.250035,-0.16901278,-0.1031576,0.09501228,0.20563045,-0.35691413",""
"./server.tsx","server","embeddingsNode2Vec","0.19196424,0.19453613,0.4078805,0.010713868,0.047352534,0.08996765,-0.23792435,-0.2678487,-0.06889901,0.09996854,-0.019670002,0.07186626,-0.20660786,0.05528911,-0.48513028,-0.016131297,0.080856435,0.3773522,0.027726931,-0.35820666,0.18221234,0.45846507,-0.12574708,-0.1812335,-0.23479263,-0.20839772,0.24700479,-0.14803572,-0.09442929,0.10126683,0.2019274,-0.3625848",""
"./index.tsx","react-router-native","embeddingsNode2Vec","0.18612395,0.20004381,0.40534464,0.013684976,0.044641897,0.093835406,-0.23378359,-0.25434428,-0.08302317,0.09110586,-0.015003638,0.08249742,-0.21594068,0.053221345,-0.47284204,-0.009077269,0.080660075,0.36431748,0.038016282,-0.35988167,0.17657426,0.44757226,-0.109119765,-0.18760873,-0.22668374,-0.21003622,0.24315037,-0.14207439,-0.08913739,0.10313708,0.19868574,-0.36756673",""
"./index.ts","router","embeddingsNode2Vec","0.19501576,0.19506247,0.41100916,0.018254228,0.0365299,0.09295541,-0.24118228,-0.25254378,-0.083153166,0.09243665,-0.019665567,0.08393685,-0.21094283,0.057130188,-0.4768332,-0.010151727,0.08641846,0.36840266,0.0403236,-0.36453408,0.17615639,0.46016237,-0.111468494,-0.18557447,-0.23352547,-0.20680645,0.24930626,-0.14345156,-0.09479613,0.10409151,0.20298754,-0.3721165",""
