"codeUnitName","shortCodeUnitName","propertyName","propertyValue","Source Cypher File: Dependencies_Projection/Dependencies_8_Stream_Mutated.cypher"
"./index.ts","react-router","embeddingsFastRandomProjection","0.51873326,0.3173616,0.3185325,0.13492279,-0.18243879,0,0.18243879,-0.49053305,0.3173616,-0.018279903,0.3173616,0.6912517,0.15489157,0.019450806,0.33681238,0.3173616,0.33564147,-0.15372065,0.63589406,0,0.51873326,0.2189986,-0.49053305,0.3185325,-0.38263956,-0.16364095,-0.2189986,-0.018279903,0.33681238,-0.33681238,-0.38263956,-0.33681238",""
"./index.tsx","react-router-dom","embeddingsFastRandomProjection","0.4520477,0.32242432,0.27133986,0.22892573,-0.09349859,0,0.09349859,-0.44035137,0.32242432,-0.009098331,0.32242432,0.54294825,0.10882871,-0.041986123,0.28043818,0.32242432,0.33152264,-0.15991317,0.5937641,0,0.4520477,0.11169525,-0.44035137,0.27133986,-0.27420643,-0.16251117,-0.11169525,-0.009098331,0.28043818,-0.28043818,-0.27420643,-0.28043818",""
"./server.tsx","server","embeddingsFastRandomProjection","0.55150217,0.34364927,0.31750694,0.25489393,-0.088755324,0,0.088755324,-0.49092504,0.34364927,-0.02125469,0.34364927,0.60093504,0.12602113,-0.0048876405,0.33876163,0.34364927,0.36490393,-0.15216343,0.6611561,0,0.55150217,0.1312647,-0.49092504,0.31750694,-0.3227505,-0.19148582,-0.1312647,-0.02125469,0.33876163,-0.33876163,-0.3227505,-0.33876163",""
"./index.tsx","react-router-native","embeddingsFastRandomProjection","0.6525251,0.25236714,0.13871318,0.2353984,-0.016968742,0,0.016968742,-0.30583987,0.25236714,-0.14285713,0.25236714,0.4656657,-0.08938443,0.029203184,0.28157032,0.25236714,0.39522427,-0.024269529,0.39108032,0,0.6525251,0.302683,-0.30583987,0.13871318,-0.5307806,-0.2280976,-0.302683,-0.14285713,0.28157032,-0.28157032,-0.5307806,-0.28157032",""
"./index.ts","router","embeddingsFastRandomProjection","0.4695469,0.3017379,0.2904491,0.2103021,-0.09143579,0,0.09143579,-0.44499785,0.3017379,-0.010636221,0.3017379,0.5470699,0.13262376,-0.00065258145,0.30108532,0.3017379,0.31237411,-0.14391257,0.5921869,0,0.4695469,0.11270823,-0.44499785,0.2904491,-0.2705336,-0.15782535,-0.11270823,-0.010636221,0.30108532,-0.30108532,-0.2705336,-0.30108532",""
