"codeUnitName","shortCodeUnitName","propertyName","propertyValue","Source Cypher File: Dependencies_Projection/Dependencies_8_Stream_Mutated.cypher"
"./index.ts","react-router","embeddingsNode2Vec","0.087307096,-0.048366997,-0.067816496,0.06194309,-0.12226267,0.22775248,-0.24077775,-0.083153844,0.20368616,0.008801051,-0.23228385,0.014410351,-0.16742,-0.5215013,-0.5053408,-0.05000761,-0.09212606,0.26736954,-0.05329126,0.019844236,-0.42810208,-0.16273554,-0.21257958,0.24299565,-0.1950034,0.091304064,0.25199744,-0.050373457,0.1545564,-0.15665226,-0.4459609,-0.09031255",""
"./index.tsx","react-router-dom","embeddingsNode2Vec","0.0815192,-0.061890833,-0.07281127,0.0420608,-0.13431136,0.23713696,-0.24087536,-0.07790672,0.22524886,-0.0048972107,-0.22917302,0.012318164,-0.14965239,-0.50627506,-0.49679345,-0.051408056,-0.08765756,0.27072477,-0.06376777,0.0054010986,-0.41842255,-0.15877296,-0.22176634,0.22834685,-0.201958,0.08363918,0.2411196,-0.039609756,0.13605732,-0.17092295,-0.4443803,-0.10120495",""
"./server.tsx","server","embeddingsNode2Vec","0.100626506,-0.057940643,-0.0581076,0.08179977,-0.13334881,0.23045303,-0.22384058,-0.09338807,0.20456004,0.0018452525,-0.23592423,0.027388068,-0.16635379,-0.5037526,-0.48846528,-0.05187959,-0.11108727,0.2727302,-0.08203285,0.01774912,-0.4164679,-0.14463629,-0.21853307,0.2274675,-0.20666122,0.09359769,0.2462504,-0.06367161,0.15641178,-0.16356125,-0.43972385,-0.07787664",""
"./index.tsx","react-router-native","embeddingsNode2Vec","0.0912638,-0.058830533,-0.0591062,0.07346249,-0.1278831,0.22481146,-0.22523625,-0.08356296,0.2038241,-0.0018997677,-0.2371393,0.021257443,-0.15913701,-0.5118357,-0.49390295,-0.056451622,-0.10839406,0.27109006,-0.07313548,0.018828157,-0.42192578,-0.15366358,-0.22289583,0.23153062,-0.21019106,0.09436094,0.24500968,-0.055812463,0.15834355,-0.16827887,-0.44104716,-0.08301295",""
"./index.ts","router","embeddingsNode2Vec","0.0938131,-0.0711794,-0.0649045,0.055462718,-0.14175898,0.22243784,-0.23152614,-0.07197116,0.23676036,-0.012457331,-0.23838587,0.011926096,-0.15256362,-0.508791,-0.49115103,-0.056296013,-0.1023539,0.27439275,-0.08370289,0.007910904,-0.42967576,-0.16174386,-0.23379117,0.22641902,-0.21231923,0.08370431,0.2298641,-0.038204685,0.14669116,-0.17962766,-0.44198057,-0.08753732",""
