"codeUnitName","shortCodeUnitName","propertyName","propertyValue","Source Cypher File: Dependencies_Projection/Dependencies_8_Stream_Mutated.cypher"
"./index.ts","react-router","embeddingsNode2Vec","0.021663085,0.058275636,-0.017055131,-0.10017307,0.008356882,0.13623133,0.044027325,-0.1540845,-0.2794236,-0.07190757,0.29249647,-0.10946734,-0.036044832,-0.21275698,-0.015912767,-0.037332717,-0.6053079,0.0045509287,0.3710266,-0.027223535,0.14777377,0.18280478,-0.12834278,0.08467255,0.17493136,-0.21765463,0.3287862,0.12063231,0.58595264,0.11246419,-0.23279634,0.33104122",""
"./index.tsx","react-router-dom","embeddingsNode2Vec","0.01940021,0.047061536,-0.019426212,-0.08915385,0.024942003,0.15182146,0.042165205,-0.14323701,-0.27149934,-0.066397555,0.28154704,-0.106696725,-0.03166705,-0.21308544,0.0023234452,-0.038887918,-0.6052955,0.007964642,0.34882456,-0.015112078,0.15318492,0.18813244,-0.13191274,0.0912175,0.17176327,-0.21129857,0.32483718,0.09914338,0.589694,0.13395686,-0.22334923,0.3434327",""
"./server.tsx","server","embeddingsNode2Vec","0.020838965,0.045100994,-0.01977314,-0.090077735,0.023619464,0.14704952,0.044455506,-0.14990784,-0.27614647,-0.07025552,0.2871877,-0.11073579,-0.03631073,-0.2170231,0.0018056134,-0.038815353,-0.6190168,0.0030927805,0.35921946,-0.016336864,0.15154146,0.18693599,-0.13133004,0.09207447,0.1735088,-0.2140292,0.33351412,0.10674418,0.6000673,0.13503318,-0.22830383,0.3450469",""
"./index.tsx","react-router-native","embeddingsNode2Vec","0.020217806,0.062256403,5.8126985e-05,-0.08692131,-0.004577416,0.13790618,0.04460442,-0.14578949,-0.273377,-0.07858066,0.30823138,-0.11874632,-0.025009066,-0.20975395,-0.01198057,-0.021448854,-0.59870875,0.014995095,0.37780166,-0.017975131,0.15674083,0.1698869,-0.12924257,0.08521962,0.17360516,-0.23353295,0.32835653,0.13376611,0.5780985,0.11169635,-0.2437918,0.32300314",""
"./index.ts","router","embeddingsNode2Vec","0.01619292,0.040363554,-0.019007372,-0.08660176,0.015323693,0.14167584,0.033149008,-0.15914613,-0.27130172,-0.07619015,0.2968242,-0.121032365,-0.038043205,-0.2091068,0.008063118,-0.02601494,-0.61385894,0.0012227304,0.366788,-0.012259296,0.153344,0.17189717,-0.13287131,0.10827502,0.1591963,-0.21027327,0.34301665,0.12379395,0.5948615,0.13421297,-0.23904312,0.33516362",""
