"codeUnitName","shortCodeUnitName","propertyName","propertyValue","Source Cypher File: Dependencies_Projection/Dependencies_8_Stream_Mutated.cypher"
"./index.ts","react-router","embeddingsNode2Vec","-0.028147668,0.087893344,-0.1531691,-0.26340783,-0.010310748,0.14276148,-0.105899595,-0.30643815,-0.33530277,-0.046165556,0.23940207,-0.096529394,-0.095950186,-0.10563814,-0.07605314,-0.060661025,-0.5350498,-0.027681798,0.3976303,-0.12024878,0.13692403,0.20821287,-0.16806817,0.22288343,0.058376733,-0.05237515,0.34942833,0.14821766,0.50742686,-5.753654e-05,-0.24212198,0.27991238",""
"./index.tsx","react-router-dom","embeddingsNode2Vec","-0.022114296,0.09448632,-0.13567637,-0.24364863,-0.00012922335,0.15875788,-0.08336993,-0.26968098,-0.33469716,-0.041631274,0.24019583,-0.08996348,-0.07875001,-0.12728463,-0.07035399,-0.065262906,-0.5410922,-0.010694532,0.3858332,-0.10682219,0.14528345,0.21617964,-0.16996597,0.2012539,0.08361619,-0.08071857,0.3434492,0.12546223,0.53927815,0.019206887,-0.23950718,0.3087785",""
"./server.tsx","server","embeddingsNode2Vec","-0.026824066,0.07659987,-0.1552195,-0.25886586,-0.0074879588,0.12819105,-0.104119584,-0.31191823,-0.32616007,-0.049200986,0.23153375,-0.09857887,-0.10598525,-0.104849465,-0.07054096,-0.059431113,-0.54021806,-0.040902592,0.3989632,-0.11937287,0.13031524,0.20346916,-0.16157134,0.22606076,0.05215089,-0.045715753,0.36484566,0.1533388,0.5048293,0.005593544,-0.2343428,0.26954252",""
"./index.tsx","react-router-native","embeddingsNode2Vec","-0.024224674,0.09512802,-0.13853937,-0.25543374,-0.019394744,0.14196369,-0.09282387,-0.28688774,-0.33088166,-0.050953902,0.24808776,-0.098203026,-0.0864816,-0.11592906,-0.078861654,-0.05345492,-0.53879875,-0.018233271,0.40837348,-0.11380984,0.14207749,0.20273879,-0.16521071,0.20927623,0.070660956,-0.07676474,0.35629672,0.15587258,0.51809704,0.00033318537,-0.25090757,0.28077137",""
"./index.ts","router","embeddingsNode2Vec","-0.030287411,0.07736891,-0.15364352,-0.25203973,-0.008541251,0.13471398,-0.10963479,-0.31330138,-0.31910142,-0.049582303,0.23332956,-0.10393219,-0.0980847,-0.1062604,-0.06235307,-0.05123491,-0.53067094,-0.030363513,0.3981703,-0.11108985,0.13738707,0.20641387,-0.16515924,0.23812935,0.048531346,-0.05010853,0.3778802,0.1562308,0.53806275,0.011470552,-0.251377,0.272951",""
