"codeUnitName","shortCodeUnitName","propertyName","propertyValue","Source Cypher File: Dependencies_Projection/Dependencies_8_Stream_Mutated.cypher"
"./index.ts","react-router","embeddingsNode2Vec","0.2186162,-0.10686029,0.35651392,-0.020415183,0.03761994,-0.13101171,0.13340858,-0.24364991,0.12784982,-0.059192646,-0.0697965,0.14367142,0.2803788,0.4507269,0.016571876,-0.26250225,-0.20632368,0.23232463,-0.2525703,-0.26477075,0.24004152,0.4301428,-0.20857455,-0.42524064,-0.19214578,-0.02008119,-0.005465601,0.029961234,-0.113514975,-0.087289095,0.32663545,-0.16170967",""
"./index.tsx","react-router-dom","embeddingsNode2Vec","0.21682903,-0.11572436,0.36090752,-0.01771342,0.030732311,-0.12534559,0.12715918,-0.23989286,0.13155723,-0.061066657,-0.07262937,0.13676676,0.28465727,0.44374582,0.014134515,-0.26257885,-0.20054379,0.23863724,-0.25451982,-0.26341212,0.24169841,0.4335847,-0.21305078,-0.4162498,-0.20635407,-0.022144662,-0.00932795,0.018359136,-0.120196536,-0.09164735,0.32850567,-0.1619708",""
"./server.tsx","server","embeddingsNode2Vec","0.21763617,-0.116544105,0.35505652,-0.022572517,0.037462663,-0.13214092,0.141085,-0.24078017,0.13583569,-0.061428126,-0.070301384,0.13683508,0.29224113,0.44433355,0.027251279,-0.26491085,-0.21043943,0.22944687,-0.25875914,-0.2489265,0.23334709,0.41480783,-0.2145605,-0.41769484,-0.20162535,-0.016406063,-0.013491646,0.026644632,-0.114026934,-0.0937465,0.32298407,-0.14890428",""
"./index.tsx","react-router-native","embeddingsNode2Vec","0.21691686,-0.09602956,0.36059743,-0.017897576,0.0357112,-0.12377648,0.13105223,-0.24085064,0.11603771,-0.063566744,-0.06745552,0.15524937,0.26648426,0.44691488,0.010054314,-0.25713342,-0.20145394,0.23100616,-0.2402409,-0.2727302,0.23627289,0.43127686,-0.19806728,-0.42659268,-0.19179125,-0.027688691,-0.004160856,0.031782035,-0.110961586,-0.08176709,0.327107,-0.17222188",""
"./index.ts","router","embeddingsNode2Vec","0.21282946,-0.12691401,0.35044646,-0.0059522907,0.011198541,-0.12622686,0.12835234,-0.22141242,0.112826854,-0.07603202,-0.07174993,0.15794064,0.28826633,0.4536383,0.040602338,-0.26088652,-0.19878158,0.21181068,-0.24316938,-0.2795499,0.2362433,0.4393198,-0.19689311,-0.4314932,-0.20801754,-0.018760271,-0.028229622,0.03463368,-0.12056057,-0.09282195,0.32688677,-0.17104065",""
