"codeUnitName","shortCodeUnitName","propertyName","propertyValue","Source Cypher File: Dependencies_Projection/Dependencies_8_Stream_Mutated.cypher"
"./index.ts","react-router","embeddingsNode2Vec","0.08672907,0.07888096,0.050068468,0.43451178,0.008973116,0.17058946,0.21245229,-0.45339194,-0.45209873,0.16134693,0.039944287,0.39549464,-0.024921335,0.0050522494,-0.06376227,0.040025923,-0.2700672,0.19622798,-0.1260884,0.07014171,-0.031020975,0.30746853,0.23501785,-0.24975702,-0.065542184,0.11790216,0.16276953,-0.55215776,0.05144808,0.018503254,0.015233055,0.016389137",""
"./index.tsx","react-router-dom","embeddingsNode2Vec","0.075960696,0.053717878,0.022567209,0.3804772,-0.014805022,0.17586233,0.21088904,-0.4469987,-0.4113112,0.14480613,0.04739278,0.3995494,0.0007064527,0.022577142,-0.045153584,0.047167078,-0.25816494,0.2182051,-0.14271006,0.03946541,-0.035459682,0.32257926,0.2359052,-0.28884438,-0.069030255,0.09479904,0.13210973,-0.5512778,0.0033218802,0.0028031731,0.023961835,-0.011247264",""
"./server.tsx","server","embeddingsNode2Vec","0.076069385,0.059362352,0.043157715,0.40482736,0.00031595945,0.1637781,0.21948309,-0.43567127,-0.42933658,0.14279644,0.044712223,0.3943867,-0.00033818925,0.026004568,-0.037935205,0.036711965,-0.2708271,0.19699262,-0.13645564,0.05666741,-0.01734493,0.31959218,0.23107485,-0.27446565,-0.072996855,0.107551344,0.13496967,-0.5464824,0.028307881,0.005535568,0.03640995,0.0065841214",""
"./index.tsx","react-router-native","embeddingsNode2Vec","0.0885701,0.07089826,0.05594081,0.44957486,0.0043841912,0.17302819,0.21851042,-0.45613682,-0.44541425,0.15380685,0.031461082,0.4037616,-0.021895586,-0.0032229805,-0.06708841,0.03300142,-0.28280607,0.20355147,-0.13787991,0.0718001,-0.033757772,0.3093736,0.22586273,-0.25309667,-0.08018438,0.12414972,0.16410346,-0.5578938,0.059017427,0.007268166,0.012029577,0.018696524",""
"./index.ts","router","embeddingsNode2Vec","0.08328866,0.05584773,0.046365093,0.41309354,-0.006716907,0.16289559,0.23337094,-0.44313568,-0.42671517,0.14081006,0.043589834,0.39455938,-0.0006091388,0.037828326,-0.023459757,0.040032893,-0.2779758,0.20213729,-0.15495467,0.050908696,-0.010136302,0.32657567,0.22623117,-0.2878693,-0.07340029,0.10399804,0.12661672,-0.52952397,0.022980586,0.0057025584,0.039196797,0.0146265635",""
