"codeUnitName","shortCodeUnitName","propertyName","propertyValue","Source Cypher File: Dependencies_Projection/Dependencies_8_Stream_Mutated.cypher"
"./index.ts","react-router","embeddingsNode2Vec","0.118039355,-0.07339669,0.12889953,-0.18366802,0.26770645,-0.24262702,0.35040617,-0.34814808,0.37099501,0.05283755,-0.04405313,-0.071085416,0.4057883,0.37422827,0.14844087,-0.31723964,-0.33590287,0.1562173,-0.38126665,0.13952272,0.11748443,0.009471034,-0.26877764,-0.25596002,0.13371612,0.14299239,0.034879267,0.100004286,0.047704987,-0.080818616,0.09700298,0.22165984",""
"./index.tsx","react-router-dom","embeddingsNode2Vec","0.11444825,-0.08156966,0.13642977,-0.17817627,0.25871998,-0.23738013,0.34819382,-0.3458876,0.37164897,0.04570157,-0.04564663,-0.07063883,0.40949988,0.3700523,0.14631853,-0.31628147,-0.3338765,0.1653873,-0.38650492,0.13051315,0.12754343,0.025231428,-0.27476484,-0.26141137,0.11195932,0.13578098,0.027187247,0.0880407,0.03780738,-0.08944927,0.10948632,0.21236737",""
"./server.tsx","server","embeddingsNode2Vec","0.10659049,-0.09113415,0.11867505,-0.17638247,0.2538959,-0.2410197,0.36019826,-0.33078274,0.3682929,0.03589899,-0.043856166,-0.065256394,0.41949266,0.3743292,0.17346941,-0.31701562,-0.34066492,0.14541917,-0.38594595,0.13974045,0.12061462,0.008615303,-0.26563153,-0.26215407,0.121988945,0.143723,0.011383429,0.09905417,0.0417371,-0.09515803,0.10374305,0.22341861",""
"./index.tsx","react-router-native","embeddingsNode2Vec","0.12409142,-0.06057933,0.13880043,-0.17891231,0.2662911,-0.23810236,0.34610343,-0.349747,0.35412943,0.047710437,-0.040334012,-0.050439946,0.3896778,0.38571385,0.13904226,-0.31501096,-0.33667594,0.1597653,-0.37105358,0.11612402,0.12141534,0.025771067,-0.25942412,-0.2755711,0.1328119,0.1316596,0.037747554,0.1060973,0.048981313,-0.07496513,0.1046512,0.19977592",""
"./index.ts","router","embeddingsNode2Vec","0.11060097,-0.10416427,0.11998914,-0.16877419,0.24257475,-0.24200663,0.35798195,-0.32044396,0.35985035,0.026865993,-0.046926275,-0.055918377,0.4293427,0.3862439,0.18787922,-0.31969336,-0.33877632,0.13479346,-0.3844813,0.13107479,0.12149514,0.017742196,-0.26145786,-0.26788884,0.11378478,0.1475724,0.00065807154,0.1042229,0.03545751,-0.100263216,0.11193481,0.21893714",""
