"codeUnitName","shortCodeUnitName","propertyName","propertyValue","Source Cypher File: Dependencies_Projection/Dependencies_8_Stream_Mutated.cypher"
"./index.ts","react-router","embeddingsNode2Vec","-0.090655066,0.31895855,-0.29593197,-0.09200978,0.19446862,0.016739603,0.007866882,0.024464078,-0.11542014,0.13761988,0.11403124,-0.014717383,-0.3247702,-0.17274384,-0.053994745,0.15266323,0.030806655,-0.21413475,0.23790021,0.2317815,-0.2650376,-0.4704275,0.23209676,0.21203059,0.50782514,0.04392085,0.16596615,0.20003372,0.27962902,0.21526706,-0.38252646,0.17425069",""
"./index.tsx","react-router-dom","embeddingsNode2Vec","-0.08706199,0.30837432,-0.29670006,-0.08973871,0.19103011,0.013460185,0.006302642,0.031048039,-0.11484593,0.13369371,0.11045954,-0.0101401275,-0.31601623,-0.16577737,-0.04487115,0.14441988,0.03211322,-0.22844566,0.2373238,0.22348551,-0.2623115,-0.4621826,0.23062643,0.20930713,0.5071953,0.04755414,0.15520637,0.19106169,0.2639009,0.2109168,-0.37829086,0.17142805",""
"./server.tsx","server","embeddingsNode2Vec","-0.075583644,0.29901692,-0.28135115,-0.08915348,0.19345973,0.0048332117,0.02114109,0.018470714,-0.10129998,0.13051113,0.10753817,-0.009270047,-0.3126659,-0.14292873,-0.03715071,0.13645646,0.020025048,-0.22057411,0.2188379,0.23788393,-0.2637084,-0.44873762,0.23553747,0.21323936,0.52974206,0.05126601,0.1545671,0.19701298,0.27311578,0.20899743,-0.37075838,0.18078692",""
"./index.tsx","react-router-native","embeddingsNode2Vec","-0.074315965,0.32887217,-0.28474852,-0.08870842,0.19484106,0.011703278,0.007952548,0.022198318,-0.13076293,0.13676584,0.11758847,0.011595137,-0.33674553,-0.14241669,-0.053234186,0.14080508,0.024807256,-0.22326146,0.24987726,0.20645294,-0.26060763,-0.45425707,0.24361472,0.18858692,0.5209657,0.041800413,0.16599129,0.20904417,0.275611,0.22537933,-0.37470922,0.15641697",""
"./index.ts","router","embeddingsNode2Vec","-0.087793335,0.3093675,-0.30579627,-0.087979525,0.18435663,0.013903203,0.0112588275,0.03931262,-0.13114777,0.13123333,0.11572865,-0.000464903,-0.32554555,-0.15899767,-0.034944437,0.14829433,0.029563291,-0.23013909,0.2484929,0.22235817,-0.26638135,-0.46893016,0.24741018,0.21072243,0.5287576,0.047630824,0.15087073,0.20350777,0.27334845,0.21223886,-0.38065967,0.16662565",""
