"codeUnitName","shortCodeUnitName","propertyName","propertyValue","Source Cypher File: Dependencies_Projection/Dependencies_8_Stream_Mutated.cypher"
"./index.ts","react-router","embeddingsFastRandomProjection","0.32800096,0.23340048,0.4410314,-0.4346412,-0.36242175,0.4410314,0.36242175,0.16230625,0.23340048,-0.06770574,0.5390204,0.26782122,-0.32800096,-0.60672617,0.06770574,0.23340048,0.23340048,0.09460049,0.23340048,0.06770574,0.2602952,0.36242175,0.16230625,-0.06770574,-0.62271696,0.045324706,-0.7357474,-0.06770574,0,0,-0.62271696,0.06770574",""
"./index.tsx","react-router-dom","embeddingsFastRandomProjection","0.37572947,0.2884589,0.43469548,-0.34694216,-0.29538608,0.43469548,0.29538608,0.13461088,0.2884589,-0.047340278,0.6284739,0.2081155,-0.37572947,-0.67581415,0.047340278,0.2884589,0.2884589,0.08727059,0.2884589,0.047340278,0.3283892,0.29538608,0.13461088,-0.047340278,-0.62377524,0.011625715,-0.6827413,-0.047340278,0,0,-0.62377524,0.047340278",""
"./server.tsx","server","embeddingsFastRandomProjection","0.39883783,0.2601247,0.42312735,-0.32117867,-0.27910727,0.42312735,0.27910727,0.19917879,0.2601247,-0.060465634,0.5623208,0.14039408,-0.39883783,-0.6227864,0.060465634,0.2601247,0.2601247,0.13871317,0.2601247,0.060465634,0.33837223,0.27910727,0.19917879,-0.060465634,-0.61747944,-0.03617613,-0.641769,-0.060465634,0,0,-0.61747944,0.060465634",""
"./index.tsx","react-router-native","embeddingsFastRandomProjection","0.31705856,0.16295911,0.52925396,-0.2510834,-0.2510834,0.52925396,0.2510834,0.33724687,0.16295911,-0.18314742,0.32591823,0.09698394,-0.31705856,-0.5090656,0.18314742,0.16295911,0.16295911,0.15409945,0.16295911,0.18314742,0.13391115,0.2510834,0.33724687,-0.18314742,-0.38499454,0.02904796,-0.5971899,-0.18314742,0,0,-0.38499454,0.18314742",""
"./index.ts","router","embeddingsFastRandomProjection","0.3203119,0.23170143,0.48508137,-0.41122752,-0.27116764,0.48508137,0.27116764,0.14527053,0.23170143,-0.05666002,0.6034628,0.1825571,-0.3203119,-0.66012275,0.05666002,0.23170143,0.23170143,0.08861051,0.23170143,0.05666002,0.2636519,0.27116764,0.14527053,-0.05666002,-0.53481954,0.1081094,-0.699589,-0.05666002,0,0,-0.53481954,0.05666002",""
