"codeUnitName","shortCodeUnitName","propertyName","propertyValue","Source Cypher File: Dependencies_Projection/Dependencies_8_Stream_Mutated.cypher"
"/axon-test-4.10.1.jar","axon-test-4.10.1","embeddingsFastRandomProjection","0.74499834,0,-0.1795133,-0.14778708,-0.7259283,0,0.09804343,0.7620984,0.90097797,0.08124101,0.18173847,0.34437394,-0.16350377,0.06096752,0.29038242,-0.019070104",""
"/axon-server-connector-4.10.1.jar","axon-server-connector-4.10.1","embeddingsFastRandomProjection","0.710539,0,-0.17241573,-0.13909224,-0.6840391,0,0.07067591,0.74360865,0.8568239,0.07703774,0.15263928,0.3032142,-0.13324948,0.049488302,0.29995736,-0.026499953",""
"/axon-eventsourcing-4.10.1.jar","axon-eventsourcing-4.10.1","embeddingsFastRandomProjection","0.76925564,0,-0.17703743,-0.14037491,-0.7497126,0,0.11834966,0.7636068,0.9278444,0.078975625,0.20169672,0.36513934,-0.17831606,0.05513806,0.3012026,-0.01954317",""
"/axon-messaging-4.10.1.jar","axon-messaging-4.10.1","embeddingsFastRandomProjection","0.7406601,0,-0.16058469,-0.12941408,-0.72172403,0,0.1429499,0.70452344,0.88709116,0.07312938,0.21828505,0.37095743,-0.1964797,0.046713818,0.2787467,-0.018936131",""
"/axon-modelling-4.10.1.jar","axon-modelling-4.10.1","embeddingsFastRandomProjection","0.7770239,0,-0.1756662,-0.1374008,-0.7539933,0,0.123974666,0.7613159,0.93279827,0.07892373,0.20809476,0.3679149,-0.17410102,0.039717995,0.30691326,-0.023030737",""
"/axon-spring-boot-autoconfigure-4.10.1.jar","axon-spring-boot-autoconfigure-4.10.1","embeddingsFastRandomProjection","0.8318716,0,-0.16526371,-0.13015,-0.81296855,0,0.18682489,0.76920724,1.0001526,0.078751706,0.2609488,0.4428641,-0.24415916,0.050819207,0.3098916,-0.018903174",""
"/axon-disruptor-4.10.1.jar","axon-disruptor-4.10.1","embeddingsFastRandomProjection","0.76815474,0,-0.1784646,-0.14859153,-0.7473844,0,0.11778349,0.7681365,0.9249147,0.082388625,0.20083436,0.36605346,-0.18222341,0.056694686,0.29410428,-0.020770341",""
"/axon-tracing-opentelemetry-4.10.1.jar","axon-tracing-opentelemetry-4.10.1","embeddingsFastRandomProjection","0.6926182,0,-0.17267475,-0.14046797,-0.6656573,0,0.05796349,0.7353669,0.83476704,0.07587504,0.1406479,0.2852171,-0.122582495,0.051773336,0.29611468,-0.026960969",""
"/axon-configuration-4.10.1.jar","axon-configuration-4.10.1","embeddingsFastRandomProjection","0.79158485,0,-0.17740542,-0.14818364,-0.7695119,0,0.13899636,0.77026165,0.94777155,0.080814674,0.221966,0.3852895,-0.20578723,0.05833897,0.29993257,-0.022073016",""
