"codeUnitName","shortCodeUnitName","propertyName","propertyValue","Source Cypher File: Dependencies_Projection/Dependencies_8_Stream_Mutated.cypher"
"/axon-test-4.10.1.jar","axon-test-4.10.1","embeddingsFastRandomProjection","0.6759527,-0.42549536,-0.22258645,0,-0.5844027,0,0.4373641,0.359984,1.0725284,0.21078908,0.12901448,0.17294054,-0.3294531,0.123177364,-0.32608628,0.45809045",""
"/axon-server-connector-4.10.1.jar","axon-server-connector-4.10.1","embeddingsFastRandomProjection","0.6510553,-0.41968536,-0.21747902,0,-0.5526996,0,0.41849893,0.35264158,1.0373286,0.20500062,0.11509183,0.14927323,-0.3121944,0.10953039,-0.31173673,0.45329273",""
"/axon-eventsourcing-4.10.1.jar","axon-eventsourcing-4.10.1","embeddingsFastRandomProjection","0.6959832,-0.42818257,-0.22565706,0,-0.59946954,0,0.45204532,0.36574787,1.092342,0.21208921,0.14297132,0.18102172,-0.3459027,0.119579926,-0.3221054,0.4648571",""
"/axon-messaging-4.10.1.jar","axon-messaging-4.10.1","embeddingsFastRandomProjection","0.68004715,-0.38751215,-0.20325765,0,-0.59144855,0,0.45741498,0.33213383,1.0363281,0.19432497,0.17675446,0.21106933,-0.36318332,0.10809925,-0.29235372,0.41837206",""
"/axon-modelling-4.10.1.jar","axon-modelling-4.10.1","embeddingsFastRandomProjection","0.70799935,-0.42729056,-0.22445767,0,-0.60859436,0,0.4577374,0.36463085,1.0933405,0.21194094,0.14809616,0.17518532,-0.3611943,0.11489605,-0.31772894,0.46506038",""
"/axon-spring-boot-autoconfigure-4.10.1.jar","axon-spring-boot-autoconfigure-4.10.1","embeddingsFastRandomProjection","0.7458974,-0.43599677,-0.22904527,0,-0.6399461,0,0.4972452,0.37914157,1.1479971,0.22349067,0.17601742,0.22001278,-0.3901055,0.120112464,-0.32706392,0.4723806",""
"/axon-disruptor-4.10.1.jar","axon-disruptor-4.10.1","embeddingsFastRandomProjection","0.693786,-0.42990026,-0.22337107,0,-0.5995879,0,0.45287767,0.36289948,1.0916921,0.21401128,0.13981937,0.18305558,-0.34547767,0.12257245,-0.32910162,0.461199",""
"/axon-tracing-opentelemetry-4.10.1.jar","axon-tracing-opentelemetry-4.10.1","embeddingsFastRandomProjection","0.6358861,-0.41674206,-0.21542114,0,-0.539264,0,0.40780008,0.34761512,1.0213907,0.20102915,0.108620346,0.14256875,-0.29920658,0.107804455,-0.30912536,0.449415",""
"/axon-configuration-4.10.1.jar","axon-configuration-4.10.1","embeddingsFastRandomProjection","0.7076801,-0.43536404,-0.22535415,0,-0.6101148,0,0.46805802,0.36580732,1.1129923,0.21417293,0.15371674,0.19686803,-0.35429588,0.11974839,-0.32975832,0.46649227",""
