"name","shortName","pageRank","articleRank","betweenness","costEffectiveLazyForward","harmonicCloseness","closeness","hyperlinkInducedTopicSearchAuthority","hyperlinkInducedTopicSearchHub","incomingDependencies","outgoingDependencies","Source Cypher File: Centrality/Centrality_10_Summary.cypher"
"/axon-disruptor-4.10.0.jar","axon-disruptor-4.10.0",0.12074595346865302,0.12239794295944609,4,1.08,0.25,0.22499999999999998,0.09224955266785499,0.378292069792502,1,3,""
"/axon-messaging-4.10.0.jar","axon-messaging-4.10.0",0.9176442480189039,0.9154313334301729,0,0,1,1,0.6100796914680607,0,8,0,""
"/axon-server-connector-4.10.0.jar","axon-server-connector-4.10.0",0.13210489531777667,0.13386193528278084,0,0.8900000000000006,0.125,0.125,0.11769345992908058,0.428289400496661,1,4,""
"/axon-eventsourcing-4.10.0.jar","axon-eventsourcing-4.10.0",0.15998566096757827,0.16192459245681595,0,0,0.625,0.625,0.48348427483770584,0.266674336474266,5,2,""
"/axon-configuration-4.10.0.jar","axon-configuration-4.10.0",0.13792056203155978,0.13973477229154393,3,0.9799999999999995,0.25,0.25,0.2165688413542787,0.39958890715471723,2,4,""
"/axon-modelling-4.10.0.jar","axon-modelling-4.10.0",0.19357710457741,0.1957677665351467,0,0,0.75,0.75,0.5450490175201722,0.1408436961636691,6,1,""
"/axon-tracing-opentelemetry-4.10.0.jar","axon-tracing-opentelemetry-4.10.0",0.12105792924519639,0.12271284649766082,1,0.8700000000000001,0.125,0.125,0.11769345992908058,0.1408436961636691,1,1,""
"/axon-test-4.10.0.jar","axon-test-4.10.0",0.12105792924519639,0.12271284649766082,1,0,0.125,0.125,0.11769345992908058,0.378292069792502,1,3,""
"/axon-spring-boot-autoconfigure-4.10.0.jar","axon-spring-boot-autoconfigure-4.10.0",0.1204081077115152,0.12205701774559494,0,2.04,0,0,0,0.509801941280377,0,7,""
