"name","shortName","pageRank","articleRank","betweenness","costEffectiveLazyForward","harmonicCloseness","closeness","hyperlinkInducedTopicSearchAuthority","hyperlinkInducedTopicSearchHub","incomingDependencies","outgoingDependencies","Source Cypher File: Centrality/Centrality_10_Summary.cypher"
"/axon-disruptor-4.10.0.jar","axon-disruptor-4.10.0",0.17395170454503717,0.17504638499444206,3,0.9199999999999999,0.2,0.2,0.1675257973717242,0.5083127500357955,1,3,""
"/axon-eventsourcing-4.10.0.jar","axon-eventsourcing-4.10.0",0.2097734733826677,0.21068465635021055,0,0.8100000000000005,0.6,0.6,0.47243772110166316,0.3666166245957466,3,2,""
"/axon-configuration-4.10.0.jar","axon-configuration-4.10.0",0.17352663929029152,0.1746212925876654,0,1.71,0,0,0,0.5585580106036322,0,4,""
"/axon-test-4.10.0.jar","axon-test-4.10.0",0.17352663929029152,0.1746212925876654,0,1.17,0,0,0,0.5083127500357955,0,3,""
"/axon-modelling-4.10.0.jar","axon-modelling-4.10.0",0.26497344271636936,0.26574922909149823,0,0.7299999999999995,0.8,0.8,0.5823953999804578,0.19194138600788554,4,1,""
"/axon-messaging-4.10.0.jar","axon-messaging-4.10.0",0.8917970508580506,0.8907092085895776,0,0,1,1,0.6399635184733874,0,5,0,""
