"name","shortName","pageRank","articleRank","betweenness","costEffectiveLazyForward","harmonicCloseness","closeness","hyperlinkInducedTopicSearchAuthority","hyperlinkInducedTopicSearchHub","incomingDependencies","outgoingDependencies","Source Cypher File: Centrality/Centrality_10_Summary.cypher"
"/axon-test-4.10.0.jar","axon-test-4.10.0",0.1735266392902915,0.17462129258766537,0,1.08,0,0,0,0.5083127500357955,0,3,""
"/axon-modelling-4.10.0.jar","axon-modelling-4.10.0",0.26497344271636936,0.2657492290914982,0,0.9199999999999999,0.8,0.8,0.5823953999804578,0.19194138600788554,4,1,""
"/axon-configuration-4.10.0.jar","axon-configuration-4.10.0",0.1735266392902915,0.17462129258766537,0,1.56,0,0,0,0.5585580106036321,0,4,""
"/axon-disruptor-4.10.0.jar","axon-disruptor-4.10.0",0.17395170454503714,0.17504638499444203,3,0.8900000000000001,0.2,0.2,0.16752579737172418,0.5083127500357955,1,3,""
"/axon-messaging-4.10.0.jar","axon-messaging-4.10.0",0.8917970508580505,0.8907092085895775,0,0,1,1,0.6399635184733874,0,5,0,""
"/axon-eventsourcing-4.10.0.jar","axon-eventsourcing-4.10.0",0.20977347338266766,0.21068465635021055,0,0.8199999999999994,0.6,0.6,0.47243772110166316,0.3666166245957466,3,2,""
