"name","shortName","pageRank","articleRank","betweenness","costEffectiveLazyForward","harmonicCloseness","closeness","hyperlinkInducedTopicSearchAuthority","hyperlinkInducedTopicSearchHub","incomingDependencies","outgoingDependencies","Source Cypher File: Centrality/Centrality_10_Summary.cypher"
"/axon-server-connector-4.10.0.jar","axon-server-connector-4.10.0",0.13210489531777667,0.13386193528278081,0,1.3200000000000003,0.125,0.125,0.1176934599290806,0.4282894004966611,1,4,""
"/axon-modelling-4.10.0.jar","axon-modelling-4.10.0",0.19357710457741,0.19576776653514666,0,0,0.75,0.75,0.5450490175201723,0.1408436961636691,6,1,""
"/axon-tracing-opentelemetry-4.10.0.jar","axon-tracing-opentelemetry-4.10.0",0.12105792924519639,0.1227128464976608,1,0.8999999999999995,0.125,0.125,0.1176934599290806,0.1408436961636691,1,1,""
"/axon-eventsourcing-4.10.0.jar","axon-eventsourcing-4.10.0",0.15998566096757827,0.16192459245681592,0,0,0.625,0.625,0.48348427483770595,0.266674336474266,5,2,""
"/axon-test-4.10.0.jar","axon-test-4.10.0",0.12105792924519639,0.1227128464976608,1,0.9100000000000001,0.125,0.125,0.1176934599290806,0.37829206979250213,1,3,""
"/axon-messaging-4.10.0.jar","axon-messaging-4.10.0",0.9176442480189039,0.9154313334301728,0,0,1,1,0.6100796914680607,0,8,0,""
"/axon-configuration-4.10.0.jar","axon-configuration-4.10.0",0.13792056203155978,0.1397347722915439,3,0,0.25,0.25,0.21656884135427876,0.3995889071547174,2,4,""
"/axon-spring-boot-autoconfigure-4.10.0.jar","axon-spring-boot-autoconfigure-4.10.0",0.1204081077115152,0.12205701774559491,0,1.88,0,0,0,0.5098019412803771,0,7,""
"/axon-disruptor-4.10.0.jar","axon-disruptor-4.10.0",0.12074595346865302,0.12239794295944607,4,0.9199999999999999,0.25,0.22499999999999998,0.092249552667855,0.37829206979250213,1,3,""
