"codeUnitName","shortCodeUnitName","propertyName","propertyValue","Source Cypher File: Dependencies_Projection/Dependencies_8_Stream_Mutated.cypher"
"./index.ts","react-router","embeddingsFastRandomProjection","-0.34687912,-0.28726938,0.34687912,-0.34687912,-0.031603977,-0.36442342,0,0.68329674,-0.28726938,0,-0.014059693,-0.0175443,-0.31527513,0,0.37848312,0.14538175,0.2225358,-0.34687912,0.031603977,0.2190417,-0.36442342,0,-0.031603977,0.031603977,0.14188762,-0.47820124,-0.031603977,-0.20149738,0.14538175,0.2556654,-0.47820124,-0.18743771",""
"./index.tsx","react-router-dom","embeddingsFastRandomProjection","-0.3876922,-0.29472587,0.3876922,-0.3876922,-0.03607074,-0.32536253,0,0.6561591,-0.29472587,0,-0.098400414,0.062329635,-0.35162145,0,0.4237629,0.15047449,0.18111113,-0.3876922,0.03607074,0.17488807,-0.32536253,0,-0.03607074,0.03607074,0.14425138,-0.4397663,-0.03607074,-0.23721771,0.15047449,0.2586551,-0.4397663,-0.13881733",""
"./server.tsx","server","embeddingsFastRandomProjection","-0.41962656,-0.46064717,0.41962656,-0.41962656,-0.0272396,-0.40355867,0,0.89144546,-0.46064717,0,-0.04330748,0.016067881,-0.39238697,0,0.44686612,0.191345,0.13425648,-0.41962656,0.0272396,0.21221367,-0.40355867,0,-0.0272396,0.0272396,0.2693022,-0.56766415,-0.0272396,-0.22828153,0.191345,0.4334076,-0.56766415,-0.18497406",""
"./index.tsx","react-router-native","embeddingsFastRandomProjection","-0.3547818,-0.20835112,0.3547818,-0.3547818,-0.038077973,-0.29903442,0,0.5454635,-0.20835112,0,-0.0938254,0.05574742,-0.31670386,0,0.3928598,0.11505215,0.20573542,-0.3547818,0.038077973,0.18398227,-0.29903442,0,-0.038077973,0.038077973,0.09329898,-0.3760086,-0.038077973,-0.23972967,0.11505215,0.17027314,-0.3760086,-0.1459043",""
"./index.ts","router","embeddingsFastRandomProjection","-0.41312647,-0.44587648,0.41312647,-0.41312647,-0.030985791,-0.39519703,0,0.87205935,-0.44587648,0,-0.048915222,0.017929435,-0.3821407,0,0.44411224,0.2600509,0.20937145,-0.41312647,0.030985791,0.13514616,-0.39519703,0,-0.030985791,0.030985791,0.18582559,-0.62426215,-0.030985791,-0.15307558,0.2600509,0.4148907,-0.62426215,-0.10416036",""
