"codeUnitName","shortCodeUnitName","propertyName","propertyValue","Source Cypher File: Dependencies_Projection/Dependencies_8_Stream_Mutated.cypher"
"./index.ts","react-router","embeddingsFastRandomProjection","0.13052236,-0.3060975,-0.41486868,0.3872497,-0.20347144,0.06304121,-0.045330103,0.5947612,-0.46423888,0.41486868,0,0.30205745,-0.13052236,0.15814134,0.15814134,-0.28434637,-0.28838634,-0.36953858,0.045330103,0,-0.41486868,-0.44248772,-0.17585248,-0.28866372,0.3060975,0,0.23901626,0.15814134,0,0.28838634,0,-0.017711118",""
"./index.tsx","react-router-dom","embeddingsFastRandomProjection","0.13202648,-0.35558727,-0.3742863,0.34468874,-0.21282743,0.072809085,-0.05120335,0.6492379,-0.5172114,0.3742863,0,0.26386556,-0.13202648,0.16162407,0.16162407,-0.24225985,-0.3339815,-0.32308292,0.05120335,0,-0.3742863,-0.40388396,-0.18322983,-0.29365057,0.35558727,0,0.19105648,0.16162407,0,0.3339815,0,-0.021605738",""
"./server.tsx","server","embeddingsFastRandomProjection","0.18837911,-0.2427025,-0.45637572,0.36082932,-0.3233835,-0.0166305,-0.03945797,0.7150072,-0.526628,0.45637572,0,0.21190818,-0.18837911,0.28392553,0.28392553,-0.2679966,-0.29879093,-0.41691774,0.03945797,0,-0.45637572,-0.5519222,-0.22783709,-0.47230467,0.2427025,0,0.22853866,0.28392553,0,0.29879093,0,0.056088448",""
"./index.tsx","react-router-native","embeddingsFastRandomProjection","0.089158416,-0.35593605,-0.3434044,0.32407442,-0.15951529,0.082723774,-0.05102688,0.5535829,-0.46442443,0.3434044,0,0.2859429,-0.089158416,0.10848841,0.10848841,-0.25424606,-0.32423916,-0.29237753,0.05102688,0,-0.3434044,-0.36273447,-0.1401853,-0.19764683,0.35593605,0,0.20321916,0.10848841,0,0.32423916,0,-0.031696893",""
"./index.ts","router","embeddingsFastRandomProjection","0.2565569,-0.33138213,-0.452653,0.5032009,-0.25084367,0.14021733,-0.04483472,0.79394805,-0.53739107,0.452653,0,0.29147872,-0.2565569,0.20600897,0.20600897,-0.19609608,-0.23599946,-0.40781823,0.04483472,0,-0.452653,-0.4021051,-0.30139163,-0.4625659,0.33138213,0,0.15126134,0.20600897,0,0.23599946,0,-0.09538263",""
