"codeUnitName","shortCodeUnitName","propertyName","propertyValue","Source Cypher File: Dependencies_Projection/Dependencies_8_Stream_Mutated.cypher"
"./index.ts","react-router","embeddingsNode2Vec","-0.06269136,0.16990136,0.2925975,0.0704759,-0.0975831,0.13226977,-0.10551511,0.20837615,0.04039097,-0.26237506,0.35534006,-0.17606772,0.16006549,0.5119922,0.29265806,0.21949668,0.086583376,-0.0879147,0.42126554,-0.08075771,-0.34629428,0.061846193,0.16619238,-0.035302993,-0.12382733,-0.1275901,-0.2897219,-0.086655125,0.21481848,-0.25922793,0.42203042,-0.023154374",""
"./index.tsx","react-router-dom","embeddingsNode2Vec","-0.06282542,0.18227556,0.28273568,0.06898885,-0.12881781,0.11558143,-0.10656279,0.20925699,0.044492476,-0.2522793,0.33992293,-0.15068248,0.15273674,0.51719326,0.2662202,0.20427926,0.0685675,-0.094186276,0.37765375,-0.059668373,-0.32499,0.07468034,0.16093796,-0.024071997,-0.11137006,-0.12463865,-0.26600692,-0.07832659,0.23443115,-0.28060517,0.39287755,-0.036073066",""
"./server.tsx","server","embeddingsNode2Vec","-0.062308997,0.19896494,0.29033297,0.07797093,-0.10073409,0.12570529,-0.12447157,0.20600218,0.05489908,-0.25958335,0.34859714,-0.16096613,0.16264743,0.5119219,0.2717653,0.21939251,0.06057298,-0.1157747,0.39391774,-0.056731395,-0.34308147,0.06563723,0.1794819,-0.022145856,-0.10062816,-0.15403983,-0.29990098,-0.08207903,0.21610184,-0.27094665,0.4075283,-0.03418358",""
"./index.tsx","react-router-native","embeddingsNode2Vec","-0.06282028,0.17736943,0.28407905,0.08075256,-0.096477166,0.10624624,-0.1093849,0.18623787,0.03762923,-0.24844769,0.32530734,-0.1669782,0.15164238,0.48053128,0.26387185,0.21636656,0.06877564,-0.0935001,0.3919272,-0.07243593,-0.32946348,0.06213781,0.150548,-0.035916414,-0.11530774,-0.13579755,-0.26835942,-0.087693065,0.21573976,-0.26256835,0.38865831,-0.03583437",""
"./index.ts","router","embeddingsNode2Vec","-0.06591086,0.1720014,0.286894,0.057369795,-0.11220148,0.13250417,-0.106490605,0.2152131,0.055877987,-0.25016493,0.36206433,-0.15077327,0.14317149,0.4931101,0.26334935,0.20092995,0.0688304,-0.10189913,0.37958503,-0.05864173,-0.3391947,0.073609345,0.18078008,-0.022559393,-0.10057951,-0.12760995,-0.29160404,-0.06866038,0.22560212,-0.27311552,0.40902263,-0.025909709",""
