"codeUnitName","shortCodeUnitName","propertyName","propertyValue","Source Cypher File: Dependencies_Projection/Dependencies_8_Stream_Mutated.cypher"
"./index.ts","react-router","embeddingsNode2Vec","-0.022828897,0.12653601,-0.35158828,0.23289847,0.07044308,0.30763927,0.023809046,0.3621755,-0.088749595,-0.089618206,-0.07334347,-0.21287353,0.08046978,-0.3425277,-0.21813685,0.23485301,-0.3503804,-0.36244646,0.1891963,0.23322348,0.36540002,-0.034747027,-0.14782909,-0.09613048,-0.33442628,-0.018121049,-0.032400645,0.12018436,0.081127055,-0.007143208,-0.46347377,0.020408086",""
"./index.tsx","react-router-dom","embeddingsNode2Vec","-0.024424963,0.12963878,-0.36506006,0.23691238,0.0854078,0.31494808,0.022708151,0.36270165,-0.07630681,-0.086100094,-0.07359733,-0.1968247,0.062756374,-0.34675357,-0.22032867,0.22978118,-0.33411184,-0.36141416,0.16666432,0.22391099,0.34833047,-0.04017709,-0.14420573,-0.07845893,-0.31776696,-0.02262889,-0.034700613,0.10781961,0.06246132,0.010004173,-0.482362,0.023160039",""
"./server.tsx","server","embeddingsNode2Vec","-0.019469436,0.13884076,-0.34903792,0.22976816,0.061624784,0.29994696,0.037133787,0.349471,-0.0774493,-0.08437012,-0.07439383,-0.1825819,0.076672606,-0.342199,-0.21391065,0.2279514,-0.33596304,-0.3612452,0.17810957,0.21721905,0.34364352,-0.032053176,-0.14270818,-0.088363275,-0.31449994,-0.020665396,-0.033459824,0.10815075,0.07350977,0.012012423,-0.46872464,0.03237991",""
"./index.tsx","react-router-native","embeddingsNode2Vec","-0.02112337,0.14102033,-0.34801614,0.2327299,0.057032034,0.29423636,0.042653065,0.34926277,-0.07584846,-0.08594533,-0.07313297,-0.18420763,0.0779416,-0.3438845,-0.21027541,0.22782788,-0.33104795,-0.35403165,0.17482314,0.21337484,0.34223902,-0.02911412,-0.13950212,-0.091440454,-0.3213685,-0.015915982,-0.034633737,0.10417899,0.08150311,0.0129855545,-0.4737389,0.038949687",""
"./index.ts","router","embeddingsNode2Vec","-0.02369088,0.12848268,-0.35500333,0.23014104,0.059379973,0.31811434,0.033382908,0.3766025,-0.083438694,-0.094899684,-0.061669357,-0.1845899,0.06934095,-0.34472382,-0.2329006,0.22563238,-0.3291773,-0.35835972,0.197208,0.23121788,0.35981807,-0.030434389,-0.16217105,-0.094530135,-0.32881564,-0.016456975,-0.04078492,0.116786785,0.0733292,0.01461134,-0.4992627,0.015602846",""
