"codeUnitName","shortCodeUnitName","propertyName","propertyValue","Source Cypher File: Dependencies_Projection/Dependencies_8_Stream_Mutated.cypher"
"./index.ts","react-router","embeddingsNode2Vec","0.005017221,-0.010242375,-0.0397249,0.06713766,0.56680983,0.13529918,-0.13002114,-0.23025559,0.15703832,-0.05500596,-0.29669914,-0.03402854,-0.09415795,-0.30518892,-0.03688054,0.12884763,-0.14733861,-0.23137811,0.0049847695,-0.15746748,-0.37272912,-0.287294,0.10272345,-0.07624725,0.31267694,-0.39744037,-0.14192142,0.03771523,-0.45600292,0.3006639,0.14325646,0.12849417",""
"./index.tsx","react-router-dom","embeddingsNode2Vec","0.009854228,0.016457796,-0.041706722,0.07158697,0.5433066,0.12805465,-0.13780995,-0.2321601,0.15980664,-0.047229,-0.2906588,-0.019219585,-0.080984436,-0.2906214,-0.043119196,0.1274013,-0.16645135,-0.2563354,-0.008639028,-0.12943248,-0.35710558,-0.27285203,0.11181954,-0.05933336,0.3346985,-0.41722396,-0.1437105,0.04142458,-0.45324558,0.28484574,0.14816009,0.1215724",""
"./server.tsx","server","embeddingsNode2Vec","0.003471012,0.006777209,-0.03232828,0.06730703,0.55427116,0.1360941,-0.13651448,-0.21995975,0.16732033,-0.05355093,-0.28620526,-0.023691803,-0.09069402,-0.28851485,-0.04194118,0.12782426,-0.16363902,-0.24642256,-0.0043183914,-0.13976754,-0.36493975,-0.26981834,0.11711076,-0.066113435,0.32443777,-0.41018912,-0.15059526,0.043948226,-0.43750057,0.29060075,0.1558033,0.12220067",""
"./index.tsx","react-router-native","embeddingsNode2Vec","0.007286074,0.0159969,-0.02898332,0.084619425,0.55454934,0.12146819,-0.14045247,-0.2330053,0.15042861,-0.06047807,-0.2907305,-0.040868953,-0.07589367,-0.27688676,-0.026389986,0.14676975,-0.15651365,-0.24447115,0.01959454,-0.14760146,-0.37570405,-0.28477323,0.10095741,-0.074399926,0.3023914,-0.41894963,-0.14923072,0.024762794,-0.44172338,0.2759349,0.15315062,0.115784794",""
"./index.ts","router","embeddingsNode2Vec","0.0071389293,0.017836148,-0.033603467,0.067522906,0.54201794,0.14557461,-0.14084315,-0.22368278,0.17212875,-0.059050083,-0.2757902,-0.02163387,-0.08207716,-0.28739232,-0.033608973,0.13321404,-0.16203466,-0.25622284,0.0046116556,-0.13226971,-0.37258095,-0.2765482,0.12599282,-0.059484046,0.32394186,-0.4095619,-0.15324277,0.043411486,-0.4488658,0.279133,0.16397539,0.12435412",""
