"name","shortName","pageRank","articleRank","betweenness","costEffectiveLazyForward","harmonicCloseness","closeness","hyperlinkInducedTopicSearchAuthority","hyperlinkInducedTopicSearchHub","incomingDependencies","outgoingDependencies","Source Cypher File: Centrality/Centrality_10_Summary.cypher"
"/axon-configuration-4.8.2.jar","axon-configuration-4.8.2",0.1735377494244865,0.17465107854062875,0,1.71,0,0,0,0.5585580106036322,0,4,""
"/axon-test-4.8.2.jar","axon-test-4.8.2",0.1735377494244865,0.17465107854062875,0,1.17,0,0,0,0.5083127500357955,0,3,""
"/axon-disruptor-4.8.2.jar","axon-disruptor-4.8.2",0.17400307146553007,0.17511620673935313,3,0.9199999999999999,0.2,0.2,0.1675257973717242,0.5083127500357955,1,3,""
"/axon-eventsourcing-4.8.2.jar","axon-eventsourcing-4.8.2",0.211128417938286,0.21204608547885384,1,0.8100000000000005,0.6,0.6,0.47243772110166316,0.3666166245957466,3,2,""
"/axon-modelling-4.8.2.jar","axon-modelling-4.8.2",0.2636997924507219,0.2644914701345652,0,0.7299999999999995,0.8,0.8,0.5823953999804578,0.19194138600788554,4,1,""
"/axon-messaging-4.8.2.jar","axon-messaging-4.8.2",0.8918404794413924,0.8907351096288737,0,0,1,1,0.6399635184733874,0,5,0,""
