"name","shortName","pageRank","articleRank","betweenness","costEffectiveLazyForward","harmonicCloseness","closeness","hyperlinkInducedTopicSearchAuthority","hyperlinkInducedTopicSearchHub","incomingDependencies","outgoingDependencies","Source Cypher File: Centrality/Centrality_10_Summary.cypher"
"/axon-disruptor-4.8.2.jar","axon-disruptor-4.8.2",0.17400307146553007,0.17456107066805165,3,0.9199999999999999,0.2,0.2,0.1675257973717242,0.5083127500357955,1,3,""
"/axon-test-4.8.2.jar","axon-test-4.8.2",0.1735377494244865,0.1740958420620697,0,1.1800000000000002,0,0,0,0.5083127500357955,0,3,""
"/axon-messaging-4.8.2.jar","axon-messaging-4.8.2",0.8918404794413924,0.8912873365105317,0,0.8100000000000005,1,1,0.6399635184733875,0,5,0,""
"/axon-modelling-4.8.2.jar","axon-modelling-4.8.2",0.2636997924507219,0.2640966064645834,0,0,0.8,0.8,0.5823953999804579,0.19194138600788557,4,1,""
"/axon-eventsourcing-4.8.2.jar","axon-eventsourcing-4.8.2",0.211128417938286,0.21158821893119342,1,0.8199999999999998,0.6,0.6,0.4724377211016632,0.36661662459574657,3,2,""
"/axon-configuration-4.8.2.jar","axon-configuration-4.8.2",0.1735377494244865,0.1740958420620697,0,1.46,0,0,0,0.5585580106036322,0,4,""
