"codeUnitName","communityId","centrality","artifactName","embedding","Source Cypher File: Dependencies_Projection/Dependencies_8_Stream_Mutated.cypher"
"/axon-disruptor-4.8.0.jar",1,0.17400307146553004,,"0.7556493282318115,0,0,-0.01923081837594509,-0.7556493282318115,0,0,-0.01923081837594509,0.01923081837594509,0.7556493282318115,0.7556493282318115,-0.7556493282318115,-0.7556493282318115,0.7556493282318115,0.01923081837594509,0",""
"/axon-eventsourcing-4.8.0.jar",0,0.21112841793828596,,"0.37796449661254883,0,0,0,-0.37796449661254883,0,0,0,0,0.37796449661254883,0.37796449661254883,-0.37796449661254883,-0.37796449661254883,0.37796449661254883,0,0",""
"/axon-configuration-4.8.0.jar",0,0.17353774942448646,,"0.7555264234542847,-0.0008512100903317332,0.0008512100903317332,-0.020525677129626274,-0.7555264234542847,0,0,-0.01967446878552437,0.01967446878552437,0.7555264234542847,0.7555264234542847,-0.756377637386322,-0.7555264234542847,0.7555264234542847,0.01967446878552437,0",""
"/axon-test-4.8.0.jar",0,0.17353774942448646,,"0.7558819055557251,0,0,-0.00788695365190506,-0.7558819055557251,0,0,-0.00788695365190506,0.00788695365190506,0.7558819055557251,0.7558819055557251,-0.7558819055557251,-0.7558819055557251,0.7558819055557251,0.00788695365190506,0",""
"/axon-messaging-4.8.0.jar",0,0.8918404794413923,,"0,0,0,0,0,0,0,0,0,0,0,0,0,0,0,0",""
"/axon-modelling-4.8.0.jar",0,0.2636997924507219,,"0,0,0,0,0,0,0,0,0,0,0,0,0,0,0,0",""
