"codeUnitName","communityId","centrality","artifactName","embedding","Source Cypher File: Dependencies_Projection/Dependencies_8_Stream_Mutated.cypher"
"/axon-configuration-4.8.0.jar",0,0.17353774942448646,,"-0.3861452341079712,-0.3861452341079712,-0.36885982751846313,-0.47033706307411194,-0.7237777709960938,-0.07544806599617004,0.07544806599617004,-0.9384080767631531,0.18566906452178955,-0.5522629022598267,0.2534406781196594,0.2446969449520111,0.13270451128482819,0.6838067173957825,-0.2534406781196594,-0.10147720575332642",""
"/axon-test-4.8.0.jar",0,0.17353774942448646,,"-0.3831559419631958,-0.3831559419631958,-0.36888977885246277,-0.47035419940948486,-0.7238619327545166,-0.07693721354007721,0.07693721354007721,-0.9403879046440125,0.18866266310214996,-0.5572320222854614,0.25350770354270935,0.24324668943881989,0.12964825332164764,0.6854170560836792,-0.25350770354270935,-0.10146442800760269",""
"/axon-messaging-4.8.0.jar",0,0.8918404794413923,,"-0.32508596777915955,-0.32508596777915955,-0.4226534962654114,-0.5051286220550537,-0.7094781398773193,-0.06641335040330887,0.06641335040330887,-0.8826048374176025,0.2625178396701813,-0.5575189590454102,0.20434948801994324,0.09072014689445496,0.1207364946603775,0.5575875043869019,-0.20434948801994324,-0.08247513324022293",""
"/axon-modelling-4.8.0.jar",0,0.2636997924507219,,"-0.4163329005241394,-0.4163329005241394,-0.4051458239555359,-0.5069724321365356,-0.7629865407943726,-0.08757643401622772,0.08757643401622772,-0.9781097769737244,0.19246622920036316,-0.561776876449585,0.2560140788555145,0.25295087695121765,0.16031882166862488,0.7014312744140625,-0.2560140788555145,-0.10182663798332214",""
"/axon-disruptor-4.8.0.jar",1,0.17400307146553004,,"-0.3975970149040222,-0.3975970149040222,-0.3887350857257843,-0.49411821365356445,-0.756800651550293,-0.07631832361221313,0.07631832361221313,-0.9791895151138306,0.20190434157848358,-0.5815925598144531,0.2626824975013733,0.24247965216636658,0.13491451740264893,0.7070664763450623,-0.2626824975013733,-0.10538314282894135",""
"/axon-eventsourcing-4.8.0.jar",0,0.21112841793828596,,"-0.3910849988460541,-0.3910849988460541,-0.3761292099952698,-0.474820077419281,-0.7227405309677124,-0.08502189069986343,0.08502189069986343,-0.9336316585540771,0.18242591619491577,-0.5425466299057007,0.2479204684495926,0.2492072731256485,0.1431645154953003,0.679553747177124,-0.2479204684495926,-0.09869083762168884",""
