"codeUnitName","communityId","centrality","artifactName","embedding","Source Cypher File: Dependencies_Projection/Dependencies_8_Stream_Mutated.cypher"
"/axon-configuration-4.8.0.jar",0,0.17353774942448646,,"0.3013118803501129,-0.10885551571846008,-1.408634066581726,0,-0.40357068181037903,-0.0743502750992775,0.027486644685268402,-0.22696161270141602,0.22540871798992157,0,-0.40357068181037903,-0.608807384967804,-0.44228482246398926,0.3013118803501129,0,0.34157881140708923",""
"/axon-test-4.8.0.jar",0,0.17353774942448646,,"0.30618205666542053,-0.10882490873336792,-1.4076449871063232,0,-0.3988385796546936,-0.07646340131759644,0.022757144644856453,-0.2297186255455017,0.23388639092445374,0,-0.3988385796546936,-0.6109764575958252,-0.4405442476272583,0.30618205666542053,0,0.3437199592590332",""
"/axon-messaging-4.8.0.jar",0,0.8918404794413923,,"0.2533838152885437,-0.0900564044713974,-1.3507252931594849,0,-0.34745854139328003,-0.06758789718151093,0.038855165243148804,-0.1857958883047104,0.3472049832344055,0,-0.34745854139328003,-0.5046818852424622,-0.5416187047958374,0.2533838152885437,0,0.28613486886024475",""
"/axon-modelling-4.8.0.jar",0,0.2636997924507219,,"0.30881211161613464,-0.10608019679784775,-1.4556362628936768,0,-0.43223005533218384,-0.08819881826639175,0.06343549489974976,-0.2206132709980011,0.22238177061080933,0,-0.43223005533218384,-0.613627552986145,-0.4760996103286743,0.30881211161613464,0,0.3509131669998169",""
"/axon-disruptor-4.8.0.jar",1,0.17400307146553004,,"0.3072114884853363,-0.1122533529996872,-1.4559826850891113,0,-0.4114975035190582,-0.07386825978755951,0.024395722895860672,-0.233343243598938,0.2458859086036682,0,-0.4114975035190582,-0.623565137386322,-0.4655454158782959,0.3072114884853363,0,0.348716676235199",""
"/axon-eventsourcing-4.8.0.jar",0,0.21112841793828596,,"0.30807530879974365,-0.10451154410839081,-1.3993744850158691,0,-0.40829959511756897,-0.08715472370386124,0.04527465999126434,-0.2209206074476242,0.2197505086660385,0,-0.40829959511756897,-0.6041815280914307,-0.4447222650051117,0.30807530879974365,0,0.34566813707351685",""
