"codeUnitName","shortCodeUnitName","propertyName","propertyValue","Source Cypher File: Dependencies_Projection/Dependencies_8_Stream_Mutated.cypher"
"react-router-6.28.2/About","About","embeddingsFastRandomProjection","0,0,0,0,0,0,0,0,0,0,0,0,0,0,0,0,0,0,0,0,0,0,0,0,0,0,0,0,0,0,0,0",""
"react-router-6.28.2/react-router","react-router","embeddingsFastRandomProjection","-0.20673156,-0.20673156,0.052733064,-0.25946465,0,-0.019706935,0.2737953,0,0,-0.34623533,-0.2791716,-0.2791716,0.48052686,-0.014330658,-0.2791716,0,-0.46619624,-0.2737953,0.5529669,-0.014330658,0,0.014330658,0.20673156,-0.5002338,-0.29350224,-0.2737953,0.2737953,0.2791716,0,-0.25946465,0,0.5529669",""
"react-router-6.28.2/react-router-dom","react-router-dom","embeddingsFastRandomProjection","-0.20059149,-0.20059149,0.10370052,-0.30429205,0,0.033550844,0.31797683,0,0,-0.38812652,-0.27074116,-0.27074116,0.5185684,-0.013684793,-0.27074116,0,-0.5048836,-0.31797683,0.58871806,-0.013684793,0,0.013684793,0.20059149,-0.4850175,-0.28442597,-0.31797683,0.31797683,0.27074116,0,-0.30429205,0,0.58871806",""
"react-router-6.28.2/server","server","embeddingsFastRandomProjection","-0.21884769,-0.21884769,0.0844987,-0.3033464,0,0.0143904835,0.31821835,0,0,-0.3883266,-0.28895593,-0.28895593,0.5370661,-0.014871948,-0.28895593,0,-0.52219415,-0.31821835,0.6071743,-0.014871948,0,0.014871948,0.21884769,-0.5226755,-0.30382785,-0.31821835,0.31821835,0.28895593,0,-0.3033464,0,0.6071743",""
"react-router-6.28.2/react-router-native","react-router-native","embeddingsFastRandomProjection","-0.21108949,-0.21108949,0.08371954,-0.29480904,0,0.004041478,0.3094745,0,0,-0.3891526,-0.29076755,-0.29076755,0.5205641,-0.014665448,-0.29076755,0,-0.5058986,-0.3094745,0.600242,-0.014665448,0,0.014665448,0.21108949,-0.5165225,-0.305433,-0.3094745,0.3094745,0.29076755,0,-0.29480904,0,0.600242",""
"react-router-6.28.2/App","App","embeddingsFastRandomProjection","0,0,0,0,0,0,0,0,0,0,0,0,0,0,0,0,0,0,0,0,0,0,0,0,0,0,0,0,0,0,0,0",""
