"codeUnitName","shortCodeUnitName","propertyName","propertyValue","Source Cypher File: Dependencies_Projection/Dependencies_8_Stream_Mutated.cypher"
"axon-server-connector-4.10.3","axon-server-connector-4.10.3","embeddingsNode2Vec","0.3085223,0.24605805,0.15807419,-0.13209583,0.33636966,0.56746197,-0.4645013,-0.56123245,0.17662871,0.34753355,0.1301341,0.10271888,-0.17077266,0.27831608,-0.1357281,0.1588393",""
"axon-configuration-4.10.3","axon-configuration-4.10.3","embeddingsNode2Vec","0.24336696,0.25566104,0.17586488,-0.14381552,0.36859554,0.57220966,-0.51402044,-0.54416525,0.13952959,0.28536004,0.18241605,0.16980533,-0.14020361,0.26206213,-0.16243553,0.070678525",""
"axon-disruptor-4.10.3","axon-disruptor-4.10.3","embeddingsNode2Vec","0.21165031,0.25958398,0.18966019,-0.14526272,0.38550672,0.5688371,-0.53747386,-0.5614579,0.10060772,0.23733118,0.21576238,0.17333665,-0.12594192,0.26212817,-0.18234953,0.04316141",""
"axon-messaging-4.10.3","axon-messaging-4.10.3","embeddingsNode2Vec","0.24390015,0.26151434,0.16728358,-0.1569345,0.3465416,0.5465529,-0.49144453,-0.54811233,0.15258946,0.2894079,0.17136924,0.16140074,-0.1510589,0.25372013,-0.15408595,0.078983136",""
"axon-eventsourcing-4.10.3","axon-eventsourcing-4.10.3","embeddingsNode2Vec","0.30109516,0.24658409,0.15969495,-0.14874427,0.33698985,0.5409982,-0.45779246,-0.5432924,0.1724809,0.30470738,0.14317082,0.13648336,-0.1783464,0.25136584,-0.16059364,0.12595282",""
"axon-modelling-4.10.3","axon-modelling-4.10.3","embeddingsNode2Vec","0.23533468,0.24254271,0.1612035,-0.14392729,0.34260833,0.5331516,-0.51843846,-0.54706985,0.13436772,0.27504033,0.15467471,0.17076327,-0.1425248,0.27919447,-0.1722602,0.092495024",""
"axon-spring-boot-autoconfigure-4.10.3","axon-spring-boot-autoconfigure-4.10.3","embeddingsNode2Vec","0.27325726,0.25443017,0.17846653,-0.1383226,0.34921828,0.5394236,-0.49078563,-0.55970013,0.1512827,0.3017652,0.19018586,0.17126724,-0.1547004,0.26448557,-0.15168607,0.08398821",""
"axon-test-4.10.3","axon-test-4.10.3","embeddingsNode2Vec","0.24113084,0.22623296,0.20048642,-0.15431508,0.38049102,0.56393117,-0.5242295,-0.538154,0.10721098,0.26090133,0.21457553,0.14036913,-0.14048137,0.23623224,-0.15290749,0.035638936",""
"axon-tracing-opentelemetry-4.10.3","axon-tracing-opentelemetry-4.10.3","embeddingsNode2Vec","0.21688338,0.23472172,0.1860979,-0.1112855,0.3778118,0.5760352,-0.5445586,-0.5872715,0.113070704,0.28190988,0.21440658,0.1829085,-0.107339,0.27294403,-0.15040085,0.04161998",""
