"codeUnitName","shortCodeUnitName","propertyName","propertyValue","Source Cypher File: Dependencies_Projection/Dependencies_8_Stream_Mutated.cypher"
"axon-server-connector-4.10.3","axon-server-connector-4.10.3","embeddingsNode2Vec","0.11356268,-0.45192066,0.45165062,0.25929907,0.45960692,0.4122025,0.25301585,-0.1165373,0.19477905,0.35396937,0.5194917,0.060348295,-0.025954373,-0.32294428,0.214626,-0.10403129",""
"axon-configuration-4.10.3","axon-configuration-4.10.3","embeddingsNode2Vec","0.055459324,-0.43307,0.4116743,0.23647296,0.44465864,0.43392906,0.2889382,-0.05009707,0.22078751,0.33465517,0.5087116,0.083105065,-0.007993126,-0.36512017,0.23421575,-0.18273923",""
"axon-disruptor-4.10.3","axon-disruptor-4.10.3","embeddingsNode2Vec","0.042578705,-0.44261792,0.44889587,0.22056758,0.48292285,0.43524486,0.21278185,-0.0860339,0.16789517,0.29834178,0.53962505,0.085027605,-0.016794557,-0.33085254,0.18985662,-0.16439657",""
"axon-messaging-4.10.3","axon-messaging-4.10.3","embeddingsNode2Vec","0.025358144,-0.45159763,0.4160572,0.19765714,0.45048591,0.46318495,0.25564998,-0.014515137,0.22260651,0.3446719,0.5253486,0.07243515,-0.012858525,-0.3836808,0.24814092,-0.22832783",""
"axon-eventsourcing-4.10.3","axon-eventsourcing-4.10.3","embeddingsNode2Vec","0.10410631,-0.4350208,0.43684316,0.2461353,0.46353433,0.4264266,0.24444641,-0.10460824,0.1902058,0.334892,0.5105725,0.060767088,-0.018781448,-0.32736492,0.21178852,-0.13380098",""
"axon-modelling-4.10.3","axon-modelling-4.10.3","embeddingsNode2Vec","0.049898975,-0.50093174,0.47287413,0.22578816,0.4981351,0.4188065,0.1878458,-0.09874522,0.17499414,0.3235992,0.5484406,0.10965803,-0.031133978,-0.3202217,0.18583408,-0.14594373",""
"axon-spring-boot-autoconfigure-4.10.3","axon-spring-boot-autoconfigure-4.10.3","embeddingsNode2Vec","0.11563656,-0.42639714,0.43839288,0.24884166,0.44096014,0.40100896,0.28655648,-0.09886197,0.21147332,0.34976017,0.5292712,0.07814276,-0.025489556,-0.3534737,0.22461471,-0.14185083",""
"axon-test-4.10.3","axon-test-4.10.3","embeddingsNode2Vec","0.08265921,-0.47295198,0.46121764,0.21890484,0.47979563,0.4085102,0.22582196,-0.07483892,0.16703947,0.3016734,0.53657746,0.06728112,-0.032110415,-0.34689254,0.19607839,-0.15737869",""
"axon-tracing-opentelemetry-4.10.3","axon-tracing-opentelemetry-4.10.3","embeddingsNode2Vec","0.05468661,-0.4747379,0.45219412,0.25595796,0.4765816,0.4131918,0.179344,-0.12239169,0.15480344,0.31835777,0.5348362,0.09520111,0.0003135588,-0.29918844,0.19681382,-0.1463714",""
