"codeUnitName","shortCodeUnitName","propertyName","propertyValue","Source Cypher File: Dependencies_Projection/Dependencies_8_Stream_Mutated.cypher"
"axon-server-connector-4.10.3","axon-server-connector-4.10.3","embeddingsNode2Vec","0.23575589,-0.34010014,0.32988805,0.4095291,0.17970116,0.12671891,0.27008805,-0.25943035,0.15062425,0.39589363,0.55046976,0.21580686,0.15198193,-0.31961486,0.3634015,-0.36751294",""
"axon-configuration-4.10.3","axon-configuration-4.10.3","embeddingsNode2Vec","0.19137876,-0.32679808,0.32617655,0.365991,0.21087164,0.12257338,0.23472944,-0.22446147,0.13748854,0.36414048,0.59845185,0.23851745,0.15517756,-0.36646745,0.36776626,-0.41699237",""
"axon-disruptor-4.10.3","axon-disruptor-4.10.3","embeddingsNode2Vec","0.20486154,-0.30040908,0.3382654,0.3733376,0.21457174,0.12942594,0.19882338,-0.27683422,0.12529585,0.36964872,0.6156729,0.25347415,0.14961289,-0.32896513,0.3438796,-0.3994775",""
"axon-messaging-4.10.3","axon-messaging-4.10.3","embeddingsNode2Vec","0.21252668,-0.30787838,0.31792712,0.41360664,0.19068936,0.109251276,0.22656229,-0.26012355,0.12691005,0.38522547,0.6013074,0.23225464,0.1628625,-0.3102119,0.34415704,-0.37653184",""
"axon-eventsourcing-4.10.3","axon-eventsourcing-4.10.3","embeddingsNode2Vec","0.24450873,-0.31209168,0.33080897,0.40572107,0.18362093,0.13159503,0.2538077,-0.2823422,0.14699984,0.3705353,0.5743874,0.23495154,0.15568729,-0.320635,0.35156053,-0.36629483",""
"axon-modelling-4.10.3","axon-modelling-4.10.3","embeddingsNode2Vec","0.21458538,-0.35045874,0.34933358,0.41067785,0.19000751,0.096437685,0.23517363,-0.25830817,0.12249809,0.34838432,0.5952225,0.24028942,0.15768276,-0.3287144,0.3478746,-0.37684694",""
"axon-spring-boot-autoconfigure-4.10.3","axon-spring-boot-autoconfigure-4.10.3","embeddingsNode2Vec","0.24693975,-0.32335025,0.3337401,0.4130348,0.17949206,0.10409923,0.25729012,-0.2747875,0.13127498,0.35855603,0.5600084,0.23777346,0.15561739,-0.32628122,0.35116327,-0.38030276",""
"axon-test-4.10.3","axon-test-4.10.3","embeddingsNode2Vec","0.24035065,-0.35619032,0.3441899,0.37625372,0.19877008,0.0862517,0.25083452,-0.2400878,0.12033173,0.35071412,0.57738316,0.22125456,0.13274536,-0.34305015,0.33669174,-0.37567562",""
"axon-tracing-opentelemetry-4.10.3","axon-tracing-opentelemetry-4.10.3","embeddingsNode2Vec","0.19075783,-0.3326156,0.3296308,0.40907604,0.20373157,0.12407055,0.21149717,-0.26132977,0.10930387,0.34365872,0.5854393,0.23389871,0.17152774,-0.31936806,0.34259507,-0.3883101",""
