"codeUnitName","shortCodeUnitName","propertyName","propertyValue","Source Cypher File: Dependencies_Projection/Dependencies_8_Stream_Mutated.cypher"
"axon-server-connector-4.10.3","axon-server-connector-4.10.3","embeddingsNode2Vec","-0.04624505,0.15787458,0.23433459,0.595769,-0.01023857,0.30049178,0.20199485,-0.33792934,0.21271595,0.17999764,0.25325194,0.040179208,0.52596265,-0.24144846,0.44953033,0.39003462",""
"axon-configuration-4.10.3","axon-configuration-4.10.3","embeddingsNode2Vec","-0.066956796,0.16159105,0.17150152,0.60727847,-0.042111877,0.24210903,0.16304359,-0.33877993,0.18955936,0.11168992,0.2582415,0.016296564,0.563204,-0.21988294,0.48036146,0.3980307",""
"axon-disruptor-4.10.3","axon-disruptor-4.10.3","embeddingsNode2Vec","-0.0907764,0.13203494,0.2204596,0.62452906,-0.04085889,0.24769151,0.14275852,-0.3419699,0.1894241,0.121752106,0.24827302,0.05012017,0.5676231,-0.25025094,0.44628862,0.37871018",""
"axon-messaging-4.10.3","axon-messaging-4.10.3","embeddingsNode2Vec","-0.06963474,0.117613606,0.23079143,0.6369589,-0.008408194,0.26360464,0.1643936,-0.32789907,0.2110125,0.13910311,0.22364557,0.041469336,0.5459956,-0.24947597,0.41587675,0.36821908",""
"axon-eventsourcing-4.10.3","axon-eventsourcing-4.10.3","embeddingsNode2Vec","-0.041803088,0.151606,0.2227263,0.56596285,-0.0062357183,0.30927095,0.20475224,-0.3274833,0.20246898,0.17979589,0.24329853,0.027050065,0.5289367,-0.21473955,0.45586315,0.38880864",""
"axon-modelling-4.10.3","axon-modelling-4.10.3","embeddingsNode2Vec","-0.04943484,0.14865005,0.15432884,0.6130817,-0.021929828,0.24459396,0.13577716,-0.3315156,0.18732357,0.120908074,0.2705685,0.030508278,0.5807311,-0.23624083,0.46996474,0.41097996",""
"axon-spring-boot-autoconfigure-4.10.3","axon-spring-boot-autoconfigure-4.10.3","embeddingsNode2Vec","-0.03609644,0.15138988,0.184352,0.56606555,0.0047786357,0.28956732,0.16367471,-0.33632958,0.19965881,0.13817744,0.25668287,0.023983093,0.5605583,-0.23492159,0.4815055,0.41517466",""
"axon-test-4.10.3","axon-test-4.10.3","embeddingsNode2Vec","-0.042290427,0.1600938,0.2262515,0.57970816,0.0011841563,0.2795425,0.24026011,-0.31570867,0.21576397,0.1737422,0.2258647,0.06479353,0.5346409,-0.25442788,0.43006313,0.36585367",""
"axon-tracing-opentelemetry-4.10.3","axon-tracing-opentelemetry-4.10.3","embeddingsNode2Vec","-0.07780051,0.14537294,0.19705594,0.5988472,-0.015500175,0.27415332,0.14738996,-0.3432274,0.21289787,0.15635666,0.2677083,0.058667284,0.5639734,-0.2611,0.4445625,0.39077055",""
