"codeUnitName","shortCodeUnitName","propertyName","propertyValue","Source Cypher File: Dependencies_Projection/Dependencies_8_Stream_Mutated.cypher"
"axon-server-connector-4.10.3","axon-server-connector-4.10.3","embeddingsNode2Vec","-0.17750517,-0.11617773,-0.3841598,0.4427453,-0.36617097,0.103675134,-0.09672065,0.30939305,0.49941352,0.3298217,0.09177885,0.4145596,0.47838902,0.18361959,0.15598893,0.2436992",""
"axon-configuration-4.10.3","axon-configuration-4.10.3","embeddingsNode2Vec","-0.2455807,-0.110578425,-0.42583656,0.45093563,-0.4549566,0.06688234,-0.10424668,0.2691516,0.48237163,0.25670144,0.07997263,0.38822824,0.42970344,0.1995048,0.18380325,0.22081861",""
"axon-disruptor-4.10.3","axon-disruptor-4.10.3","embeddingsNode2Vec","-0.1817109,-0.11608281,-0.3664513,0.4452496,-0.36538973,0.085922316,-0.109228484,0.29773846,0.46655023,0.3185711,0.09496929,0.41860867,0.47657326,0.16142751,0.1493259,0.23144375",""
"axon-messaging-4.10.3","axon-messaging-4.10.3","embeddingsNode2Vec","-0.21349525,-0.13984936,-0.38162127,0.40454027,-0.39242613,0.12499887,-0.11795882,0.3092262,0.4885198,0.3372489,0.05916648,0.44858685,0.48420474,0.18128748,0.1460847,0.21978246",""
"axon-eventsourcing-4.10.3","axon-eventsourcing-4.10.3","embeddingsNode2Vec","-0.24364145,-0.104654655,-0.37041304,0.41573817,-0.44891804,0.08723457,-0.12403029,0.2745043,0.49480557,0.27331072,0.07353306,0.42816228,0.46035808,0.20027156,0.18336082,0.22929251",""
"axon-modelling-4.10.3","axon-modelling-4.10.3","embeddingsNode2Vec","-0.1995192,-0.10323794,-0.3772619,0.4473843,-0.39730287,0.09242316,-0.116461374,0.28551954,0.49427,0.28937376,0.10447293,0.4217694,0.4827458,0.17904088,0.15882812,0.23884071",""
"axon-spring-boot-autoconfigure-4.10.3","axon-spring-boot-autoconfigure-4.10.3","embeddingsNode2Vec","-0.17103404,-0.085936986,-0.41431063,0.44930312,-0.37663597,0.09100845,-0.07062371,0.29738426,0.47531763,0.25696316,0.09533694,0.4349711,0.43802103,0.13852999,0.14439942,0.17021307",""
"axon-test-4.10.3","axon-test-4.10.3","embeddingsNode2Vec","-0.12273244,-0.10956074,-0.3909149,0.4394486,-0.320598,0.0756743,-0.08999827,0.32856926,0.49090368,0.3434451,0.110267065,0.40531042,0.5207504,0.18327723,0.11769224,0.2601938",""
"axon-tracing-opentelemetry-4.10.3","axon-tracing-opentelemetry-4.10.3","embeddingsNode2Vec","-0.22902545,-0.13514023,-0.38074446,0.41443127,-0.3774309,0.1076629,-0.10810338,0.31724793,0.49094427,0.32891124,0.06677397,0.448336,0.471606,0.17444612,0.16749774,0.2028859",""
