"codeUnitName","shortCodeUnitName","propertyName","propertyValue","Source Cypher File: Dependencies_Projection/Dependencies_8_Stream_Mutated.cypher"
"axon-server-connector-4.10.3","axon-server-connector-4.10.3","embeddingsFastRandomProjection","-0.12636618,0.51399434,0,0,-0.058709625,0.40225703,0.36199978,0.4158026,-0.11468657,0.58627236,-0.65217847,0.21969767,1.0379876,0.5247186,-0.041324846,-0.38199282",""
"axon-configuration-4.10.3","axon-configuration-4.10.3","embeddingsFastRandomProjection","-0.13566318,0.5424924,0,0,-0.06298883,0.4216678,0.3792877,0.43583447,-0.122137755,0.6252226,-0.6941067,0.24473348,1.1008499,0.5438968,-0.04703488,-0.41053063",""
"axon-disruptor-4.10.3","axon-disruptor-4.10.3","embeddingsFastRandomProjection","-0.13622892,0.53548723,0,0,-0.06357061,0.41794378,0.37865752,0.43169767,-0.1188215,0.61341,-0.6814399,0.24132839,1.0877719,0.5364123,-0.044387337,-0.40150082",""
"axon-messaging-4.10.3","axon-messaging-4.10.3","embeddingsFastRandomProjection","-0.117452756,0.48077875,0,0,-0.05488962,0.3746137,0.3364104,0.386762,-0.1068406,0.6234675,-0.67979753,0.28091705,1.0473686,0.48455697,-0.033216704,-0.4336973",""
"axon-eventsourcing-4.10.3","axon-eventsourcing-4.10.3","embeddingsFastRandomProjection","-0.13267587,0.53500295,0,0,-0.0611954,0.41658604,0.3766778,0.43049324,-0.1183423,0.6175983,-0.6823447,0.2352666,1.0844721,0.54182273,-0.041482214,-0.40381408",""
"axon-modelling-4.10.3","axon-modelling-4.10.3","embeddingsFastRandomProjection","-0.12995158,0.5284399,0,0,-0.060610875,0.4197021,0.38013583,0.43348655,-0.11579919,0.61673534,-0.6831093,0.23713744,1.0872124,0.5473663,-0.034320287,-0.40549695",""
"axon-spring-boot-autoconfigure-4.10.3","axon-spring-boot-autoconfigure-4.10.3","embeddingsFastRandomProjection","-0.13516197,0.55418724,0,0,-0.062935315,0.42799902,0.38605016,0.44216844,-0.121260196,0.6474433,-0.715459,0.24980487,1.133986,0.563025,-0.04287158,-0.42878395",""
"axon-test-4.10.3","axon-test-4.10.3","embeddingsFastRandomProjection","-0.13521111,0.5307481,0,0,-0.062571436,0.41237578,0.37399176,0.426039,-0.11785527,0.6049254,-0.6703856,0.2345181,1.0706921,0.5294195,-0.044547893,-0.39388862",""
"axon-tracing-opentelemetry-4.10.3","axon-tracing-opentelemetry-4.10.3","embeddingsFastRandomProjection","-0.12505957,0.50890386,0,0,-0.057837885,0.39776307,0.35706925,0.41130257,-0.114685275,0.5783907,-0.64353627,0.21558778,1.0231104,0.5178602,-0.042455584,-0.37584072",""
