"codeUnitName","shortCodeUnitName","propertyName","propertyValue","Source Cypher File: Dependencies_Projection/Dependencies_8_Stream_Mutated.cypher"
"axon-messaging-4.10.3","axon-messaging-4.10.3","embeddingsNode2Vec","0.39320752,0.050354987,-0.41387364,0.19247924,0.11671264,-0.5639695,-0.50698507,-0.40222618,0.14171317,0.20795542,0.37576926,0.3671526,0.076983586,-0.14748181,0.2220012,-0.26002002",""
"axon-eventsourcing-4.10.3","axon-eventsourcing-4.10.3","embeddingsNode2Vec","0.39953613,0.07292862,-0.36651826,0.17750601,0.14423911,-0.5880939,-0.37292,-0.37778726,0.14638035,0.21270858,0.32597375,0.4326808,0.1348166,-0.12502366,0.2319425,-0.274901",""
"axon-spring-boot-autoconfigure-4.10.3","axon-spring-boot-autoconfigure-4.10.3","embeddingsNode2Vec","0.4024277,0.040016077,-0.40591368,0.16489068,0.11590849,-0.5471767,-0.42308232,-0.37774134,0.11766389,0.17577554,0.33195147,0.4161089,0.11316546,-0.1590596,0.23867789,-0.25835922",""
"axon-server-connector-4.10.3","axon-server-connector-4.10.3","embeddingsNode2Vec","0.38514292,0.11012483,-0.37877494,0.19449465,0.12852941,-0.6296977,-0.41916174,-0.38247785,0.15879679,0.18300664,0.33870468,0.4339993,0.11877196,-0.10012175,0.20951104,-0.27024922",""
"axon-tracing-opentelemetry-4.10.3","axon-tracing-opentelemetry-4.10.3","embeddingsNode2Vec","0.3755157,0.06957738,-0.39727277,0.19232413,0.11952743,-0.56993943,-0.3881191,-0.37534708,0.14219531,0.19479583,0.29168072,0.44304237,0.123320565,-0.1500364,0.23271759,-0.2682669",""
"axon-configuration-4.10.3","axon-configuration-4.10.3","embeddingsNode2Vec","0.38396874,0.07183074,-0.3694322,0.17499645,0.07882525,-0.55692595,-0.40340495,-0.36033797,0.17244034,0.17449257,0.33083874,0.44925714,0.13962202,-0.10975486,0.23772058,-0.29533252",""
"axon-modelling-4.10.3","axon-modelling-4.10.3","embeddingsNode2Vec","0.3942418,0.047265347,-0.42754832,0.17220333,0.14507575,-0.5790444,-0.3948743,-0.38512585,0.10186752,0.16827042,0.3094847,0.44989714,0.14989732,-0.1541369,0.28039235,-0.22785392",""
"axon-disruptor-4.10.3","axon-disruptor-4.10.3","embeddingsNode2Vec","0.37198317,0.07938091,-0.40432566,0.19516411,0.17390552,-0.5800695,-0.44396913,-0.42805353,0.056413155,0.15778197,0.3678899,0.3292491,0.10794814,-0.17377362,0.2606018,-0.18524833",""
"axon-test-4.10.3","axon-test-4.10.3","embeddingsNode2Vec","0.39799905,0.0689122,-0.42544153,0.16800214,0.11782822,-0.5890925,-0.4411023,-0.4052351,0.119507186,0.1357974,0.32962766,0.3940966,0.112872355,-0.117663115,0.21092267,-0.19771378",""
