"codeUnitName","shortCodeUnitName","propertyName","propertyValue","Source Cypher File: Dependencies_Projection/Dependencies_8_Stream_Mutated.cypher"
"react-router-6.28.1/react-router","react-router","embeddingsNode2Vec","0.20662177,0.4072748,-0.10863061,-0.3457027,0.41577065,-0.11927581,0.28522193,0.18196961,-0.18176675,0.057976164,-0.09918664,0.081612945,0.15882623,0.29241467,-0.03862782,0.1641298,0.14276887,0.38649455,-0.15250365,0.3165104,0.10432239,0.2545555,0.3007709,0.102322094,-0.056415055,0.34091115,-0.21690297,-0.30049315,-0.16579518,0.15101813,0.07560197,-0.2599643",""
"react-router-6.28.1/react-router-dom","react-router-dom","embeddingsNode2Vec","0.19068277,0.3846364,-0.105032176,-0.344138,0.4093685,-0.11409276,0.28012478,0.17811841,-0.17190614,0.0526285,-0.09506821,0.080190256,0.14594315,0.2736385,-0.03727887,0.15294653,0.14117718,0.3692706,-0.13775514,0.30260858,0.100741535,0.23776026,0.29469985,0.096795514,-0.05805313,0.32541302,-0.20807223,-0.28634873,-0.15338063,0.14697656,0.069416106,-0.24709749",""
"react-router-6.28.1/server","server","embeddingsNode2Vec","0.2118323,0.39868918,-0.10204196,-0.34508708,0.42766804,-0.10926571,0.2916799,0.19677544,-0.19170454,0.05994564,-0.09881786,0.08759437,0.16873443,0.28105238,-0.050901502,0.16582936,0.13658647,0.38791153,-0.15308534,0.30830783,0.09792664,0.24687222,0.29112968,0.10093557,-0.058479756,0.334241,-0.22601627,-0.2924595,-0.15551756,0.15669347,0.069247566,-0.25707075",""
"react-router-6.28.1/react-router-native","react-router-native","embeddingsNode2Vec","0.21025246,0.40920147,-0.10255198,-0.3500178,0.41152388,-0.10867265,0.2902231,0.18130356,-0.17462432,0.055062763,-0.10114653,0.09017398,0.1485154,0.2912228,-0.042651087,0.14934088,0.14018896,0.38713926,-0.14910655,0.3088907,0.104401134,0.24189068,0.30348575,0.097771086,-0.06543616,0.33482477,-0.20758617,-0.29469216,-0.1536364,0.15410747,0.069229044,-0.25216404",""
