"codeUnitName","shortCodeUnitName","propertyName","propertyValue","Source Cypher File: Dependencies_Projection/Dependencies_8_Stream_Mutated.cypher"
"react-router-6.28.1/react-router","react-router","embeddingsNode2Vec","0.2872263,0.3247153,0.17878546,-0.21410008,0.30190757,0.26275808,0.3108755,0.2540082,-0.11263832,0.012957819,-0.14553222,0.3529839,0.17065918,0.17690471,-0.32689792,0.036250032,0.050526045,0.4100974,-0.14582503,0.23852974,0.029786544,0.010101442,0.16155389,0.03052829,-0.2529385,0.17109363,-0.3147805,-0.084329,0.07045837,0.36085582,-0.14281024,-0.14495921",""
"react-router-6.28.1/react-router-dom","react-router-dom","embeddingsNode2Vec","0.272281,0.3238517,0.16268794,-0.21978626,0.30380553,0.2412666,0.3052089,0.24562715,-0.106282584,0.009956949,-0.14083874,0.3284997,0.15684383,0.17208378,-0.30827263,0.038339898,0.058316626,0.40148333,-0.13431783,0.24375102,0.03251451,0.02249428,0.1667791,0.03296569,-0.2439259,0.17529982,-0.30437702,-0.0897154,0.060126334,0.3427783,-0.1305366,-0.14569171",""
"react-router-6.28.1/server","server","embeddingsNode2Vec","0.28185725,0.31310314,0.18718837,-0.20689234,0.2971359,0.2733472,0.30689332,0.25510818,-0.10598941,0.008533929,-0.14386602,0.35348234,0.16524881,0.16249834,-0.33431646,0.03275679,0.048930943,0.4042083,-0.13762806,0.23658755,0.0250512,0.003214997,0.15227023,0.027819658,-0.25830802,0.16224408,-0.3192251,-0.07325267,0.07751318,0.36383936,-0.14894986,-0.1384349",""
"react-router-6.28.1/react-router-native","react-router-native","embeddingsNode2Vec","0.28017643,0.32689446,0.18131119,-0.21433356,0.291758,0.26698306,0.30841482,0.2440414,-0.09773588,0.007691818,-0.14491157,0.34840062,0.15267342,0.17629766,-0.32406887,0.023181058,0.05137223,0.40555322,-0.1393818,0.23871368,0.03220395,0.0039401976,0.1656788,0.027057862,-0.2596384,0.16470015,-0.30023742,-0.07681823,0.07718248,0.35411087,-0.1433661,-0.1369125",""
