"codeUnitName","shortCodeUnitName","propertyName","propertyValue","Source Cypher File: Dependencies_Projection/Dependencies_8_Stream_Mutated.cypher"
"react-router-6.28.1/react-router","react-router","embeddingsNode2Vec","0.18584505,0.2672172,0.3358307,-0.08487267,-0.0894119,0.45283875,0.1868884,0.02024385,0.18346308,-0.07465341,-0.14811666,0.47122258,-0.121170476,0.15935867,-0.32641494,-0.27907687,-0.027990168,0.24298835,-0.06564851,0.08422354,0.043468717,-0.24781372,0.13643299,-0.079212315,-0.388114,-0.06264899,0.010870874,0.15562153,0.30642945,0.30219576,-0.25744757,0.078953534",""
"react-router-6.28.1/react-router-dom","react-router-dom","embeddingsNode2Vec","0.19018917,0.28335986,0.32679892,-0.10576122,-0.055267826,0.4434859,0.20346779,0.039369933,0.16886398,-0.07330354,-0.15186827,0.46601477,-0.10886961,0.16007563,-0.32648134,-0.25714067,-0.01435333,0.25966862,-0.06200308,0.106596544,0.044815104,-0.2239701,0.14643718,-0.07040858,-0.38524947,-0.03981421,-0.014573933,0.13660242,0.2907095,0.31109107,-0.25126842,0.059175737",""
"react-router-6.28.1/server","server","embeddingsNode2Vec","0.18541938,0.2556413,0.33987793,-0.0844881,-0.06871455,0.45941228,0.19144632,0.04113323,0.17047901,-0.07491578,-0.14768992,0.46858817,-0.10516862,0.13846824,-0.3367997,-0.2583221,-0.023956707,0.24392544,-0.056394182,0.09110991,0.0347644,-0.23862138,0.122668885,-0.0748799,-0.38403273,-0.05769261,-0.020698287,0.15377337,0.2998266,0.31352633,-0.26086038,0.06996349",""
"react-router-6.28.1/react-router-native","react-router-native","embeddingsNode2Vec","0.17854723,0.27437782,0.33238,-0.099209964,-0.07145743,0.45144594,0.19661407,0.03071428,0.18477415,-0.08002125,-0.15117477,0.46660104,-0.12452813,0.1497405,-0.32497323,-0.26755702,-0.015024373,0.24607651,-0.04878487,0.10105034,0.04304215,-0.23302686,0.14121822,-0.07504196,-0.39027822,-0.050965197,-0.0036344244,0.14956088,0.30101347,0.30878258,-0.2572333,0.06894004",""
