"codeUnitName","shortCodeUnitName","propertyName","propertyValue","Source Cypher File: Dependencies_Projection/Dependencies_8_Stream_Mutated.cypher"
"react-router-6.28.1/react-router","react-router","embeddingsNode2Vec","-0.24346545,-0.4244938,-0.24692209,0.20928591,-0.033053115,-0.35735935,-0.27034387,-0.04030226,-0.12203452,0.0417665,0.16766804,-0.4315661,0.082488716,-0.30093664,0.28075895,0.19881678,-0.02313732,-0.35853106,0.12944922,-0.17739931,-0.09764269,0.14876017,-0.26950938,0.040554054,0.36453354,-0.06422227,-0.003491209,-0.023945041,-0.22045314,-0.28685367,0.18022215,0.004759573",""
"react-router-6.28.1/react-router-dom","react-router-dom","embeddingsNode2Vec","-0.23812069,-0.43126783,-0.2526293,0.20911339,-0.018715171,-0.36751306,-0.26907948,-0.029763289,-0.13664608,0.046555333,0.16830364,-0.43558225,0.09831563,-0.29625583,0.27926537,0.22395042,-0.022896899,-0.3500632,0.123649836,-0.1730554,-0.09995023,0.15454417,-0.27034077,0.04528884,0.3768646,-0.057668544,-0.01835563,-0.032322243,-0.22992885,-0.2856304,0.18345362,-0.0030385505",""
"react-router-6.28.1/server","server","embeddingsNode2Vec","-0.25155652,-0.45727342,-0.2471776,0.2261956,-0.036972184,-0.34900203,-0.2789237,-0.035135224,-0.12584893,0.042713366,0.17264193,-0.43771663,0.09130043,-0.3157262,0.27775306,0.2211862,-0.029792726,-0.36986983,0.13424146,-0.18844256,-0.106705606,0.14124283,-0.28439847,0.038688257,0.3655614,-0.07426001,-0.013265975,-0.013915444,-0.21414942,-0.28142226,0.17222919,0.009401377",""
"react-router-6.28.1/react-router-native","react-router-native","embeddingsNode2Vec","-0.2391584,-0.4300458,-0.24238832,0.21694884,-0.036403716,-0.36177084,-0.2777613,-0.03880627,-0.12678815,0.044446897,0.17009221,-0.4309596,0.08947715,-0.3000878,0.28104597,0.21739164,-0.02863225,-0.36016005,0.12498875,-0.18432327,-0.10132898,0.14347865,-0.27788803,0.041019086,0.3756606,-0.069969706,-0.006249551,-0.02160243,-0.22278161,-0.29430825,0.18476422,0.007482532",""
