"codeUnitName","shortCodeUnitName","propertyName","propertyValue","Source Cypher File: Dependencies_Projection/Dependencies_8_Stream_Mutated.cypher"
"react-router-6.28.1/react-router","react-router","embeddingsNode2Vec","-0.010024164,-0.32768044,0.3324843,0.31897792,-0.24011166,0.45339328,-0.12855019,0.023323637,0.09763318,-0.049223606,0.013615561,0.21544535,0.0031837805,-0.28991535,-0.2738505,-0.13417487,-0.1674906,-0.16776162,0.065071225,-0.2138887,-0.13939042,-0.3176952,-0.3166135,-0.09666546,-0.14361015,-0.30840886,-0.0771463,0.33787277,0.2740772,0.15844297,-0.24706545,0.19293259",""
"react-router-6.28.1/react-router-dom","react-router-dom","embeddingsNode2Vec","-0.0028327846,-0.31708634,0.33085555,0.31086534,-0.22139885,0.44899923,-0.11670028,0.034942325,0.08610999,-0.046443246,0.011084329,0.21652196,0.014511539,-0.28229967,-0.27377245,-0.12017878,-0.16260861,-0.15412971,0.060775876,-0.20228986,-0.13907358,-0.3075859,-0.3129239,-0.09270963,-0.14259583,-0.29598504,-0.093252726,0.32753712,0.26581514,0.16483739,-0.24550104,0.18185289",""
"react-router-6.28.1/server","server","embeddingsNode2Vec","-0.010798747,-0.3300336,0.32760945,0.31603867,-0.2242987,0.44313678,-0.12211969,0.03471818,0.08687918,-0.047929477,0.014329723,0.20988017,0.013512739,-0.29360917,-0.2703397,-0.116724975,-0.16269477,-0.1636738,0.068170376,-0.20659705,-0.14245526,-0.306155,-0.3214741,-0.09304936,-0.13652368,-0.29941827,-0.09479815,0.33059064,0.2639835,0.16019025,-0.24527156,0.18380257",""
"react-router-6.28.1/react-router-native","react-router-native","embeddingsNode2Vec","-0.006852722,-0.32284883,0.34573674,0.3211082,-0.24025804,0.4618151,-0.120155446,0.023891293,0.10279308,-0.051690523,0.009478892,0.22704263,-0.0011202835,-0.28281197,-0.27719384,-0.13805017,-0.16636817,-0.16049115,0.06545044,-0.20878413,-0.13820024,-0.32211956,-0.313323,-0.098685406,-0.15036759,-0.30222917,-0.07712946,0.33652514,0.2766408,0.1627159,-0.25075927,0.19082074",""
