"codeUnitName","shortCodeUnitName","propertyName","propertyValue","Source Cypher File: Dependencies_Projection/Dependencies_8_Stream_Mutated.cypher"
"react-router-6.28.1/react-router","react-router","embeddingsNode2Vec","0.23628214,0.15702863,0.05996967,-0.14879474,0.42418703,0.08313059,0.2544232,0.31764057,-0.27326193,0.075187005,-0.086368114,0.15796149,0.33486766,0.09523669,-0.24299715,0.22995214,0.049624473,0.34786257,-0.16079009,0.21536466,-0.011863409,0.13345638,0.070842,0.08443195,-0.07877879,0.21835123,-0.43979517,-0.16528349,-0.09266522,0.27564582,-0.02297714,-0.2096146",""
"react-router-6.28.1/react-router-dom","react-router-dom","embeddingsNode2Vec","0.24498104,0.19779679,0.058132105,-0.17809305,0.43130168,0.08497369,0.2751891,0.3169442,-0.26674336,0.07217081,-0.09804966,0.17767973,0.32504636,0.12359324,-0.24688578,0.22251332,0.062116902,0.3757734,-0.1676291,0.23587756,0.00082384516,0.14149582,0.10198361,0.08572743,-0.09691663,0.23687331,-0.43353721,-0.17802031,-0.09061679,0.28761184,-0.024686035,-0.22048295",""
"react-router-6.28.1/server","server","embeddingsNode2Vec","0.24161494,0.16321322,0.076402836,-0.14910516,0.41932467,0.10577235,0.2613345,0.32471472,-0.27221042,0.072751984,-0.09152408,0.18011203,0.33668754,0.09592826,-0.26329204,0.22589833,0.048333023,0.3577627,-0.16240565,0.21521954,-0.01330828,0.12369025,0.06935299,0.080099955,-0.094088696,0.21205468,-0.44295844,-0.1552134,-0.07949239,0.2931341,-0.036175583,-0.20868367",""
"react-router-6.28.1/react-router-native","react-router-native","embeddingsNode2Vec","0.24954164,0.20230116,0.073225535,-0.1729481,0.4108044,0.106227346,0.28151476,0.30761084,-0.2561271,0.07038097,-0.102359585,0.20302652,0.3299107,0.13541822,-0.2584063,0.21017967,0.057877753,0.38310176,-0.17813724,0.23384096,0.0030224174,0.12693776,0.106706366,0.08224632,-0.11281856,0.22668107,-0.41988987,-0.16951539,-0.07523858,0.30258062,-0.034650266,-0.21266092",""
