"codeUnitName","shortCodeUnitName","propertyName","propertyValue","Source Cypher File: Dependencies_Projection/Dependencies_8_Stream_Mutated.cypher"
"react-router-6.28.1/react-router","react-router","embeddingsNode2Vec","0.14874777,0.2918356,0.3238578,-0.15699519,0.01564142,0.48026648,0.25744453,0.09513801,0.20840943,-0.11818018,-0.17340016,0.49327704,-0.14941385,0.08803958,-0.34655508,-0.23943603,0.042878598,0.27815622,0.03892151,0.18445675,0.032028936,-0.1812373,0.15147272,-0.060859542,-0.4272656,-0.0059951553,-0.09284058,0.14309056,0.29714933,0.36855876,-0.29192257,0.026873749",""
"react-router-6.28.1/react-router-dom","react-router-dom","embeddingsNode2Vec","0.12721199,0.27395502,0.2785222,-0.16639102,0.0398566,0.41149575,0.24332128,0.09550443,0.18526387,-0.10774535,-0.16036913,0.44641352,-0.1395768,0.08138307,-0.30821353,-0.20577314,0.05558486,0.26514557,0.04655548,0.19074725,0.03328494,-0.14013842,0.1522952,-0.048026346,-0.39125386,0.015290481,-0.097458385,0.113540076,0.2623223,0.3348713,-0.25792617,0.008118764",""
"react-router-6.28.1/server","server","embeddingsNode2Vec","0.12990251,0.25556928,0.30807158,-0.14655747,0.020339688,0.446738,0.23710261,0.09723299,0.19661996,-0.11289411,-0.16126995,0.4708464,-0.14142099,0.065164894,-0.3348013,-0.22077851,0.043971743,0.25649673,0.04980979,0.17703603,0.024438888,-0.16641831,0.133145,-0.05673664,-0.40310746,-0.0071855225,-0.10114756,0.13757217,0.28197768,0.3469577,-0.275077,0.023641154",""
"react-router-6.28.1/react-router-native","react-router-native","embeddingsNode2Vec","0.120333135,0.25772503,0.3025739,-0.14677364,0.008018166,0.44175115,0.23165025,0.08499921,0.20870973,-0.11701721,-0.16138594,0.46432096,-0.15710455,0.06598623,-0.32147145,-0.22865365,0.046571214,0.24878244,0.057179987,0.17444168,0.027504696,-0.16903368,0.14004494,-0.0588683,-0.4025112,-0.010963327,-0.08306428,0.14045162,0.28472736,0.33624876,-0.27339467,0.028922293",""
