"codeUnitName","shortCodeUnitName","propertyName","propertyValue","Source Cypher File: Dependencies_Projection/Dependencies_8_Stream_Mutated.cypher"
"react-router-6.28.1/react-router","react-router","embeddingsNode2Vec","-0.110725746,0.14008202,-0.38564596,-0.19574198,0.19073834,-0.49366394,0.006283682,-0.05471466,-0.09484983,0.045659635,0.049699467,-0.34571218,-0.017930232,0.12088895,0.35653022,0.17544313,0.14416541,-0.0059028175,0.025318014,0.1279741,0.08837786,0.33179587,0.18370736,0.10013395,0.24464796,0.24425316,0.09716437,-0.2831135,-0.31007,-0.24809699,0.2727757,-0.16974843",""
"react-router-6.28.1/react-router-dom","react-router-dom","embeddingsNode2Vec","-0.09668776,0.16484609,-0.3853977,-0.21928193,0.22479661,-0.500423,0.028530383,-0.03678546,-0.111744754,0.049507987,0.04170027,-0.33887187,-0.0034652017,0.1342848,0.3514086,0.19007677,0.15599833,0.022246588,0.018137986,0.1525904,0.09393553,0.35484475,0.20674735,0.111295484,0.2476058,0.2694821,0.073893346,-0.31387392,-0.32135075,-0.24112673,0.28524223,-0.18985733",""
"react-router-6.28.1/server","server","embeddingsNode2Vec","-0.090960495,0.16253223,-0.3796364,-0.21414515,0.2205335,-0.49428675,0.026683606,-0.03956962,-0.11316121,0.051631987,0.04183548,-0.33618987,-0.00039157236,0.13954775,0.35307774,0.18983273,0.15302187,0.02257342,0.011219862,0.14843765,0.0939518,0.34446153,0.19972788,0.10682757,0.2393269,0.2633987,0.074325316,-0.3051118,-0.31136563,-0.2337616,0.2743205,-0.18079956",""
"react-router-6.28.1/react-router-native","react-router-native","embeddingsNode2Vec","-0.097468816,0.17295939,-0.39106342,-0.22261575,0.21729197,-0.50871867,0.026782444,-0.05079139,-0.104672536,0.050287943,0.042881653,-0.34058884,-0.014128053,0.14441341,0.3596796,0.17932647,0.15423983,0.020970222,0.015063818,0.15222616,0.10028963,0.3525871,0.21428785,0.10910181,0.24540609,0.26574,0.09188389,-0.31237802,-0.31505656,-0.24675895,0.28597233,-0.18534526",""
