"codeUnitName","communityId","centrality","artifactName","embedding","Source Cypher File: Dependencies_Projection/Dependencies_8_Stream_Mutated.cypher"
"/axon-messaging-4.7.5.jar",1,0.8917800786399043,,"0,0,0,0,0,0,0,0,0,0,0,0,0,0,0,0",""
"/axon-modelling-4.7.5.jar",1,0.2638647952639787,,"0,0,0,0,0,0,0,0,0,0,0,0,0,0,0,0",""
"/axon-disruptor-4.7.5.jar",1,0.17399975666091735,,"0,0,0,0.8812645673751831,-0.902496337890625,-0.902496337890625,0,0,-0.902496337890625,0.021231742575764656,0.8812645673751831,0,0.021231742575764656,0,0.021231742575764656,0",""
"/axon-eventsourcing-4.7.5.jar",1,0.21118797094272113,,"0,0,0,0.4472135901451111,-0.4472135901451111,-0.4472135901451111,0,0,-0.4472135901451111,0,0.4472135901451111,0,0,0,0,0",""
"/axon-configuration-4.7.5.jar",1,0.17353297492456962,,"0,0,0,0.8808506727218628,-0.9033888578414917,-0.9025019407272339,-0.0008869150769896805,0,-0.9025019407272339,0.02165120467543602,0.8808506727218628,0,0.02165120467543602,-0.0008869150769896805,0.020764287561178207,0.0008869150769896805",""
"/axon-test-4.7.5.jar",0,0.17353297492456962,,"0,0,0,0.889132022857666,-0.8978387117385864,-0.8978387117385864,0,0,-0.8978387117385864,0.008706613443791866,0.889132022857666,0,0.008706613443791866,0,0.008706613443791866,0",""
