"codeUnitName","communityId","centrality","artifactName","embedding","Source Cypher File: Dependencies_Projection/Dependencies_8_Stream_Mutated.cypher"
"/axon-test-4.7.5.jar",0,0.17353297492456962,,"0,0.05973541736602783,-0.057388871908187866,-0.027261897921562195,0.051587700843811035,0.41615039110183716,-0.31080079078674316,-0.1443861722946167,0.9494251012802124,-0.7807130813598633,-0.1443861722946167,-0.22247396409511566,0,-0.729248583316803,-0.9494251012802124,0",""
"/axon-messaging-4.7.5.jar",1,0.8917800786399043,,"0,-0.0650206208229065,-0.05592251569032669,-0.1253233104944229,0.1571427583694458,0.4488178789615631,-0.24747377634048462,-0.1162252351641655,0.8885377049446106,-0.7404930591583252,-0.1162252351641655,-0.19224601984024048,0,-0.7130876779556274,-0.8885377049446106,0",""
"/axon-modelling-4.7.5.jar",1,0.2638647952639787,,"0,0.056875139474868774,-0.07432831823825836,-0.012401655316352844,0.06278584897518158,0.4270983040332794,-0.30712321400642395,-0.14360514283180237,0.9854000806808472,-0.7914108037948608,-0.14360514283180237,-0.2511786222457886,0,-0.7646927237510681,-0.9854000806808472,0",""
"/axon-disruptor-4.7.5.jar",1,0.17399975666091735,,"0,0.0513029545545578,-0.06254522502422333,-0.03373707830905914,0.0595436692237854,0.43167760968208313,-0.3154493272304535,-0.14758531749248505,0.9772034883499146,-0.8038116097450256,-0.14758531749248505,-0.23007656633853912,0,-0.7526547908782959,-0.9772034883499146,0",""
"/axon-eventsourcing-4.7.5.jar",1,0.21118797094272113,,"0,0.06454683840274811,-0.06220058351755142,-0.014460310339927673,0.053071945905685425,0.41099029779434204,-0.30418628454208374,-0.1412077248096466,0.9487279653549194,-0.7689087390899658,-0.1412077248096466,-0.23355147242546082,0,-0.7320173382759094,-0.9487279653549194,0",""
"/axon-configuration-4.7.5.jar",1,0.17353297492456962,,"0,0.06056208908557892,-0.061724912375211716,-0.021866589784622192,0.04943352937698364,0.4134121537208557,-0.3085577189922333,-0.14415360987186432,0.9491113424301147,-0.7773908376693726,-0.14415360987186432,-0.22714149951934814,0,-0.729286253452301,-0.9491113424301147,0",""
