"codeUnitName","shortCodeUnitName","propertyName","propertyValue","Source Cypher File: Dependencies_Projection/Dependencies_8_Stream_Mutated.cypher"
"/axon-eventsourcing-4.9.3.jar","axon-eventsourcing-4.9.3","embeddingsNode2Vec","0.045073498,-0.022460228,-0.39437145,0.11252455,0.1211596,0.39331946,-0.4412612,-0.14973001,0.28372252,0.54078937,-0.0027851136,-0.6302199,-0.021465275,0.47826356,-0.029657668,-0.035441574",""
"/axon-configuration-4.9.3.jar","axon-configuration-4.9.3","embeddingsNode2Vec","0.08428324,-0.039598286,-0.40141642,0.11159061,0.13179292,0.39520404,-0.45297495,-0.14024746,0.2918641,0.5444832,-0.026743876,-0.63137513,-0.04668144,0.5139747,-0.018281968,-0.020242233",""
"/axon-messaging-4.9.3.jar","axon-messaging-4.9.3","embeddingsNode2Vec","0.03621889,-0.015734233,-0.41844943,0.119957834,0.11991807,0.39162797,-0.4513631,-0.13609351,0.31747222,0.52014846,-0.051803406,-0.62690085,-0.032875754,0.5267032,-0.06374674,-0.015185743",""
"/axon-test-4.9.3.jar","axon-test-4.9.3","embeddingsNode2Vec","0.04747952,-0.012500078,-0.42098477,0.10642733,0.12983987,0.37396678,-0.46338272,-0.13636415,0.303871,0.535838,-0.041144848,-0.6259349,-0.023029651,0.51217455,-0.04741426,-0.041910086",""
"/axon-disruptor-4.9.3.jar","axon-disruptor-4.9.3","embeddingsNode2Vec","0.05775226,-0.059074134,-0.4055574,0.10877527,0.122733675,0.42045304,-0.44734308,-0.12041569,0.32069936,0.53924394,-0.022206327,-0.60449004,-0.052053895,0.52113193,-0.033593763,-0.028320493",""
"/axon-modelling-4.9.3.jar","axon-modelling-4.9.3","embeddingsNode2Vec","0.050968546,-0.029007792,-0.41612446,0.11590568,0.10239863,0.37885356,-0.44369394,-0.13323145,0.29119235,0.518236,-0.025372276,-0.62150425,-0.03771506,0.5070986,-0.040320344,-0.035738975",""
