"codeUnitName","shortCodeUnitName","propertyName","propertyValue","Source Cypher File: Dependencies_Projection/Dependencies_8_Stream_Mutated.cypher"
"/axon-test-4.9.3.jar","axon-test-4.9.3","embeddingsFastRandomProjection","-0.2775171,-0.3377213,0.124281205,0.124281205,0.6152384,0.406333,0.88043547,-0.2775171,-0.6152384,0.3377213,-0.13175842,0.3377213,0.14113592,0.48157966,0.26247454,0.34982133",""
"/axon-messaging-4.9.3.jar","axon-messaging-4.9.3","embeddingsFastRandomProjection","-0.35896596,-0.2711267,0.100486144,0.100486144,0.6300927,0.33064398,0.72942466,-0.35896596,-0.6300927,0.2711267,-0.085746385,0.2711267,0.23131193,0.38404092,0.2177297,0.29829457",""
"/axon-modelling-4.9.3.jar","axon-modelling-4.9.3","embeddingsFastRandomProjection","-0.31742716,-0.3513918,0.12883483,0.12883483,0.66881895,0.4364104,0.9699867,-0.31742716,-0.66881895,0.3513918,-0.09291052,0.3513918,0.13524267,0.49765193,0.29015023,0.40474147",""
"/axon-disruptor-4.9.3.jar","axon-disruptor-4.9.3","embeddingsFastRandomProjection","-0.30229756,-0.35867694,0.13238633,0.13238633,0.6609745,0.42696363,0.93168354,-0.30229756,-0.6609745,0.35867694,-0.13620014,0.35867694,0.15625463,0.5085337,0.27710688,0.3723336",""
"/axon-eventsourcing-4.9.3.jar","axon-eventsourcing-4.9.3","embeddingsFastRandomProjection","-0.28494912,-0.33205977,0.121677145,0.121677145,0.61700886,0.41221088,0.89971614,-0.28494912,-0.61700886,0.33205977,-0.10765082,0.33205977,0.1295036,0.4734789,0.2707917,0.3658281",""
"/axon-configuration-4.9.3.jar","axon-configuration-4.9.3","embeddingsFastRandomProjection","-0.28210872,-0.34191105,0.12600903,0.12600903,0.62401974,0.40917993,0.89258826,-0.28210872,-0.62401974,0.34191105,-0.12793736,0.34191105,0.14061134,0.48533666,0.26575425,0.35739934",""
