"codeUnitName","shortCodeUnitName","propertyName","propertyValue","Source Cypher File: Dependencies_Projection/Dependencies_8_Stream_Mutated.cypher"
"/axon-eventsourcing-4.9.3.jar","axon-eventsourcing-4.9.3","embeddingsNode2Vec","-0.3064072,0.19108379,0.32685313,0.020306917,0.12842293,0.5547076,-0.53193516,-0.17597173,0.18644549,0.068834454,0.048722066,-0.5302571,0.27723178,-0.14561355,0.23310967,0.4785546",""
"/axon-configuration-4.9.3.jar","axon-configuration-4.9.3","embeddingsNode2Vec","-0.27233645,0.20689099,0.3582174,0.011650048,0.13344406,0.5302626,-0.525634,-0.17801872,0.16592555,0.061822347,0.04563683,-0.5269404,0.2935711,-0.166567,0.26277575,0.5128442",""
"/axon-messaging-4.9.3.jar","axon-messaging-4.9.3","embeddingsNode2Vec","-0.34342325,0.21706729,0.31819034,0.040515836,0.113537416,0.54834807,-0.57740563,-0.18337515,0.1950545,0.054077737,0.075710796,-0.5289523,0.29700148,-0.13437411,0.23717508,0.46508908",""
"/axon-test-4.9.3.jar","axon-test-4.9.3","embeddingsNode2Vec","-0.3266699,0.21984464,0.32723948,0.054560937,0.09446861,0.5449349,-0.54842246,-0.17967415,0.2079219,0.0726564,0.07770314,-0.51960915,0.29622173,-0.1254391,0.23547488,0.4575492",""
"/axon-disruptor-4.9.3.jar","axon-disruptor-4.9.3","embeddingsNode2Vec","-0.3099465,0.17081225,0.30211025,0.020695752,0.14743222,0.5834687,-0.5179048,-0.18968324,0.18866903,0.08857111,0.0525314,-0.5623321,0.25376692,-0.11689944,0.2081696,0.48021582",""
"/axon-modelling-4.9.3.jar","axon-modelling-4.9.3","embeddingsNode2Vec","-0.30639848,0.24641111,0.32658908,0.0059087616,0.100073904,0.550699,-0.5629285,-0.14951617,0.1743049,0.01624457,0.030150319,-0.4973149,0.31935173,-0.15399359,0.2672054,0.46373233",""
