"codeUnitName","shortCodeUnitName","propertyName","propertyValue","Source Cypher File: Dependencies_Projection/Dependencies_8_Stream_Mutated.cypher"
"/axon-disruptor-4.9.3.jar","axon-disruptor-4.9.3","embeddingsHashGNN","0,0,0.4330126941204071,0,-0.4330126941204071,0,-0.4330126941204071,-0.4330126941204071,0,0,0.4330126941204071,0,-0.4330126941204071,-0.4330126941204071,-0.4330126941204071,-0.4330126941204071",""
"/axon-modelling-4.9.3.jar","axon-modelling-4.9.3","embeddingsHashGNN","0,0,0.4330126941204071,0,-0.4330126941204071,0,-0.4330126941204071,-0.4330126941204071,0,0,0.4330126941204071,0,-0.4330126941204071,-0.4330126941204071,-0.4330126941204071,-0.4330126941204071",""
"/axon-configuration-4.9.3.jar","axon-configuration-4.9.3","embeddingsHashGNN","0,0,0.4330126941204071,0,-0.4330126941204071,0,-0.4330126941204071,-0.4330126941204071,0,0,0.4330126941204071,0,-0.4330126941204071,-0.4330126941204071,-0.4330126941204071,-0.4330126941204071",""
"/axon-messaging-4.9.3.jar","axon-messaging-4.9.3","embeddingsHashGNN","0,0,0.4330126941204071,0,-0.4330126941204071,0,-0.4330126941204071,-0.4330126941204071,0,0,0.4330126941204071,0,-0.4330126941204071,-0.4330126941204071,-0.4330126941204071,-0.4330126941204071",""
"/axon-test-4.9.3.jar","axon-test-4.9.3","embeddingsHashGNN","0,0,0.4330126941204071,0,-0.4330126941204071,0,-0.4330126941204071,-0.4330126941204071,0,0,0.4330126941204071,0,-0.4330126941204071,-0.4330126941204071,-0.4330126941204071,-0.4330126941204071",""
"/axon-eventsourcing-4.9.3.jar","axon-eventsourcing-4.9.3","embeddingsHashGNN","0,0,0.4330126941204071,0,-0.4330126941204071,0,-0.4330126941204071,-0.4330126941204071,0,0,0.4330126941204071,0,-0.4330126941204071,-0.4330126941204071,-0.4330126941204071,-0.4330126941204071",""
