"codeUnitName","shortCodeUnitName","propertyName","propertyValue","Source Cypher File: Dependencies_Projection/Dependencies_8_Stream_Mutated.cypher"
"/axon-disruptor-4.9.3.jar","axon-disruptor-4.9.3","embeddingsNode2Vec","-0.0013945632,0.011214838,0.015008452,-0.006918805,-0.01185483,-0.022122988,0.0020267628,0.0024341235,-0.022242483,0.012287775,-0.0135696065,0.017784508,-0.020826481,-0.005470781,0.015046602,-0.0027919149",""
"/axon-modelling-4.9.3.jar","axon-modelling-4.9.3","embeddingsNode2Vec","0.014836454,-0.020610461,-0.0032556017,0.0037167151,-0.026892135,-0.00547177,-0.005272946,0.026549177,0.029761514,0.017302865,0.029128214,-0.031088008,0.012101476,-0.0010135693,0.0031688802,0.01369982",""
"/axon-configuration-4.9.3.jar","axon-configuration-4.9.3","embeddingsNode2Vec","0.021264138,-0.021414917,0.029786656,-0.025371673,0.014319872,-0.00038793244,-0.015649254,-0.0007058306,-0.02372935,-0.028502109,-0.031062776,-0.0005746434,-0.0025452916,-0.019537706,-0.008596252,-0.012486701",""
"/axon-messaging-4.9.3.jar","axon-messaging-4.9.3","embeddingsNode2Vec","0.012846639,-0.023903947,0.0063959504,-0.0094887,0.023913808,0.0062527335,-0.025655016,0.00907425,0.024801046,-0.0022542097,0.024691386,0.028940743,0.0059987856,-0.009904146,0.017438995,0.0071002343",""
"/axon-test-4.9.3.jar","axon-test-4.9.3","embeddingsNode2Vec","0.024493104,0.028848449,-0.012239848,0.0046237996,-0.00067031325,-0.015802518,0.009792797,0.026299639,-0.011216234,-0.027198974,-0.027475456,-0.025526065,-0.027093295,-0.026958272,0.026570022,0.014551548",""
"/axon-eventsourcing-4.9.3.jar","axon-eventsourcing-4.9.3","embeddingsNode2Vec","-0.017503744,0.013380728,-0.02467994,-0.0027156402,-0.003802489,0.010059576,-0.024851006,0.003421224,-0.0011548245,0.019241804,0.02095888,0.029179951,-0.023166975,0.024569482,0.012459911,0.0254115",""
