"codeUnitName","shortCodeUnitName","propertyName","propertyValue","Source Cypher File: Dependencies_Projection/Dependencies_8_Stream_Mutated.cypher"
"/axon-modelling-4.9.3.jar","axon-modelling-4.9.3","embeddingsNode2Vec","-0.10004013,-0.24121371,-0.23338552,-0.36995488,-0.33203235,-0.52555436,0.06603481,0.46650186,0.011746229,-0.119500384,0.07958775,0.44163555,0.22153641,-0.39446977,0.007952388,-0.54594344",""
"/axon-configuration-4.9.3.jar","axon-configuration-4.9.3","embeddingsNode2Vec","-0.08004851,-0.19022864,-0.22952755,-0.3488011,-0.29215333,-0.5223641,0.07694099,0.46866798,0.033601616,-0.15081261,0.036908817,0.43891674,0.24476072,-0.38574156,0.013744955,-0.5235755",""
"/axon-eventsourcing-4.9.3.jar","axon-eventsourcing-4.9.3","embeddingsNode2Vec","-0.113612786,-0.22451189,-0.2442087,-0.38300118,-0.30312324,-0.5246823,0.07976098,0.4476424,0.031813975,-0.09719635,0.06810479,0.4236221,0.22809167,-0.4037669,0.022356315,-0.55456555",""
"/axon-messaging-4.9.3.jar","axon-messaging-4.9.3","embeddingsNode2Vec","-0.113100454,-0.233569,-0.23481758,-0.3506692,-0.32461005,-0.5465117,0.07291836,0.47655657,0.0038769713,-0.13199058,0.051782206,0.4578495,0.23224446,-0.3841458,0.0057271486,-0.52485055",""
"/axon-test-4.9.3.jar","axon-test-4.9.3","embeddingsNode2Vec","-0.09910314,-0.22774974,-0.24388729,-0.36751148,-0.33379832,-0.51710755,0.05415845,0.44401672,0.015107436,-0.14662416,0.08072091,0.43499136,0.19892222,-0.3681429,-0.012415857,-0.5508377",""
"/axon-disruptor-4.9.3.jar","axon-disruptor-4.9.3","embeddingsNode2Vec","-0.08471063,-0.22804321,-0.21765019,-0.39234468,-0.30069056,-0.5495124,0.09007109,0.46071598,0.05423081,-0.098359704,0.058280032,0.41540283,0.24541003,-0.40395334,0.038399424,-0.5489619",""
