"codeUnitName","shortCodeUnitName","propertyName","propertyValue","Source Cypher File: Dependencies_Projection/Dependencies_8_Stream_Mutated.cypher"
"/axon-test-4.9.3.jar","axon-test-4.9.3","embeddingsFastRandomProjection","-0.6387563,0.37081856,-0.11582105,-0.09947905,0,0.041604966,0.21339257,0,-0.49767235,-0.49767235,-0.0034017814,0.48751932,-0.42536372,-0.6387563,-0.96797,-0.09947905",""
"/axon-messaging-4.9.3.jar","axon-messaging-4.9.3","embeddingsFastRandomProjection","-0.5323294,0.31623644,-0.23182446,-0.08097045,0,-0.0858725,0.17028448,0,-0.53723145,-0.53723145,-0.01917302,0.39642355,-0.36204493,-0.5323294,-0.9344384,-0.08097045",""
"/axon-modelling-4.9.3.jar","axon-modelling-4.9.3","embeddingsFastRandomProjection","-0.67949575,0.41065082,-0.14820027,-0.0993855,0,0.05220689,0.21024361,0,-0.52790344,-0.52790344,-0.04242029,0.5024111,-0.46925217,-0.67949575,-1.0379398,-0.0993855",""
"/axon-disruptor-4.9.3.jar","axon-disruptor-4.9.3","embeddingsFastRandomProjection","-0.66976434,0.3895614,-0.13261408,-0.10440984,0,0.03625697,0.22069028,0,-0.5290975,-0.5290975,-0.0049485676,0.5052731,-0.4490741,-0.66976434,-1.0230688,-0.10440984",""
"/axon-eventsourcing-4.9.3.jar","axon-eventsourcing-4.9.3","embeddingsFastRandomProjection","-0.64214504,0.38152236,-0.1249156,-0.09626849,0,0.04965779,0.20694898,0,-0.4962188,-0.4962188,-0.024631135,0.48682553,-0.4351961,-0.64214504,-0.9740097,-0.09626849",""
"/axon-configuration-4.9.3.jar","axon-configuration-4.9.3","embeddingsFastRandomProjection","-0.6460346,0.37663934,-0.12017833,-0.10019658,0,0.043917447,0.21254352,0,-0.50192064,-0.50192064,-0.007047441,0.48802575,-0.43349114,-0.6460346,-0.9787566,-0.10019658",""
