"codeUnitName","shortCodeUnitName","propertyName","propertyValue","Source Cypher File: Dependencies_Projection/Dependencies_8_Stream_Mutated.cypher"
"/axon-eventsourcing-4.9.3.jar","axon-eventsourcing-4.9.3","embeddingsFastRandomProjection","-0.36752886,-0.23387319,-0.60140204,0.35153016,0.35153016,0.13491842,0.54502153,0.36752886,-0.42736453,0.25257537,-0.4600456,-0.54502153,0,-0.18393083,-0.5949639,0.36752886",""
"/axon-configuration-4.9.3.jar","axon-configuration-4.9.3","embeddingsFastRandomProjection","-0.37811503,-0.24388465,-0.62199974,0.3462854,0.3462854,0.1394,0.5412669,0.37811503,-0.43886614,0.2418007,-0.4580648,-0.5412669,0,-0.18768686,-0.59746474,0.37811503",""
"/axon-messaging-4.9.3.jar","axon-messaging-4.9.3","embeddingsFastRandomProjection","-0.2977143,-0.3086015,-0.6063158,0.40579933,0.40579933,0.11022049,0.4428455,0.2977143,-0.34564766,0.20741826,-0.36743453,-0.4428455,0,-0.2737921,-0.477655,0.2977143",""
"/axon-test-4.9.3.jar","axon-test-4.9.3","embeddingsFastRandomProjection","-0.37070945,-0.24076416,-0.6114736,0.3369961,0.3369961,0.13654447,0.5279923,0.37070945,-0.43176034,0.23277637,-0.45118183,-0.5279923,0,-0.18103021,-0.58772624,0.37070945",""
"/axon-disruptor-4.9.3.jar","axon-disruptor-4.9.3","embeddingsFastRandomProjection","-0.39808503,-0.263351,-0.66143596,0.36889213,0.36889213,0.14691016,0.567454,0.39808503,-0.46191287,0.25245124,-0.48029453,-0.567454,0,-0.2036004,-0.62720466,0.39808503",""
"/axon-modelling-4.9.3.jar","axon-modelling-4.9.3","embeddingsFastRandomProjection","-0.39485967,-0.24998152,-0.64484113,0.39787772,0.39787772,0.14494792,0.6040703,0.39485967,-0.45617405,0.29284412,-0.49505103,-0.6040703,0,-0.21405295,-0.6399989,0.39485967",""
