"codeUnitName","shortCodeUnitName","propertyName","propertyValue","Source Cypher File: Dependencies_Projection/Dependencies_8_Stream_Mutated.cypher"
"/axon-test-4.9.3.jar","axon-test-4.9.3","embeddingsNode2Vec","0.023501994,-0.026451282,0.018253913,0.006724458,0.018648326,-0.0020341135,-0.015293446,0.009441567,-0.01139661,0.008188762,-0.026454968,-0.030956961,-0.023948872,0.010064607,-0.0030090564,-0.012996602",""
"/axon-messaging-4.9.3.jar","axon-messaging-4.9.3","embeddingsNode2Vec","0.026917506,-0.013825413,-0.022453032,-0.030697634,0.008192539,0.0042714034,-0.010581881,-0.030136278,-0.027970659,0.009767155,0.023013774,-0.02431617,-0.017908417,-0.009329824,0.0004949427,0.0017154439",""
"/axon-modelling-4.9.3.jar","axon-modelling-4.9.3","embeddingsNode2Vec","0.016675455,-0.0073294356,-0.00788703,-0.027345747,-0.0026993956,0.015440026,0.011027452,-0.012125106,0.010507958,-0.020758053,0.008868197,-0.015713476,0.003369766,-0.0030493538,-0.0095744515,-0.006954957",""
"/axon-disruptor-4.9.3.jar","axon-disruptor-4.9.3","embeddingsNode2Vec","-0.012225723,0.0044314144,-0.015681425,-0.019248318,-0.0009970624,-0.015589153,0.029630797,-0.0225535,0.015507225,0.009851505,0.0027130882,0.016851177,0.013662415,0.02902787,0.012394434,-0.01788729",""
"/axon-eventsourcing-4.9.3.jar","axon-eventsourcing-4.9.3","embeddingsNode2Vec","-0.00044577723,0.021843303,-0.009792348,-0.014073383,0.0038059778,-0.0017795073,0.017326178,0.01680941,0.009377148,-0.0046830764,-0.00676476,0.018204136,-0.001720331,-0.017754477,-0.028500091,-0.013334476",""
"/axon-configuration-4.9.3.jar","axon-configuration-4.9.3","embeddingsNode2Vec","0.020208543,-0.029730586,0.01539066,-0.029010389,0.0009433741,0.013565886,0.00643726,0.007328239,0.029667642,-0.013710423,0.022922711,0.0164874,0.0033750322,0.030796506,-0.0031813297,0.01231774",""
