"codeUnitName","shortCodeUnitName","propertyName","propertyValue","Source Cypher File: Dependencies_Projection/Dependencies_8_Stream_Mutated.cypher"
"/axon-modelling-4.9.3.jar","axon-modelling-4.9.3","embeddingsNode2Vec","-0.022144904,-0.014234308,-0.018276667,-0.08422126,0.23271672,0.42142344,0.51214063,0.47396845,0.51358336,0.5371783,-0.11125068,0.2646001,0.14180641,0.24597216,-0.33263668,0.05704176",""
"/axon-configuration-4.9.3.jar","axon-configuration-4.9.3","embeddingsNode2Vec","0.0012767737,-0.012424398,-0.028954951,-0.07971644,0.21404251,0.39726806,0.55667245,0.49095067,0.498625,0.51538223,-0.11008492,0.27471888,0.1826091,0.24069066,-0.35038194,0.04285927",""
"/axon-eventsourcing-4.9.3.jar","axon-eventsourcing-4.9.3","embeddingsNode2Vec","-0.04387934,0.022635154,-0.014469128,-0.0683103,0.22556436,0.38066173,0.5363353,0.48614722,0.47897556,0.51336473,-0.11947168,0.2739339,0.13506372,0.20714836,-0.37450686,0.015191661",""
"/axon-messaging-4.9.3.jar","axon-messaging-4.9.3","embeddingsNode2Vec","-0.012364274,0.011495194,-0.027282353,-0.09001307,0.19450188,0.37135777,0.5443095,0.49363875,0.51243466,0.49805304,-0.13818976,0.29065815,0.16647455,0.22697194,-0.34108612,0.023463199",""
"/axon-test-4.9.3.jar","axon-test-4.9.3","embeddingsNode2Vec","-0.0056781797,-0.027059413,-0.036243077,-0.09991921,0.20695668,0.37312862,0.5275317,0.49830556,0.5230214,0.49333778,-0.12706101,0.29593927,0.16897254,0.22776994,-0.36223376,0.040548965",""
"/axon-disruptor-4.9.3.jar","axon-disruptor-4.9.3","embeddingsNode2Vec","-0.01922096,0.015305717,-0.05200969,-0.08830095,0.19078964,0.37712806,0.54096466,0.49603158,0.50714844,0.5072489,-0.11768314,0.29989672,0.17577647,0.25154528,-0.32707977,0.009645587",""
