"codeUnitName","shortCodeUnitName","propertyName","propertyValue","Source Cypher File: Dependencies_Projection/Dependencies_8_Stream_Mutated.cypher"
"/axon-eventsourcing-4.9.3.jar","axon-eventsourcing-4.9.3","embeddingsNode2Vec","-0.50931185,-0.08374934,-0.3020569,0.31431922,0.04894614,-0.079249874,0.011374612,0.16618988,0.62489283,-0.33920765,-0.16314082,-0.12901895,0.1073529,0.053206038,-0.7384222,0.04031604",""
"/axon-configuration-4.9.3.jar","axon-configuration-4.9.3","embeddingsNode2Vec","-0.5019576,-0.06771152,-0.27960703,0.29605585,0.040028006,-0.13394365,0.031000659,0.18379799,0.5911029,-0.37799525,-0.1832097,-0.07670852,0.10229727,0.030960856,-0.7123685,0.029333042",""
"/axon-messaging-4.9.3.jar","axon-messaging-4.9.3","embeddingsNode2Vec","-0.54722416,-0.065251134,-0.31597874,0.2970053,0.021550922,-0.13244754,0.04068666,0.1731129,0.60191023,-0.35653004,-0.1741617,-0.09668564,0.090479344,0.057004534,-0.73628306,0.014745667",""
"/axon-test-4.9.3.jar","axon-test-4.9.3","embeddingsNode2Vec","-0.51906204,-0.056113403,-0.2945391,0.27330944,-0.0076319682,-0.12682256,0.025230967,0.15035458,0.5967746,-0.34964213,-0.13868584,-0.07844359,0.10495387,0.077835076,-0.72462434,0.008289822",""
"/axon-disruptor-4.9.3.jar","axon-disruptor-4.9.3","embeddingsNode2Vec","-0.500511,-0.05526936,-0.28473926,0.29832917,0.0384697,-0.09847455,9.662444e-05,0.18258668,0.5903346,-0.36659613,-0.19063976,-0.08105709,0.12934569,0.03640284,-0.7296829,0.030417241",""
"/axon-modelling-4.9.3.jar","axon-modelling-4.9.3","embeddingsNode2Vec","-0.5159058,-0.07996503,-0.28920355,0.28330913,0.012179173,-0.12798858,0.015695613,0.16146848,0.613874,-0.35931614,-0.13567375,-0.080858774,0.111527756,0.06693298,-0.7384618,0.01097347",""
