"codeUnitName","shortCodeUnitName","propertyName","propertyValue","Source Cypher File: Dependencies_Projection/Dependencies_8_Stream_Mutated.cypher"
"/axon-modelling-4.9.3.jar","axon-modelling-4.9.3","embeddingsFastRandomProjection","-0.15988728,0,-0.27992332,-0.345708,-0.345708,0.43981063,0,0.20036027,0,0,0.23617819,0.78875554,-0.6288683,0.93875843,-0.5727982,-0.6288683",""
"/axon-configuration-4.9.3.jar","axon-configuration-4.9.3","embeddingsFastRandomProjection","-0.15684557,0,-0.27282518,-0.33946267,-0.33946267,0.42967078,0,0.17910637,0,0,0.25192532,0.7487201,-0.5918746,0.85851836,-0.5328009,-0.5918746",""
"/axon-eventsourcing-4.9.3.jar","axon-eventsourcing-4.9.3","embeddingsFastRandomProjection","-0.15226722,0,-0.26668358,-0.33225965,-0.33225965,0.41895083,0,0.1875231,0,0,0.24356869,0.7398528,-0.58758557,0.8637997,-0.5406711,-0.58758557",""
"/axon-messaging-4.9.3.jar","axon-messaging-4.9.3","embeddingsFastRandomProjection","-0.1246407,0,-0.21515289,-0.26822633,-0.26822633,0.33979362,0,0.14792572,0,0,0.18987666,0.73270434,-0.6080637,0.834339,-0.30259016,-0.6080637",""
"/axon-test-4.9.3.jar","axon-test-4.9.3","embeddingsFastRandomProjection","-0.15499523,0,-0.27003422,-0.33768046,-0.33768046,0.4250295,0,0.1771892,0,0,0.25636008,0.74078614,-0.5857909,0.8443005,-0.52526885,-0.5857909",""
"/axon-disruptor-4.9.3.jar","axon-disruptor-4.9.3","embeddingsFastRandomProjection","-0.16344449,0,-0.2837707,-0.35295832,-0.35295832,0.4472152,0,0.18464452,0,0,0.2619541,0.7867627,-0.62331825,0.898967,-0.54289174,-0.62331825",""
