"codeUnitName","shortCodeUnitName","propertyName","propertyValue","Source Cypher File: Dependencies_Projection/Dependencies_8_Stream_Mutated.cypher"
"/axon-eventsourcing-4.9.3.jar","axon-eventsourcing-4.9.3","embeddingsNode2Vec","-0.35210052,-0.08329127,-0.30654278,-0.34269392,-0.4464823,-0.027454901,-0.3552367,-0.21346313,0.6244878,-0.2662877,0.28902316,-0.21148723,0.027776748,-0.017349456,0.39433727,-0.18582065",""
"/axon-configuration-4.9.3.jar","axon-configuration-4.9.3","embeddingsNode2Vec","-0.33509067,-0.078468725,-0.29294512,-0.35207978,-0.4448865,-0.06738287,-0.34164554,-0.19240874,0.61526793,-0.30364665,0.28473854,-0.17338625,0.027827661,-0.037991386,0.41759348,-0.20834112",""
"/axon-messaging-4.9.3.jar","axon-messaging-4.9.3","embeddingsNode2Vec","-0.36622018,-0.0814791,-0.32330334,-0.35084587,-0.4626806,-0.05121445,-0.3583035,-0.20366484,0.6369058,-0.30194888,0.29461122,-0.19799387,0.03806537,-0.025196895,0.39409578,-0.2013516",""
"/axon-test-4.9.3.jar","axon-test-4.9.3","embeddingsNode2Vec","-0.36570814,-0.07463556,-0.33445966,-0.34791264,-0.45114678,-0.032231737,-0.37056884,-0.18899223,0.6319492,-0.2992751,0.28809848,-0.17163749,0.04383247,-0.012545124,0.401892,-0.19561462",""
"/axon-disruptor-4.9.3.jar","axon-disruptor-4.9.3","embeddingsNode2Vec","-0.3501827,-0.096414074,-0.3424822,-0.34171548,-0.48227823,-0.07058862,-0.36487627,-0.21382502,0.61727905,-0.29533437,0.30451265,-0.18188891,0.03839887,-0.032222986,0.36089972,-0.18979138",""
"/axon-modelling-4.9.3.jar","axon-modelling-4.9.3","embeddingsNode2Vec","-0.3651153,-0.06639936,-0.29739285,-0.35364708,-0.43370497,-0.055385765,-0.33531776,-0.17886615,0.625373,-0.29919207,0.28682902,-0.18805297,0.044913746,-0.02828056,0.39942208,-0.1967055",""
