"codeUnitName","shortCodeUnitName","propertyName","propertyValue","Source Cypher File: Dependencies_Projection/Dependencies_8_Stream_Mutated.cypher"
"/axon-modelling-4.9.3.jar","axon-modelling-4.9.3","embeddingsNode2Vec","-0.08303298,0.11264744,0.6563712,0.13847947,0.4515298,0.365769,0.40315446,-0.47910887,-0.2718389,0.08974377,-0.07347673,-0.014678611,0.32574522,0.03558976,0.17304729,0.25611526",""
"/axon-configuration-4.9.3.jar","axon-configuration-4.9.3","embeddingsNode2Vec","-0.069122106,0.118547894,0.6576402,0.12991504,0.446915,0.37234738,0.4131551,-0.49427384,-0.25027624,0.05786985,-0.052071773,-0.0011327716,0.30313793,0.01664672,0.17274162,0.26069775",""
"/axon-eventsourcing-4.9.3.jar","axon-eventsourcing-4.9.3","embeddingsNode2Vec","-0.096579306,0.13476382,0.65946466,0.13676146,0.46971098,0.3375046,0.402047,-0.4923261,-0.29061285,0.08600413,-0.067531236,-0.012685483,0.3050125,0.006743374,0.13297656,0.26454216",""
"/axon-messaging-4.9.3.jar","axon-messaging-4.9.3","embeddingsNode2Vec","-0.07980188,0.12613459,0.65264386,0.13329002,0.46131626,0.34982553,0.39928654,-0.49777636,-0.28480753,0.09712748,-0.0531466,-0.029001663,0.29675466,0.009690877,0.15375705,0.27815354",""
"/axon-test-4.9.3.jar","axon-test-4.9.3","embeddingsNode2Vec","-0.062881775,0.13284802,0.664138,0.14883359,0.47208104,0.37028897,0.43633947,-0.48394397,-0.2541019,0.10036206,-0.04874066,-0.023774689,0.3192483,0.031899244,0.16897179,0.24792309",""
"/axon-disruptor-4.9.3.jar","axon-disruptor-4.9.3","embeddingsNode2Vec","-0.06999492,0.13649607,0.6764329,0.15614955,0.44262803,0.3713574,0.4181779,-0.45532763,-0.23891442,0.09025297,-0.058583416,-0.0155452,0.29956752,0.0473347,0.15860248,0.2790876",""
