"codeUnitName","shortCodeUnitName","propertyName","propertyValue","Source Cypher File: Dependencies_Projection/Dependencies_8_Stream_Mutated.cypher"
"/axon-disruptor-4.9.3.jar","axon-disruptor-4.9.3","embeddingsNode2Vec","-0.0004881943,0.013495576,0.010107177,0.016213313,-0.0140121095,0.024525315,-0.016094763,0.0258363,-0.018256333,-0.015170888,-0.0050680684,-0.015521171,0.020675428,-0.00677007,-0.0031217858,0.027582074",""
"/axon-modelling-4.9.3.jar","axon-modelling-4.9.3","embeddingsNode2Vec","0.011412209,0.021721166,0.006303791,0.01673007,-0.0181121,-0.0007557996,0.02710989,-0.010541226,-0.0033951532,-0.03095408,0.023398668,-0.008989216,-0.009981001,-0.027049499,0.008746753,-0.027814552",""
"/axon-configuration-4.9.3.jar","axon-configuration-4.9.3","embeddingsNode2Vec","0.0064364052,-0.018698543,-0.030395707,-2.6321677e-05,0.017118301,-0.024303332,0.029185578,0.005178722,-0.014726512,0.01626262,0.004876423,0.021723345,-0.019987257,0.0037441473,-0.0051510907,0.0060762004",""
"/axon-messaging-4.9.3.jar","axon-messaging-4.9.3","embeddingsNode2Vec","0.015422755,0.012885182,0.02602645,0.0020116908,-0.01581062,0.011108932,-0.0050432524,0.01255482,-0.010821437,0.026978653,0.016266288,-0.004622463,0.003671624,-0.004979388,-0.025471974,0.019614317",""
"/axon-test-4.9.3.jar","axon-test-4.9.3","embeddingsNode2Vec","0.020081876,-0.022399513,-0.009410472,-0.028532805,0.023533873,-0.024841014,0.02962327,0.021640994,0.00812817,-0.01049503,-0.0027121715,-0.0066598454,-0.027900653,-0.016385049,0.008391169,0.023889817",""
"/axon-eventsourcing-4.9.3.jar","axon-eventsourcing-4.9.3","embeddingsNode2Vec","-0.008472396,-0.019129178,0.008510376,-0.026274903,-0.013154183,-0.011424719,-0.0041411784,0.0022884833,-0.014319149,0.006051705,-0.004091304,0.024686633,-0.029274506,-0.011224106,-0.005692007,0.01918626",""
