"codeUnitName","shortCodeUnitName","propertyName","propertyValue","Source Cypher File: Dependencies_Projection/Dependencies_8_Stream_Mutated.cypher"
"/axon-modelling-4.9.3.jar","axon-modelling-4.9.3","embeddingsNode2Vec","-0.0807737,0.055810034,0.34809878,-0.011940539,0.0921526,0.56157386,0.017362706,-0.1906008,-0.054008815,0.33826226,0.20569539,-0.08205874,-0.55002433,0.1599921,0.4897721,0.5462359",""
"/axon-configuration-4.9.3.jar","axon-configuration-4.9.3","embeddingsNode2Vec","-0.06693167,0.04886391,0.31500986,-0.027589507,0.078020796,0.5706109,0.0032849011,-0.16275832,-0.038780753,0.3082694,0.22400133,-0.07128021,-0.58554137,0.14786962,0.4746283,0.57671916",""
"/axon-eventsourcing-4.9.3.jar","axon-eventsourcing-4.9.3","embeddingsNode2Vec","-0.09032026,0.046404887,0.35831875,-0.01779442,0.09810982,0.54708815,0.01704715,-0.19745024,-0.06970587,0.36106965,0.19720578,-0.08120724,-0.5452844,0.15205072,0.4829173,0.5542424",""
"/axon-messaging-4.9.3.jar","axon-messaging-4.9.3","embeddingsNode2Vec","-0.09024406,0.066340834,0.33594686,-0.013754672,0.09835765,0.579202,0.034818683,-0.21008134,-0.053335246,0.3213115,0.21082509,-0.08604252,-0.57113516,0.15128827,0.48800665,0.5227966",""
"/axon-test-4.9.3.jar","axon-test-4.9.3","embeddingsNode2Vec","-0.058750313,0.0422521,0.3436212,-0.022185693,0.07890104,0.57226896,-0.007130632,-0.17181088,-0.034930278,0.32872987,0.216808,-0.0903834,-0.55587864,0.14681819,0.47502574,0.554334",""
"/axon-disruptor-4.9.3.jar","axon-disruptor-4.9.3","embeddingsNode2Vec","-0.05693776,0.04399625,0.3455987,0.0027734283,0.11673643,0.5921558,-0.0013334228,-0.18901527,-0.0819327,0.37445503,0.22439393,-0.09270024,-0.5486081,0.17139776,0.48991424,0.52881885",""
