"codeUnitName","shortCodeUnitName","propertyName","propertyValue","Source Cypher File: Dependencies_Projection/Dependencies_8_Stream_Mutated.cypher"
"/axon-test-4.9.3.jar","axon-test-4.9.3","embeddingsNode2Vec","-0.41045958,-0.4012857,-0.16099836,0.029811012,-0.095804945,-0.21830314,0.18887037,0.21561182,-0.11163763,-0.12117992,-0.21814364,-0.6314979,0.32043156,0.25027847,-0.48037496,-0.37374654",""
"/axon-modelling-4.9.3.jar","axon-modelling-4.9.3","embeddingsNode2Vec","-0.42381144,-0.4142581,-0.16363625,0.03230319,-0.11462451,-0.22637366,0.18644373,0.2367948,-0.12703843,-0.14282542,-0.20950559,-0.62211686,0.34900832,0.24651197,-0.49711996,-0.38860255",""
"/axon-configuration-4.9.3.jar","axon-configuration-4.9.3","embeddingsNode2Vec","-0.442787,-0.43758214,-0.17011383,0.029914904,-0.12225977,-0.22507708,0.20360398,0.21838894,-0.09603806,-0.14450333,-0.22086792,-0.5882774,0.3426423,0.2551169,-0.51973426,-0.41851",""
"/axon-disruptor-4.9.3.jar","axon-disruptor-4.9.3","embeddingsNode2Vec","-0.43192428,-0.39401576,-0.19358926,0.01577302,-0.09358793,-0.25647774,0.19654192,0.22383961,-0.10084488,-0.14603277,-0.24460717,-0.5985366,0.31047544,0.2592351,-0.49976546,-0.40002725",""
"/axon-messaging-4.9.3.jar","axon-messaging-4.9.3","embeddingsNode2Vec","-0.4432133,-0.4112493,-0.15161715,0.03698324,-0.09587274,-0.21078643,0.19417764,0.23387903,-0.124311045,-0.15164572,-0.21780595,-0.61459136,0.3320456,0.27760133,-0.50751275,-0.3974448",""
"/axon-eventsourcing-4.9.3.jar","axon-eventsourcing-4.9.3","embeddingsNode2Vec","-0.42780936,-0.39443186,-0.1859734,0.021994438,-0.12770312,-0.24697253,0.17272095,0.26049882,-0.12852623,-0.15576951,-0.22910886,-0.6130927,0.3119045,0.24377064,-0.47934288,-0.4059957",""
