"codeUnitName","shortCodeUnitName","propertyName","propertyValue","Source Cypher File: Dependencies_Projection/Dependencies_8_Stream_Mutated.cypher"
"/axon-modelling-4.9.3.jar","axon-modelling-4.9.3","embeddingsNode2Vec","-0.004117607,-0.01353016,0.024536487,0.016554454,-0.0026282077,-0.005641658,0.028516775,0.0013606542,-0.008849756,0.0031874592,-0.015135899,0.026962541,0.005197453,0.021866987,-0.004532983,0.029499508",""
"/axon-test-4.9.3.jar","axon-test-4.9.3","embeddingsNode2Vec","0.0064924047,0.007561383,-0.005682121,0.027266769,0.004375324,0.02098011,0.00869225,0.01142936,0.012330642,0.026931046,0.031009872,-0.0243869,-0.018772466,0.0043188883,-0.029599309,-0.004101008",""
"/axon-eventsourcing-4.9.3.jar","axon-eventsourcing-4.9.3","embeddingsNode2Vec","0.028764786,0.018591836,0.031003712,0.0073965676,0.0020833386,0.0070911814,-0.014135135,0.0018297845,-0.00835277,0.030670812,-0.02190798,0.025056537,0.010410057,0.011748152,0.026550718,0.024790639",""
"/axon-messaging-4.9.3.jar","axon-messaging-4.9.3","embeddingsNode2Vec","0.025030388,0.024426496,-0.013364526,-0.0055163456,0.0061246003,0.014124908,-0.024131855,0.007828005,-0.025129072,0.0024794894,-0.02408729,0.0052051456,0.028500814,0.023973942,0.015041361,-0.028310228",""
"/axon-disruptor-4.9.3.jar","axon-disruptor-4.9.3","embeddingsNode2Vec","-0.023810042,0.020411579,-0.015755048,-0.00054083875,0.0013490638,0.0049923467,0.017263986,0.015802003,-0.017266257,0.030959992,-0.029292857,-0.029306414,0.026072243,0.006726975,0.011973718,-0.012835956",""
"/axon-configuration-4.9.3.jar","axon-configuration-4.9.3","embeddingsNode2Vec","-0.012119348,-0.025085626,-0.010290076,0.003999575,0.006086347,0.018456,0.0044539077,-0.007714488,-0.023116175,0.015275713,0.024166545,-0.027927157,0.010401774,0.021882946,-0.028970422,-0.008748264",""
