"codeUnitName","shortCodeUnitName","propertyName","propertyValue","Source Cypher File: Dependencies_Projection/Dependencies_8_Stream_Mutated.cypher"
"/axon-eventsourcing-4.9.3.jar","axon-eventsourcing-4.9.3","embeddingsNode2Vec","0.0016904122,0.32241902,0.073260844,-0.4610131,-0.13484275,-0.600415,0.283874,0.1746829,-0.020570908,-0.09795083,-0.21612962,0.7006973,0.04359055,-0.022031646,-0.31824932,-0.4163839",""
"/axon-configuration-4.9.3.jar","axon-configuration-4.9.3","embeddingsNode2Vec","0.020067245,0.28744823,0.06719322,-0.42381102,-0.1222056,-0.5850296,0.26781017,0.17301306,-0.04755761,-0.1202393,-0.21417624,0.6845363,0.032414522,-0.040713567,-0.2856213,-0.39823774",""
"/axon-messaging-4.9.3.jar","axon-messaging-4.9.3","embeddingsNode2Vec","-0.031206924,0.30888405,0.047493935,-0.42641187,-0.15396254,-0.6094514,0.25542417,0.16883077,-0.009465788,-0.12880716,-0.1935114,0.6555279,0.06618039,-0.023450589,-0.3152834,-0.42562386",""
"/axon-test-4.9.3.jar","axon-test-4.9.3","embeddingsNode2Vec","0.00041224307,0.29966727,0.058660045,-0.4343097,-0.109349415,-0.556675,0.26262766,0.18864688,-0.026178984,-0.09243867,-0.21587521,0.67665017,0.026282782,-0.035803698,-0.30118075,-0.4071209",""
"/axon-disruptor-4.9.3.jar","axon-disruptor-4.9.3","embeddingsNode2Vec","0.0079947105,0.28449228,0.05433347,-0.44557437,-0.13990791,-0.5752692,0.26026708,0.1762924,-0.019400029,-0.13181604,-0.22810438,0.69217044,0.041779954,-0.018501317,-0.31890577,-0.39786732",""
"/axon-modelling-4.9.3.jar","axon-modelling-4.9.3","embeddingsNode2Vec","0.00014824903,0.30884972,0.06901737,-0.42642865,-0.13624045,-0.5895489,0.27759588,0.15515716,-0.022913476,-0.09124855,-0.21309072,0.67831564,0.0445156,-0.013015277,-0.3186214,-0.404472",""
