"codeUnitName","shortCodeUnitName","propertyName","propertyValue","Source Cypher File: Dependencies_Projection/Dependencies_8_Stream_Mutated.cypher"
"/axon-modelling-4.9.3.jar","axon-modelling-4.9.3","embeddingsNode2Vec","0.37064672,0.108594924,-0.37287465,0.37831235,-0.3387195,-0.22998461,-0.5139259,0.29055536,-0.5238572,-0.23379521,0.28658068,0.2177311,0.07321062,0.41875926,-0.099912755,-0.11468052",""
"/axon-configuration-4.9.3.jar","axon-configuration-4.9.3","embeddingsNode2Vec","0.34517935,0.100899346,-0.3754515,0.3415363,-0.36907184,-0.24302308,-0.49415493,0.29082528,-0.51012367,-0.23313577,0.27380452,0.22835767,0.0880467,0.41692096,-0.10420974,-0.112904385",""
"/axon-eventsourcing-4.9.3.jar","axon-eventsourcing-4.9.3","embeddingsNode2Vec","0.35546798,0.109005,-0.36771554,0.3549366,-0.3415966,-0.23375575,-0.48592028,0.30182,-0.5364063,-0.23176344,0.2832138,0.22812262,0.06040942,0.38766265,-0.12153334,-0.12606204",""
"/axon-messaging-4.9.3.jar","axon-messaging-4.9.3","embeddingsNode2Vec","0.35989657,0.099876806,-0.36617553,0.35698727,-0.33788726,-0.2337032,-0.5022083,0.30389664,-0.5347865,-0.26846012,0.27222267,0.24562967,0.075161085,0.39834765,-0.10497826,-0.13110977",""
"/axon-test-4.9.3.jar","axon-test-4.9.3","embeddingsNode2Vec","0.34328005,0.12872835,-0.35940358,0.39408678,-0.28371656,-0.23535585,-0.49506095,0.31452513,-0.53515863,-0.27428833,0.27402884,0.24405393,0.035461526,0.35648116,-0.1293647,-0.1727069",""
"/axon-disruptor-4.9.3.jar","axon-disruptor-4.9.3","embeddingsNode2Vec","0.3679321,0.072672606,-0.37665367,0.33182073,-0.3652032,-0.22691606,-0.5133242,0.29572156,-0.48621848,-0.19981061,0.27780402,0.24594423,0.07898949,0.42030156,-0.11687161,-0.11076997",""
