"codeUnitName","shortCodeUnitName","propertyName","propertyValue","Source Cypher File: Dependencies_Projection/Dependencies_8_Stream_Mutated.cypher"
"/axon-modelling-4.9.3.jar","axon-modelling-4.9.3","embeddingsFastRandomProjection","0.39884984,-0.105614156,-0.68704563,0,-0.2552393,-0.4326443,0.61004925,-0.74227667,-0.28301916,0.28301916,-0.5737281,0.105614156,-0.4326443,0.7511331,0.51216733,-0.51565516",""
"/axon-configuration-4.9.3.jar","axon-configuration-4.9.3","embeddingsFastRandomProjection","0.3759688,-0.094091475,-0.67868465,0,-0.23256677,-0.41138428,0.5902018,-0.7218983,-0.272909,0.272909,-0.55023956,0.094091475,-0.41138428,0.72905713,0.50441384,-0.49494025",""
"/axon-eventsourcing-4.9.3.jar","axon-eventsourcing-4.9.3","embeddingsFastRandomProjection","0.3764066,-0.10127049,-0.67566764,0,-0.23548824,-0.4115407,0.58759314,-0.7152068,-0.27732295,0.27732295,-0.55134195,0.10127049,-0.4115407,0.7273945,0.5007322,-0.49291456",""
"/axon-messaging-4.9.3.jar","axon-messaging-4.9.3","embeddingsFastRandomProjection","0.42200306,-0.08116607,-0.55507797,0,-0.30615395,-0.45101336,0.59587276,-0.7035502,-0.2260255,0.2260255,-0.4587744,0.08116607,-0.45101336,0.60363394,0.51830655,-0.5193572",""
"/axon-test-4.9.3.jar","axon-test-4.9.3","embeddingsFastRandomProjection","0.3717787,-0.09354329,-0.67668617,0,-0.22924668,-0.40811878,0.58699095,-0.7163842,-0.2724154,0.2724154,-0.5443022,0.09354329,-0.40811878,0.72317433,0.50416267,-0.49098554",""
"/axon-disruptor-4.9.3.jar","axon-disruptor-4.9.3","embeddingsFastRandomProjection","0.3890028,-0.09462401,-0.689303,0,-0.24313928,-0.42494184,0.6067444,-0.74122596,-0.27642658,0.27642658,-0.558788,0.09462401,-0.42494184,0.7405906,0.5195178,-0.5101521",""
