"codeUnitName","shortCodeUnitName","propertyName","propertyValue","Source Cypher File: Dependencies_Projection/Dependencies_8_Stream_Mutated.cypher"
"/axon-modelling-4.9.3.jar","axon-modelling-4.9.3","embeddingsNode2Vec","0.004317302,-0.01637531,0.018299099,-0.011556009,0.024988761,-0.011684019,0.026950892,0.0074285553,0.011289094,-0.027742445,0.021873161,0.015465794,0.011126959,-0.005694603,0.014094381,-0.015233846",""
"/axon-messaging-4.9.3.jar","axon-messaging-4.9.3","embeddingsNode2Vec","0.010505418,-0.0024087427,0.0050800387,-0.005839941,0.01972618,-0.017653791,-0.016746761,-0.027369227,0.0019557758,-0.017806739,0.02763257,0.012546442,-0.022759955,-0.019079195,0.017032137,0.030109532",""
"/axon-configuration-4.9.3.jar","axon-configuration-4.9.3","embeddingsNode2Vec","0.02201638,-0.0010900674,-0.00017516542,0.004389817,0.008370449,-0.016524078,0.00030927607,0.008488388,-0.029324122,0.004210353,-0.0036870397,0.027954854,-0.0031018832,0.025831724,-0.026840735,-0.0019582782",""
"/axon-disruptor-4.9.3.jar","axon-disruptor-4.9.3","embeddingsNode2Vec","0.02974859,0.029115206,-0.022089107,0.020848367,-0.029109746,0.0019711887,0.0027991878,0.011198473,-0.010745503,0.01908786,-0.03121208,-0.00019849316,0.022432348,-0.029954907,-0.015478931,-0.01623377",""
"/axon-eventsourcing-4.9.3.jar","axon-eventsourcing-4.9.3","embeddingsNode2Vec","-0.020960266,0.025334047,-0.02498721,-0.009261703,-0.008083036,-0.005831514,-0.019319883,-0.0063165985,-0.02537713,0.0050741592,0.006532526,-0.026173146,-0.01138232,-0.012142942,-0.002526873,0.012562916",""
"/axon-test-4.9.3.jar","axon-test-4.9.3","embeddingsNode2Vec","-0.020889934,0.021013469,-0.021558601,0.01058762,-0.013445655,-0.006350817,-0.031181065,0.014953107,0.016478745,-0.011351148,-0.018092789,-0.023487093,0.025764303,0.022480143,0.026718402,-0.028495554",""
