"codeUnitName","shortCodeUnitName","propertyName","propertyValue","Source Cypher File: Dependencies_Projection/Dependencies_8_Stream_Mutated.cypher"
"/axon-eventsourcing-4.9.3.jar","axon-eventsourcing-4.9.3","embeddingsFastRandomProjection","0.40018028,0.31909698,-0.21799704,0.9444741,-0.53271496,-0.31065935,0.25482893,-0.9328952,-0.31909698,0.23801365,0.32722273,-0.49284258,-0.17374563,0.3065921,-0.5888572,0",""
"/axon-test-4.9.3.jar","axon-test-4.9.3","embeddingsFastRandomProjection","0.3940229,0.31014776,-0.22442506,0.94430757,-0.5388582,-0.31972677,0.2630521,-0.932881,-0.31014776,0.22627257,0.3187265,-0.48932463,-0.17917693,0.30585432,-0.577375,0",""
"/axon-modelling-4.9.3.jar","axon-modelling-4.9.3","embeddingsFastRandomProjection","0.41497305,0.3339891,-0.21775743,0.96810824,-0.5440532,-0.30782345,0.25203392,-0.9590262,-0.3339891,0.25300515,0.35566664,-0.5050391,-0.17104998,0.30461824,-0.6043308,0",""
"/axon-disruptor-4.9.3.jar","axon-disruptor-4.9.3","embeddingsFastRandomProjection","0.4021567,0.3166467,-0.22817342,0.96743345,-0.5558081,-0.32315218,0.26599887,-0.9579648,-0.3166467,0.23113659,0.337884,-0.4971355,-0.18048882,0.30639738,-0.58521855,0",""
"/axon-configuration-4.9.3.jar","axon-configuration-4.9.3","embeddingsFastRandomProjection","0.39862168,0.31431842,-0.22531566,0.9498794,-0.5414072,-0.31946948,0.26276037,-0.94002885,-0.31431842,0.23001511,0.32626757,-0.4927755,-0.17845711,0.30414236,-0.581016,0",""
"/axon-messaging-4.9.3.jar","axon-messaging-4.9.3","embeddingsFastRandomProjection","0.34265113,0.27242455,-0.18590797,0.9441066,-0.5950712,-0.2625189,0.21706417,-0.93772227,-0.27242455,0.20219792,0.42584664,-0.41926208,-0.14683756,0.25574103,-0.4970094,0",""
