"codeUnitName","shortCodeUnitName","propertyName","propertyValue","Source Cypher File: Dependencies_Projection/Dependencies_8_Stream_Mutated.cypher"
"/axon-test-4.9.3.jar","axon-test-4.9.3","embeddingsFastRandomProjection","0.060906135,-0.061296552,0.32408363,0.12912333,-0.96078986,-0.32408363,-0.067826815,0.50758284,-0.6951737,0,0.37604603,-0.26317745,0,0.5144783,-0.38042426,0.453207",""
"/axon-modelling-4.9.3.jar","axon-modelling-4.9.3","embeddingsFastRandomProjection","0.04154315,-0.08361147,0.33379555,0.19359197,-1.0699493,-0.33379555,-0.10998052,0.54256165,-0.74044114,0,0.4379478,-0.29225236,0,0.48476523,-0.38610488,0.5273875",""
"/axon-configuration-4.9.3.jar","axon-configuration-4.9.3","embeddingsFastRandomProjection","0.0652013,-0.059423402,0.330075,0.1359793,-0.9801775,-0.330075,-0.07655592,0.51412314,-0.709333,0,0.3836086,-0.2648737,0,0.51404226,-0.38514787,0.46605435",""
"/axon-disruptor-4.9.3.jar","axon-disruptor-4.9.3","embeddingsFastRandomProjection","0.070915595,-0.059245713,0.34420806,0.1385294,-1.0163527,-0.34420806,-0.07928373,0.53361505,-0.7477852,0,0.40558934,-0.27329242,0,0.5362046,-0.4014416,0.48273748",""
"/axon-messaging-4.9.3.jar","axon-messaging-4.9.3","embeddingsFastRandomProjection","0.04467536,-0.05719476,0.26775882,0.13315569,-0.8277382,-0.26775882,-0.07596096,0.42682368,-0.76950324,0,0.5140366,-0.2230834,0,0.40258914,-0.3126614,0.40091455",""
"/axon-eventsourcing-4.9.3.jar","axon-eventsourcing-4.9.3","embeddingsFastRandomProjection","0.04101298,-0.07798322,0.31727478,0.15735221,-0.9888813,-0.31727478,-0.079369016,0.5142542,-0.68641543,0,0.39302957,-0.27626178,0,0.49027854,-0.371369,0.47462702",""
