"codeUnitName","shortCodeUnitName","propertyName","propertyValue","Source Cypher File: Dependencies_Projection/Dependencies_8_Stream_Mutated.cypher"
"/axon-test-4.9.3.jar","axon-test-4.9.3","embeddingsNode2Vec","-0.5514998,-0.44799206,0.4450859,0.2606631,-0.23811257,0.41509247,0.1413987,0.008264511,-0.22992907,0.29762638,0.19884796,-0.29542488,0.0949909,0.14365138,-0.10998961,-0.487766",""
"/axon-modelling-4.9.3.jar","axon-modelling-4.9.3","embeddingsNode2Vec","-0.5433987,-0.45422873,0.42181683,0.25311083,-0.26245996,0.37849882,0.13532554,0.012610946,-0.24276298,0.26913813,0.1797136,-0.28149968,0.09353955,0.15323754,-0.11140871,-0.532704",""
"/axon-configuration-4.9.3.jar","axon-configuration-4.9.3","embeddingsNode2Vec","-0.5544377,-0.4178125,0.43489653,0.2519926,-0.24514438,0.38950807,0.16510534,0.038403284,-0.2246605,0.27624494,0.21933334,-0.24618353,0.121276125,0.120402254,-0.14191346,-0.50708044",""
"/axon-disruptor-4.9.3.jar","axon-disruptor-4.9.3","embeddingsNode2Vec","-0.55296063,-0.46860096,0.43133584,0.23555039,-0.26573032,0.344684,0.13675165,-0.019413223,-0.26169074,0.31376383,0.19091444,-0.2518977,0.09763835,0.14157873,-0.10119059,-0.52301496",""
"/axon-messaging-4.9.3.jar","axon-messaging-4.9.3","embeddingsNode2Vec","-0.5578403,-0.47290573,0.43656844,0.25153065,-0.26215684,0.36738238,0.12713045,0.0074816104,-0.26550123,0.2774205,0.18042834,-0.2965903,0.097683005,0.16914073,-0.11572514,-0.52389485",""
"/axon-eventsourcing-4.9.3.jar","axon-eventsourcing-4.9.3","embeddingsNode2Vec","-0.57389146,-0.44781178,0.4439454,0.2575141,-0.25269142,0.39986855,0.12634793,0.04813375,-0.22191487,0.2680664,0.18024008,-0.28166476,0.10258856,0.13598622,-0.13899468,-0.49149182",""
