"codeUnitName","shortCodeUnitName","propertyName","propertyValue","Source Cypher File: Dependencies_Projection/Dependencies_8_Stream_Mutated.cypher"
"/axon-modelling-4.9.3.jar","axon-modelling-4.9.3","embeddingsNode2Vec","0.028145004,-0.18676639,0.057697926,-0.29845473,-0.20114784,0.16036668,0.30620316,0.31578082,-0.5118744,0.5781058,-0.002860784,0.48065674,-0.60367376,0.15528642,-0.08489875,0.03980416",""
"/axon-configuration-4.9.3.jar","axon-configuration-4.9.3","embeddingsNode2Vec","0.053661995,-0.17326635,0.019922305,-0.28362283,-0.1980672,0.1670102,0.27793738,0.29438463,-0.5615129,0.5429928,-0.062558785,0.48708397,-0.59816307,0.18181136,-0.13276055,0.029003687",""
"/axon-eventsourcing-4.9.3.jar","axon-eventsourcing-4.9.3","embeddingsNode2Vec","0.011859552,-0.15849134,0.030167237,-0.28531685,-0.21415263,0.1525209,0.29388657,0.30190915,-0.54709244,0.54725546,0.008126426,0.49753964,-0.6021032,0.12634084,-0.09148171,0.038815804",""
"/axon-messaging-4.9.3.jar","axon-messaging-4.9.3","embeddingsNode2Vec","0.04716721,-0.1910738,0.057980437,-0.29864007,-0.19440395,0.16960366,0.2943132,0.31379193,-0.51617247,0.56032485,-0.026696347,0.4768536,-0.6141607,0.1821144,-0.08774434,0.05074378",""
"/axon-test-4.9.3.jar","axon-test-4.9.3","embeddingsNode2Vec","0.037836026,-0.18872085,0.017700134,-0.31917563,-0.216895,0.13057834,0.28927577,0.36388162,-0.5035845,0.53638226,-0.020387555,0.51567566,-0.5923879,0.17209372,-0.08832276,-0.013689378",""
"/axon-disruptor-4.9.3.jar","axon-disruptor-4.9.3","embeddingsNode2Vec","0.022322321,-0.16742356,0.041640896,-0.28069168,-0.2038834,0.14264978,0.29900026,0.3017817,-0.534442,0.5309653,-0.039908975,0.48725647,-0.60374975,0.1623237,-0.11800633,0.034352817",""
