"codeUnitName","shortCodeUnitName","propertyName","propertyValue","Source Cypher File: Dependencies_Projection/Dependencies_8_Stream_Mutated.cypher"
"/axon-modelling-4.9.3.jar","axon-modelling-4.9.3","embeddingsNode2Vec","0.053109802,0.22512233,0.31979477,0.1724678,0.318765,0.78745604,0.17164233,-0.042335544,0.07203773,0.5222409,0.028748494,-0.34261957,-0.14740096,0.29718846,0.17302598,0.41248477",""
"/axon-configuration-4.9.3.jar","axon-configuration-4.9.3","embeddingsNode2Vec","0.071700014,0.223728,0.3236385,0.18582073,0.31612754,0.7533634,0.17352834,-0.056729697,0.05947786,0.50289536,0.03655417,-0.34130335,-0.13573787,0.27202538,0.1721855,0.42242914",""
"/axon-eventsourcing-4.9.3.jar","axon-eventsourcing-4.9.3","embeddingsNode2Vec","0.047814567,0.19271322,0.28728682,0.14115782,0.32110652,0.7998247,0.17704862,-0.050595667,0.06686998,0.5387435,0.025980923,-0.3147917,-0.14207198,0.2593815,0.1584365,0.38904798",""
"/axon-messaging-4.9.3.jar","axon-messaging-4.9.3","embeddingsNode2Vec","0.06099272,0.2168983,0.3214039,0.15539825,0.31351256,0.768643,0.1600819,-0.0445802,0.078712605,0.50887054,0.029517226,-0.33828664,-0.14592248,0.301293,0.18121949,0.4316684",""
"/axon-test-4.9.3.jar","axon-test-4.9.3","embeddingsNode2Vec","0.066089034,0.24476326,0.28705323,0.119377814,0.29491487,0.781012,0.18738616,-0.006298423,0.053146914,0.48415157,0.025500255,-0.25803906,-0.13447884,0.29808995,0.1878417,0.39980713",""
"/axon-disruptor-4.9.3.jar","axon-disruptor-4.9.3","embeddingsNode2Vec","0.06345358,0.24027131,0.29023445,0.15842032,0.34977746,0.79069614,0.18926656,-0.042577174,0.04609655,0.52254343,-0.0011028919,-0.3019896,-0.13649064,0.26172704,0.17483371,0.38892853",""
