"codeUnitName","shortCodeUnitName","propertyName","propertyValue","Source Cypher File: Dependencies_Projection/Dependencies_8_Stream_Mutated.cypher"
"/axon-test-4.9.3.jar","axon-test-4.9.3","embeddingsFastRandomProjection","-0.6891413,0.32278085,-0.6388488,-0.4128836,0,-0.2762577,0.2762577,-0.18615499,0.2762577,-0.2762577,-0.189008,0.96162957,-0.92608416,0.22832279,0.087249696,0",""
"/axon-modelling-4.9.3.jar","axon-modelling-4.9.3","embeddingsFastRandomProjection","-0.7199042,0.35555702,-0.65288687,-0.44103342,0,-0.27887076,0.27887076,-0.19339433,0.27887076,-0.27887076,-0.17613728,1.0084438,-0.9459249,0.2289874,0.10273346,0",""
"/axon-configuration-4.9.3.jar","axon-configuration-4.9.3","embeddingsFastRandomProjection","-0.69517004,0.32896793,-0.64413697,-0.41975558,0,-0.2754145,0.2754145,-0.18462685,0.2754145,-0.2754145,-0.18797755,0.97310483,-0.93351364,0.22504841,0.08743692,0",""
"/axon-disruptor-4.9.3.jar","axon-disruptor-4.9.3","embeddingsFastRandomProjection","-0.7044414,0.33301958,-0.6659221,-0.4257905,0,-0.2786509,0.2786509,-0.18587995,0.2786509,-0.2786509,-0.19134405,0.99894166,-0.94749725,0.22693905,0.08730683,0",""
"/axon-messaging-4.9.3.jar","axon-messaging-4.9.3","embeddingsFastRandomProjection","-0.60442626,0.29221672,-0.73383665,-0.36871853,0,-0.23570779,0.23570779,-0.15920597,0.23570779,-0.23570779,-0.15603969,1.0260532,-0.8029913,0.19318241,0.079668075,0",""
"/axon-eventsourcing-4.9.3.jar","axon-eventsourcing-4.9.3","embeddingsFastRandomProjection","-0.69681466,0.33336967,-0.6309049,-0.41887543,0,-0.2779392,0.2779392,-0.19243345,0.2779392,-0.2779392,-0.17998333,0.96427447,-0.9229727,0.23176447,0.097955845,0",""
