"codeUnitName","shortCodeUnitName","propertyName","propertyValue","Source Cypher File: Dependencies_Projection/Dependencies_8_Stream_Mutated.cypher"
"/axon-eventsourcing-4.9.3.jar","axon-eventsourcing-4.9.3","embeddingsNode2Vec","0.15415098,0.019032858,0.22194685,0.10431054,0.2853009,0.54569286,0.11687141,-0.18560345,0.031292178,0.7386787,0.26779315,-0.22381283,0.016017279,0.05161203,-0.024200832,0.61281",""
"/axon-configuration-4.9.3.jar","axon-configuration-4.9.3","embeddingsNode2Vec","0.18798153,0.03410892,0.23222256,0.09211545,0.30630535,0.5307927,0.13849407,-0.18098456,0.00886048,0.7363367,0.271745,-0.19985892,-0.004805607,0.03273259,-0.0042380895,0.6087962",""
"/axon-messaging-4.9.3.jar","axon-messaging-4.9.3","embeddingsNode2Vec","0.13261183,0.015800377,0.21095076,0.100163594,0.28799164,0.55495447,0.09010273,-0.18227428,0.019757759,0.7322436,0.2659029,-0.24857438,0.009493251,0.077347085,-0.02981849,0.6081339",""
"/axon-test-4.9.3.jar","axon-test-4.9.3","embeddingsNode2Vec","0.18609743,0.051535573,0.20842488,0.09256162,0.30936155,0.5436744,0.16705097,-0.19167648,0.013433977,0.72637385,0.2690109,-0.19177619,-0.009025808,0.022183543,-0.028467739,0.6068177",""
"/axon-disruptor-4.9.3.jar","axon-disruptor-4.9.3","embeddingsNode2Vec","0.18732709,0.06662976,0.25390574,0.10032374,0.3156294,0.5370128,0.120412685,-0.15600677,0.04390989,0.72012305,0.258324,-0.1869685,-0.010625795,0.049338825,0.008040015,0.6158235",""
"/axon-modelling-4.9.3.jar","axon-modelling-4.9.3","embeddingsNode2Vec","0.16607727,0.0250678,0.21483085,0.11019635,0.28902552,0.55637664,0.13959844,-0.20493469,0.041723493,0.72774667,0.26886865,-0.23093201,0.007193756,0.040007226,-0.023734955,0.5996847",""
