"codeUnitName","shortCodeUnitName","propertyName","propertyValue","Source Cypher File: Dependencies_Projection/Dependencies_8_Stream_Mutated.cypher"
"/axon-eventsourcing-4.9.3.jar","axon-eventsourcing-4.9.3","embeddingsNode2Vec","0.09758922,-0.11956501,0.19768938,-0.7392728,0.474009,-0.09100361,0.28802305,-0.13911875,-0.31138602,0.24031669,0.015768899,-0.6977732,0.06170124,0.17915954,0.09354678,-0.12121594",""
"/axon-test-4.9.3.jar","axon-test-4.9.3","embeddingsNode2Vec","0.118752494,-0.11795127,0.21500632,-0.7788634,0.4591021,-0.09568258,0.28701246,-0.15069169,-0.29960257,0.19849941,0.015111262,-0.6625506,0.0607826,0.15339069,0.101871595,-0.13773574",""
"/axon-modelling-4.9.3.jar","axon-modelling-4.9.3","embeddingsNode2Vec","0.08408288,-0.11061557,0.19576271,-0.7471914,0.4673398,-0.09262784,0.28855267,-0.12179511,-0.3167206,0.2213107,0.023611607,-0.67055297,0.07179442,0.17165737,0.09507558,-0.13740009",""
"/axon-disruptor-4.9.3.jar","axon-disruptor-4.9.3","embeddingsNode2Vec","0.094511904,-0.093712114,0.1698063,-0.7699503,0.47344708,-0.1200325,0.27975467,-0.13481936,-0.31952855,0.23702928,-0.0070443507,-0.67774945,0.050997827,0.17912821,0.09916923,-0.11285393",""
"/axon-configuration-4.9.3.jar","axon-configuration-4.9.3","embeddingsNode2Vec","0.09055906,-0.096410155,0.19166306,-0.74984574,0.461458,-0.08524532,0.29943204,-0.15078501,-0.31153142,0.21150714,-0.0031093624,-0.6979102,0.076748624,0.14503694,0.08796262,-0.12673141",""
"/axon-messaging-4.9.3.jar","axon-messaging-4.9.3","embeddingsNode2Vec","0.10477607,-0.109913796,0.2147217,-0.75792795,0.49048415,-0.081057616,0.30430987,-0.15520918,-0.30098742,0.22234964,0.019937146,-0.694407,0.065126054,0.16659595,0.106591254,-0.11653139",""
