"codeUnitName","shortCodeUnitName","propertyName","propertyValue","Source Cypher File: Dependencies_Projection/Dependencies_8_Stream_Mutated.cypher"
"/axon-test-4.9.3.jar","axon-test-4.9.3","embeddingsFastRandomProjection","1.1165684,0,-0.2870148,-0.22866547,-0.26307288,-0.26307288,0.63057154,0.058349326,-0.17324057,-0.45158947,0.26307288,0.33483392,0.05648502,-0.116755545,0.02207759,0.63057154",""
"/axon-messaging-4.9.3.jar","axon-messaging-4.9.3","embeddingsFastRandomProjection","1.0522771,0,-0.23044711,-0.18185835,-0.34277606,-0.34277606,0.5230402,0.048588738,-0.15932344,-0.36831918,0.34277606,0.26778638,0.058790643,-0.10053279,-0.102127135,0.5230402",""
"/axon-modelling-4.9.3.jar","axon-modelling-4.9.3","embeddingsFastRandomProjection","1.2121928,0,-0.29275554,-0.2293638,-0.28755754,-0.28755754,0.6798693,0.06339174,-0.22114174,-0.47412956,0.28755754,0.33719748,0.08420965,-0.13693208,0.026015848,0.6798693",""
"/axon-disruptor-4.9.3.jar","axon-disruptor-4.9.3","embeddingsFastRandomProjection","1.187265,0,-0.30338693,-0.23929852,-0.28743756,-0.28743756,0.6655828,0.06408839,-0.1869857,-0.47354323,0.28743756,0.35187382,0.06531624,-0.12166947,0.01717718,0.6655828",""
"/axon-eventsourcing-4.9.3.jar","axon-eventsourcing-4.9.3","embeddingsFastRandomProjection","1.1280704,0,-0.2797862,-0.22224958,-0.2617956,-0.2617956,0.63598126,0.057536613,-0.19148211,-0.45254308,0.2617956,0.3252626,0.06420161,-0.1272805,0.02465552,0.63598126",""
"/axon-configuration-4.9.3.jar","axon-configuration-4.9.3","embeddingsFastRandomProjection","1.1307516,0,-0.2897843,-0.22891393,-0.26706547,-0.26706547,0.63836956,0.060870387,-0.18054175,-0.45423043,0.26706547,0.3362625,0.062573805,-0.11796796,0.024422228,0.63836956",""
