"codeUnitName","shortCodeUnitName","propertyName","propertyValue","Source Cypher File: Dependencies_Projection/Dependencies_8_Stream_Mutated.cypher"
"/axon-test-4.9.3.jar","axon-test-4.9.3","embeddingsNode2Vec","-0.057361946,-0.30980527,-0.1858681,0.023320567,0.23701252,-0.1664185,0.14281401,-0.025654344,-0.05761195,0.45333207,-0.22517617,-1.0228065,0.04585034,0.036466278,-0.17554617,0.047866777",""
"/axon-modelling-4.9.3.jar","axon-modelling-4.9.3","embeddingsNode2Vec","-0.09876887,-0.35186276,-0.19424413,0.027130708,0.1787341,-0.14544573,0.13308127,-0.0050183283,-0.068126194,0.3963687,-0.21918108,-1.0381696,0.09939887,0.077680275,-0.19743942,0.013460787",""
"/axon-configuration-4.9.3.jar","axon-configuration-4.9.3","embeddingsNode2Vec","-0.09037549,-0.36260402,-0.19576101,0.025918283,0.21370381,-0.16062559,0.16234882,-0.03965372,-0.03314833,0.43406174,-0.23440431,-1.0047277,0.07118777,0.060400665,-0.22444235,0.011942489",""
"/axon-disruptor-4.9.3.jar","axon-disruptor-4.9.3","embeddingsNode2Vec","-0.09245607,-0.30229953,-0.20435202,0.012415066,0.23821184,-0.18509123,0.16282547,-0.03283114,-0.03407721,0.41811034,-0.25429904,-0.9914821,0.042678364,0.07598893,-0.21864305,0.0124065345",""
"/axon-messaging-4.9.3.jar","axon-messaging-4.9.3","embeddingsNode2Vec","-0.09798645,-0.33704624,-0.17165342,0.03320024,0.22158657,-0.14930066,0.15325558,-0.005038026,-0.07023249,0.4249889,-0.22146937,-1.0350337,0.058052406,0.07367763,-0.2017327,0.020730743",""
"/axon-eventsourcing-4.9.3.jar","axon-eventsourcing-4.9.3","embeddingsNode2Vec","-0.070157364,-0.3179513,-0.18184718,0.02661533,0.23365222,-0.1840573,0.15962592,-0.007768977,-0.064031914,0.4519348,-0.23385316,-1.0370837,0.04725373,0.032828372,-0.20597132,0.02252763",""
