"codeUnitName","shortCodeUnitName","propertyName","propertyValue","Source Cypher File: Dependencies_Projection/Dependencies_8_Stream_Mutated.cypher"
"/axon-modelling-4.9.3.jar","axon-modelling-4.9.3","embeddingsFastRandomProjection","-0.24866465,0,-0.06864174,0,0,0.56597114,0,0.6443063,0,0.24866465,0.16149186,0.58912086,-0.58912086,1.1880947,-0.28933516,-0.58912086",""
"/axon-configuration-4.9.3.jar","axon-configuration-4.9.3","embeddingsFastRandomProjection","-0.24796495,0,-0.06639063,0,0,0.56232053,0,0.6257256,0,0.24796495,0.18017909,0.55739725,-0.55739725,1.1186068,-0.26591,-0.55739725",""
"/axon-eventsourcing-4.9.3.jar","axon-eventsourcing-4.9.3","embeddingsFastRandomProjection","-0.24290577,0,-0.063511826,0,0,0.5493234,0,0.62457097,0,0.24290577,0.17360923,0.55550337,-0.55550337,1.1185904,-0.27712354,-0.55550337",""
"/axon-messaging-4.9.3.jar","axon-messaging-4.9.3","embeddingsFastRandomProjection","-0.19885966,0,-0.053593084,0,0,0.4513124,0,0.50818133,0,0.19885966,0.13508908,0.59105057,-0.59105057,1.0576624,-0.09136334,-0.59105057",""
"/axon-test-4.9.3.jar","axon-test-4.9.3","embeddingsFastRandomProjection","-0.24725926,0,-0.063981295,0,0,0.5584998,0,0.6230995,0,0.24725926,0.18500118,0.552176,-0.552176,1.1046435,-0.26176256,-0.552176",""
"/axon-disruptor-4.9.3.jar","axon-disruptor-4.9.3","embeddingsFastRandomProjection","-0.25505674,0,-0.06872546,0,0,0.57883894,0,0.64217305,0,0.25505674,0.18529509,0.58131826,-0.58131826,1.1575108,-0.26267606,-0.58131826",""
