"codeUnitName","shortCodeUnitName","propertyName","propertyValue","Source Cypher File: Dependencies_Projection/Dependencies_8_Stream_Mutated.cypher"
"/axon-eventsourcing-4.9.3.jar","axon-eventsourcing-4.9.3","embeddingsFastRandomProjection","0.2506422,-0.26269627,-0.21316075,1.1784401,0,0.17973194,0.31639087,0.2506422,-0.2506422,-0.39289272,-0.4260018,-0.36592633,0.4961228,-0.35308307,-0.36136213,0.31639087",""
"/axon-configuration-4.9.3.jar","axon-configuration-4.9.3","embeddingsFastRandomProjection","0.25398418,-0.2529713,-0.20310396,1.1908739,0,0.17485984,0.3220489,0.25398418,-0.25398418,-0.3779638,-0.42824098,-0.37191617,0.4969087,-0.36247247,-0.34859994,0.3220489",""
"/axon-messaging-4.9.3.jar","axon-messaging-4.9.3","embeddingsFastRandomProjection","0.20238942,-0.21573251,-0.17568554,1.0692955,0,0.25844973,0.25693294,0.20238942,-0.20238942,-0.43413526,-0.452516,-0.2969799,0.51538265,-0.40256384,-0.17790055,0.25693294",""
"/axon-test-4.9.3.jar","axon-test-4.9.3","embeddingsFastRandomProjection","0.25265872,-0.24737836,-0.19666262,1.1783011,0,0.17238997,0.31839848,0.25265872,-0.25265872,-0.3690526,-0.42716533,-0.3691142,0.4907884,-0.35774887,-0.34423125,0.31839848",""
"/axon-disruptor-4.9.3.jar","axon-disruptor-4.9.3","embeddingsFastRandomProjection","0.26346183,-0.26103902,-0.20940125,1.2424345,0,0.18740848,0.33446276,0.26346183,-0.26346183,-0.3968097,-0.45062247,-0.3861005,0.5218712,-0.38371867,-0.35260636,0.33446276",""
"/axon-modelling-4.9.3.jar","axon-modelling-4.9.3","embeddingsFastRandomProjection","0.26080325,-0.29024735,-0.2407299,1.2485869,0,0.20161487,0.33248487,0.26080325,-0.26080325,-0.44234484,-0.44652984,-0.38200226,0.5340997,-0.38093972,-0.38139674,0.33248487",""
