"codeUnitName","shortCodeUnitName","propertyName","propertyValue","Source Cypher File: Dependencies_Projection/Dependencies_8_Stream_Mutated.cypher"
"/axon-modelling-4.9.3.jar","axon-modelling-4.9.3","embeddingsNode2Vec","-0.6161796,-0.3591166,-0.22154437,0.052900866,-0.20944257,0.280672,-0.098986335,-0.23607306,-0.34848672,0.5805885,0.37967244,-0.075596176,-0.36812612,0.063971266,-0.06427231,0.14428349",""
"/axon-configuration-4.9.3.jar","axon-configuration-4.9.3","embeddingsNode2Vec","-0.6149357,-0.3254715,-0.2623467,0.05487211,-0.1934923,0.3038012,-0.10618058,-0.24739145,-0.34468862,0.6081952,0.41297105,-0.086109206,-0.3795283,0.04726772,-0.06828976,0.11078707",""
"/axon-eventsourcing-4.9.3.jar","axon-eventsourcing-4.9.3","embeddingsNode2Vec","-0.631515,-0.32018834,-0.2704995,0.052052382,-0.18251531,0.296486,-0.10703564,-0.25287008,-0.33992082,0.6149141,0.4152195,-0.09849909,-0.38960817,0.048022963,-0.071664385,0.10409058",""
"/axon-messaging-4.9.3.jar","axon-messaging-4.9.3","embeddingsNode2Vec","-0.63501066,-0.35158396,-0.26221687,0.065835275,-0.22029625,0.2960418,-0.11558282,-0.2331653,-0.36855954,0.6025408,0.42142016,-0.06945926,-0.37926194,0.05686603,-0.07990061,0.11998842",""
"/axon-test-4.9.3.jar","axon-test-4.9.3","embeddingsNode2Vec","-0.60964906,-0.3701745,-0.22328812,0.038598217,-0.23240079,0.2905519,-0.10176657,-0.2448736,-0.38267156,0.60597813,0.39595407,-0.06929391,-0.38586438,0.055557627,-0.070652515,0.14119168",""
"/axon-disruptor-4.9.3.jar","axon-disruptor-4.9.3","embeddingsNode2Vec","-0.58196616,-0.35135746,-0.2207457,0.054314844,-0.2370389,0.299249,-0.09559837,-0.24136862,-0.36395958,0.59760964,0.39372072,-0.0557638,-0.36975116,0.06765547,-0.059327222,0.15314256",""
