"codeUnitName","shortCodeUnitName","propertyName","propertyValue","Source Cypher File: Dependencies_Projection/Dependencies_8_Stream_Mutated.cypher"
"/axon-test-4.9.3.jar","axon-test-4.9.3","embeddingsFastRandomProjection","-0.30020928,0.45207396,-0.7868683,0,0.19070238,-0.5353341,-0.22287834,-0.5353341,0.6808973,-0.0024089813,0.109506845,0.8712553,0.5266236,-0.10837999,0.11656299,0.3425671",""
"/axon-messaging-4.9.3.jar","axon-messaging-4.9.3","embeddingsFastRandomProjection","-0.36367148,0.48692378,-0.77589417,0,0.15656641,-0.4508906,-0.18220155,-0.4508906,0.5753722,0.10033628,0.2071051,0.8467804,0.5524562,-0.10018572,0.09652133,0.2798187",""
"/axon-modelling-4.9.3.jar","axon-modelling-4.9.3","embeddingsFastRandomProjection","-0.31956142,0.46707088,-0.82710207,0,0.18885186,-0.55641085,-0.21750027,-0.55641085,0.71266437,-0.011821359,0.13070956,0.92089254,0.55333346,-0.1262592,0.12243877,0.3363613",""
"/axon-disruptor-4.9.3.jar","axon-disruptor-4.9.3","embeddingsFastRandomProjection","-0.31778365,0.4723575,-0.8187161,0,0.19639224,-0.5505015,-0.22798546,-0.5505015,0.699414,0.003018275,0.12139145,0.9019677,0.5478585,-0.11628389,0.11484476,0.35096607",""
"/axon-eventsourcing-4.9.3.jar","axon-eventsourcing-4.9.3","embeddingsFastRandomProjection","-0.30026996,0.447841,-0.78936243,0,0.185875,-0.5372987,-0.21640542,-0.5372987,0.68832755,-0.010721073,0.11439501,0.88145924,0.5300355,-0.11175595,0.12262718,0.33344603",""
"/axon-configuration-4.9.3.jar","axon-configuration-4.9.3","embeddingsFastRandomProjection","-0.30368832,0.45486236,-0.79434884,0,0.19171837,-0.53934133,-0.22269288,-0.53934133,0.6858146,-0.004823655,0.11196993,0.87743986,0.5298169,-0.11335797,0.11406541,0.3428924",""
