"codeUnitName","shortCodeUnitName","propertyName","propertyValue","Source Cypher File: Dependencies_Projection/Dependencies_8_Stream_Mutated.cypher"
"/axon-disruptor-4.9.3.jar","axon-disruptor-4.9.3","embeddingsFastRandomProjection","0.81057334,0.84250504,-0.69613147,-0.09752081,0.037723612,0.09752081,-0.66419977,0,0,-0.51642203,-0.326083,-0.36380658,-0.18409711,0.27537596,-0.7526304,-0.32323474",""
"/axon-modelling-4.9.3.jar","axon-modelling-4.9.3","embeddingsFastRandomProjection","0.8041713,0.8533268,-0.71425104,-0.1314028,0.033464734,0.1314028,-0.66509545,0,0,-0.525856,-0.32747084,-0.36093557,-0.17254052,0.27809867,-0.7479323,-0.30474958",""
"/axon-configuration-4.9.3.jar","axon-configuration-4.9.3","embeddingsFastRandomProjection","0.78801215,0.831723,-0.6877797,-0.097963765,0.03723658,0.097963765,-0.64406884,0,0,-0.50972164,-0.32200137,-0.35923794,-0.18117982,0.27260312,-0.73070365,-0.31721282",""
"/axon-messaging-4.9.3.jar","axon-messaging-4.9.3","embeddingsFastRandomProjection","0.82679707,0.71025884,-0.59250605,-0.09902855,0.031101564,0.09902855,-0.7090443,0,0,-0.43782198,-0.2724369,-0.30353844,-0.14885433,0.23135212,-0.7812306,-0.26212543",""
"/axon-test-4.9.3.jar","axon-test-4.9.3","embeddingsFastRandomProjection","0.7833487,0.82687294,-0.68333864,-0.09398301,0.038946517,0.09398301,-0.6398144,0,0,-0.5060864,-0.32078654,-0.35973305,-0.18248077,0.27364472,-0.7259028,-0.31571093",""
"/axon-eventsourcing-4.9.3.jar","axon-eventsourcing-4.9.3","embeddingsFastRandomProjection","0.7779718,0.8319844,-0.6933108,-0.11312637,0.036444727,0.11312637,-0.63929826,0,0,-0.5093399,-0.32264447,-0.3590892,-0.17511828,0.2766675,-0.7217199,-0.30351695",""
