"codeUnitName","shortCodeUnitName","propertyName","propertyValue","Source Cypher File: Dependencies_Projection/Dependencies_8_Stream_Mutated.cypher"
"/axon-modelling-4.9.3.jar","axon-modelling-4.9.3","embeddingsNode2Vec","-0.021651318,0.006683485,0.010698542,0.025842406,0.010225395,0.007117181,0.009839726,-0.0074112434,-0.0064668087,0.0072531058,-0.0032207347,0.00042455702,0.01600914,0.030880008,0.012106285,-0.011160118",""
"/axon-messaging-4.9.3.jar","axon-messaging-4.9.3","embeddingsNode2Vec","-0.01561206,0.0049024154,-0.013720025,0.0063401647,0.00742547,-0.02636675,-0.009054268,-0.017270908,-0.009034022,0.020943675,-0.016168103,-0.029158192,-0.021158695,-0.026375234,0.0019070096,-0.006597099",""
"/axon-configuration-4.9.3.jar","axon-configuration-4.9.3","embeddingsNode2Vec","0.0024355804,-0.008594293,0.011735084,0.0053551067,0.009665025,-0.022685736,0.011999506,0.02396855,-0.0023801331,-0.0062034633,-0.007214042,0.000542247,0.021145556,0.01412308,-0.030566597,-0.026664894",""
"/axon-disruptor-4.9.3.jar","axon-disruptor-4.9.3","embeddingsNode2Vec","0.010150996,-0.009099444,-0.028248092,-0.019008834,-0.020900678,-0.0030219464,-0.0020389033,0.018245608,0.028950809,0.007892725,-0.011822766,0.013380317,0.011827672,-0.013555021,0.025025332,-0.014806193",""
"/axon-eventsourcing-4.9.3.jar","axon-eventsourcing-4.9.3","embeddingsNode2Vec","0.021942139,-0.012880604,-0.031146195,0.013381096,0.00012603456,-0.01082465,-0.024157975,0.00073053554,0.014319183,-0.006120976,0.02592184,-0.012594337,-0.021986997,0.0042569446,-0.024522608,0.013990493",""
"/axon-test-4.9.3.jar","axon-test-4.9.3","embeddingsNode2Vec","-0.024337817,0.015493123,-0.026240822,-0.028694002,0.010189284,0.00051064923,-0.023523482,0.0149302455,0.026223278,0.028583327,-0.019482676,-0.005077015,-0.03035022,-0.026540162,-0.009950776,0.0015695954",""
