"codeUnitName","shortCodeUnitName","propertyName","propertyValue","Source Cypher File: Dependencies_Projection/Dependencies_8_Stream_Mutated.cypher"
"/axon-disruptor-4.9.3.jar","axon-disruptor-4.9.3","embeddingsFastRandomProjection","0.514343,0.34371564,0.122540385,0.32864755,0.56373495,0.72407997,0.25782394,-0.122540385,-0.20843205,-0.46625602,-0.34371564,-0.77216697,-0.7176549,-0.51154774,0.25782394,0.26646698",""
"/axon-modelling-4.9.3.jar","axon-modelling-4.9.3","embeddingsFastRandomProjection","0.5352468,0.37541342,0.11632402,0.3143705,0.5335772,0.73677135,0.2450339,-0.11632402,-0.24670352,-0.49173743,-0.37541342,-0.78028065,-0.70753694,-0.5094905,0.2450339,0.27684242",""
"/axon-configuration-4.9.3.jar","axon-configuration-4.9.3","embeddingsFastRandomProjection","0.48910955,0.3353677,0.11829644,0.31788272,0.5351249,0.70350397,0.24983978,-0.11829644,-0.20382434,-0.45366412,-0.3353677,-0.7389493,-0.6967345,-0.49714822,0.24983978,0.26055533",""
"/axon-messaging-4.9.3.jar","axon-messaging-4.9.3","embeddingsFastRandomProjection","0.5788242,0.28946924,0.09602478,0.25587088,0.59470934,0.58618355,0.20068957,-0.09602478,-0.18480445,-0.38549405,-0.28946924,-0.7795138,-0.5686581,-0.408812,0.20068957,0.21676244",""
"/axon-test-4.9.3.jar","axon-test-4.9.3","embeddingsFastRandomProjection","0.48022082,0.32885343,0.11708,0.3152191,0.5344987,0.6960391,0.25010568,-0.11708,-0.19582777,-0.4459334,-0.32885343,-0.7303264,-0.69349015,-0.49535108,0.25010568,0.261191",""
"/axon-eventsourcing-4.9.3.jar","axon-eventsourcing-4.9.3","embeddingsFastRandomProjection","0.49166638,0.34552065,0.11303307,0.30582315,0.5171366,0.70056564,0.24201196,-0.11303307,-0.21654177,-0.45855373,-0.34552065,-0.7336784,-0.6880895,-0.49529952,0.24201196,0.26923335",""
