"codeUnitName","shortCodeUnitName","propertyName","propertyValue","Source Cypher File: Dependencies_Projection/Dependencies_8_Stream_Mutated.cypher"
"/axon-test-4.9.3.jar","axon-test-4.9.3","embeddingsFastRandomProjection","-0.010779053,-0.39884663,-0.5697886,-0.038151562,0.22968069,-0.80847234,0,-0.7533729,0.7533729,-0.020815596,-0.7533729,-0.124845594,0.122011274,0.4096257,-0.10403006,0.122011274",""
"/axon-messaging-4.9.3.jar","axon-messaging-4.9.3","embeddingsFastRandomProjection","-0.10428947,-0.33482337,-0.46175134,0.0740097,0.1756899,-0.7739363,0,-0.7195822,0.7195822,-0.12443498,-0.7195822,-0.20906885,0.09664813,0.4391129,-0.08463395,0.09664813",""
"/axon-modelling-4.9.3.jar","axon-modelling-4.9.3","embeddingsFastRandomProjection","0.001173988,-0.4333226,-0.5877141,-0.033308715,0.21689099,-0.86547124,0,-0.7918106,0.7918106,-0.035801575,-0.7918106,-0.14159694,0.12225658,0.43214864,-0.10579544,0.12225658",""
"/axon-disruptor-4.9.3.jar","axon-disruptor-4.9.3","embeddingsFastRandomProjection","-0.01706855,-0.41421765,-0.5857865,-0.030001968,0.23409584,-0.8455039,0,-0.7845117,0.7845117,-0.02813539,-0.7845117,-0.1361981,0.124498315,0.43128628,-0.108062804,0.124498315",""
"/axon-eventsourcing-4.9.3.jar","axon-eventsourcing-4.9.3","embeddingsFastRandomProjection","-0.0007367432,-0.40793127,-0.5704938,-0.04139866,0.2209129,-0.8165993,0,-0.75642717,0.75642717,-0.025275499,-0.75642717,-0.127583,0.120427094,0.40866804,-0.102307536,0.120427094",""
"/axon-configuration-4.9.3.jar","axon-configuration-4.9.3","embeddingsFastRandomProjection","-0.008886993,-0.40489405,-0.5722967,-0.036843836,0.22804329,-0.81867516,0,-0.75928813,0.75928813,-0.021232903,-0.75928813,-0.12635075,0.12167175,0.4137811,-0.10511791,0.12167175",""
