"codeUnitName","shortCodeUnitName","propertyName","propertyValue","Source Cypher File: Dependencies_Projection/Dependencies_8_Stream_Mutated.cypher"
"/axon-disruptor-4.9.3.jar","axon-disruptor-4.9.3","embeddingsFastRandomProjection","0.29889,-0.53439605,0.43700272,0,0.13811274,-0.019571546,-0.07992469,0.05775776,-0.5972824,0.2236636,0.37924495,-0.91574395,-0.91574395,-0.7776312,-0.32105696,0.13811274",""
"/axon-modelling-4.9.3.jar","axon-modelling-4.9.3","embeddingsFastRandomProjection","0.29421204,-0.5546967,0.4299345,0,0.13572249,-0.033573084,-0.08748606,0.05546831,-0.5976748,0.20146768,0.37446624,-0.92545986,-0.92545986,-0.78973746,-0.32622984,0.13572249",""
"/axon-configuration-4.9.3.jar","axon-configuration-4.9.3","embeddingsFastRandomProjection","0.29470408,-0.5278775,0.43058676,0,0.13588266,-0.020714581,-0.07077773,0.057025947,-0.58022124,0.21116516,0.3735608,-0.8956399,-0.8956399,-0.75975716,-0.3084559,0.13588266",""
"/axon-messaging-4.9.3.jar","axon-messaging-4.9.3","embeddingsFastRandomProjection","0.23620145,-0.43623814,0.3458825,0,0.109681055,-0.02068273,-0.18619257,0.04606343,-0.5956927,0.28597498,0.2998191,-0.852577,-0.852577,-0.74289584,-0.3763306,0.109681055",""
"/axon-test-4.9.3.jar","axon-test-4.9.3","embeddingsFastRandomProjection","0.29440647,-0.5223811,0.42935318,0,0.1349467,-0.02087942,-0.06892146,0.057988517,-0.5752328,0.21231148,0.37136462,-0.8905188,-0.8905188,-0.7555721,-0.30533946,0.1349467",""
"/axon-eventsourcing-4.9.3.jar","axon-eventsourcing-4.9.3","embeddingsFastRandomProjection","0.29116562,-0.53265274,0.4243845,0,0.13321891,-0.030664563,-0.072689,0.05664846,-0.573644,0.19893795,0.3677361,-0.8954742,-0.8954742,-0.7622553,-0.30720618,0.13321891",""
