"codeUnitName","shortCodeUnitName","propertyName","propertyValue","Source Cypher File: Dependencies_Projection/Dependencies_8_Stream_Mutated.cypher"
"/axon-test-4.9.3.jar","axon-test-4.9.3","embeddingsFastRandomProjection","-0.13496372,0,-1.0382415,0.3690598,-0.5040235,0.4306074,-0.07341611,0.5655711,0,0,0.14282136,0.60763407,-0.4966511,-0.57792497,0.14282136,0.5040235",""
"/axon-modelling-4.9.3.jar","axon-modelling-4.9.3","embeddingsFastRandomProjection","-0.1309779,0,-1.0735409,0.4108829,-0.54186076,0.43614107,-0.10571967,0.56711894,0,0,0.16004065,0.6373997,-0.4833963,-0.61817884,0.16004065,0.54186076",""
"/axon-configuration-4.9.3.jar","axon-configuration-4.9.3","embeddingsFastRandomProjection","-0.1359103,0,-1.0463328,0.3752645,-0.5111748,0.4301268,-0.08104801,0.56603706,0,0,0.14306839,0.61620605,-0.4996108,-0.587817,0.14306839,0.5111748",""
"/axon-disruptor-4.9.3.jar","axon-disruptor-4.9.3","embeddingsFastRandomProjection","-0.13911343,0,-1.0781124,0.38057357,-0.51968694,0.4370704,-0.08261658,0.5761838,0,0,0.14411704,0.64104193,-0.5107985,-0.5984187,0.14411704,0.51968694",""
"/axon-messaging-4.9.3.jar","axon-messaging-4.9.3","embeddingsFastRandomProjection","-0.11134376,0,-1.0733416,0.3242959,-0.43563965,0.35625157,-0.07938813,0.46759534,0,0,0.12379701,0.7170901,-0.40676713,-0.49860847,0.12379701,0.43563965",""
"/axon-eventsourcing-4.9.3.jar","axon-eventsourcing-4.9.3","embeddingsFastRandomProjection","-0.12982106,0,-1.0367969,0.38456815,-0.5143892,0.43182743,-0.08256179,0.5616484,0,0,0.15412268,0.60496944,-0.47929114,-0.5861546,0.15412268,0.5143892",""
