"codeUnitName","shortCodeUnitName","propertyName","propertyValue","Source Cypher File: Dependencies_Projection/Dependencies_8_Stream_Mutated.cypher"
"/axon-eventsourcing-4.9.3.jar","axon-eventsourcing-4.9.3","embeddingsNode2Vec","-0.37846822,-0.02265373,0.36582488,-0.1596036,0.044054203,-0.15283032,0.20164195,0.32447734,-0.42372307,0.08532495,0.16669445,-0.7726888,0.060325444,-0.05193271,-0.019990278,-0.523986",""
"/axon-test-4.9.3.jar","axon-test-4.9.3","embeddingsNode2Vec","-0.36616743,-0.013113529,0.38148478,-0.2020212,0.029492443,-0.16395444,0.2035762,0.3487742,-0.412195,0.029158778,0.18266238,-0.7122345,0.06269406,-0.073648445,0.0047435015,-0.54593015",""
"/axon-modelling-4.9.3.jar","axon-modelling-4.9.3","embeddingsNode2Vec","-0.39554414,0.007148021,0.3474639,-0.21516886,0.045223538,-0.16418295,0.22923663,0.35812885,-0.40674084,0.009066897,0.17375772,-0.7135371,0.08451316,-0.07517907,-0.005330534,-0.5539621",""
"/axon-disruptor-4.9.3.jar","axon-disruptor-4.9.3","embeddingsNode2Vec","-0.37094384,-0.045074925,0.39120713,-0.122674875,0.0053594057,-0.1716459,0.1555709,0.3446914,-0.4613271,0.10473448,0.17611924,-0.7433516,0.054966882,-0.037975084,-0.024268784,-0.5106526",""
"/axon-configuration-4.9.3.jar","axon-configuration-4.9.3","embeddingsNode2Vec","-0.38882238,0.010232623,0.3640932,-0.20017488,0.013061317,-0.18294695,0.20597874,0.3634497,-0.4023591,0.008217998,0.17198128,-0.7091272,0.045362867,-0.095280185,0.0027419303,-0.5767523",""
"/axon-messaging-4.9.3.jar","axon-messaging-4.9.3","embeddingsNode2Vec","-0.3907324,0.001340687,0.37244716,-0.17956094,0.030838579,-0.16244031,0.20652711,0.35583892,-0.4166623,0.043007825,0.17590198,-0.7306791,0.05316051,-0.074881285,0.0005970749,-0.5510861",""
