"codeUnitName","shortCodeUnitName","propertyName","propertyValue","Source Cypher File: Dependencies_Projection/Dependencies_8_Stream_Mutated.cypher"
"/axon-test-4.9.3.jar","axon-test-4.9.3","embeddingsFastRandomProjection","0.39395753,-0.051904,0.62371355,0.1128194,-0.506777,-0.2859048,-0.736533,0.10805279,-0.9782337,-0.3378088,0.35688615,0.10805279,-0.3378088,0.11457054,-0.33544275,0.39872426",""
"/axon-modelling-4.9.3.jar","axon-modelling-4.9.3","embeddingsFastRandomProjection","0.39190167,-0.06946987,0.6391214,0.16609165,-0.55799335,-0.28482574,-0.8052131,0.10707596,-1.0221155,-0.35429567,0.4081781,0.10707596,-0.35429567,0.05594408,-0.3291117,0.45091742",""
"/axon-configuration-4.9.3.jar","axon-configuration-4.9.3","embeddingsFastRandomProjection","0.39885977,-0.049651567,0.628324,0.11836422,-0.5172241,-0.28933617,-0.7466882,0.10952364,-0.9915403,-0.33898777,0.36487937,0.10952364,-0.33898777,0.10943693,-0.3373248,0.40770042",""
"/axon-disruptor-4.9.3.jar","axon-disruptor-4.9.3","embeddingsFastRandomProjection","0.41079885,-0.04863473,0.644341,0.11902313,-0.529822,-0.29785308,-0.7633641,0.11294578,-1.0283996,-0.34648785,0.38348314,0.11294578,-0.34648785,0.11509439,-0.3470633,0.41687626",""
"/axon-messaging-4.9.3.jar","axon-messaging-4.9.3","embeddingsFastRandomProjection","0.3290602,-0.048603572,0.524779,0.11871947,-0.4477797,-0.23808774,-0.64349854,0.0909725,-1.0221324,-0.2866913,0.5062577,0.0909725,-0.2866913,0.068095006,-0.27778697,0.35680723",""
"/axon-eventsourcing-4.9.3.jar","axon-eventsourcing-4.9.3","embeddingsFastRandomProjection","0.38238412,-0.066725135,0.62258035,0.13775574,-0.52013993,-0.27792758,-0.76033604,0.10445659,-0.9724497,-0.34465277,0.3693714,0.10445659,-0.34465277,0.082938336,-0.32515064,0.41568333",""
