"codeUnitName","shortCodeUnitName","propertyName","propertyValue","Source Cypher File: Dependencies_Projection/Dependencies_8_Stream_Mutated.cypher"
"/axon-test-4.9.3.jar","axon-test-4.9.3","embeddingsNode2Vec","0.1263825,0.28025734,0.050966147,-0.013505116,0.3513686,0.35482612,0.33004084,-0.09311624,0.18839182,0.46042415,0.56735355,0.2533855,0.045203328,-0.43607798,0.07087944,0.500601",""
"/axon-modelling-4.9.3.jar","axon-modelling-4.9.3","embeddingsNode2Vec","0.103433624,0.29688334,0.057817496,-0.01652625,0.35485756,0.35747847,0.3699896,-0.0667955,0.19483861,0.4686635,0.610796,0.30024812,0.07701869,-0.4692293,0.03909469,0.5052886",""
"/axon-configuration-4.9.3.jar","axon-configuration-4.9.3","embeddingsNode2Vec","0.11770058,0.29345557,0.049735617,-0.023039844,0.3422905,0.32090175,0.3457263,-0.07533589,0.19781609,0.45839715,0.57657665,0.3019513,0.07048068,-0.46674228,0.044053998,0.5074628",""
"/axon-disruptor-4.9.3.jar","axon-disruptor-4.9.3","embeddingsNode2Vec","0.099590205,0.25682467,0.06374247,-0.024333509,0.32334486,0.3148752,0.35099044,-0.10217718,0.16652521,0.48554406,0.58989453,0.29419175,0.070457645,-0.4586599,0.054942366,0.47605118",""
"/axon-messaging-4.9.3.jar","axon-messaging-4.9.3","embeddingsNode2Vec","0.12311452,0.28400037,0.053691663,-0.019736446,0.35501257,0.34484953,0.34422642,-0.08924101,0.19478314,0.4763858,0.5861994,0.27328852,0.056558695,-0.43597484,0.058423493,0.50545985",""
"/axon-eventsourcing-4.9.3.jar","axon-eventsourcing-4.9.3","embeddingsNode2Vec","0.11579474,0.29558703,0.03986275,-0.026707878,0.3531341,0.3447696,0.34429726,-0.078180686,0.18233189,0.46153402,0.5932362,0.2895494,0.053421434,-0.46151593,0.06271055,0.5066091",""
