"codeUnitName","shortCodeUnitName","propertyName","propertyValue","Source Cypher File: Dependencies_Projection/Dependencies_8_Stream_Mutated.cypher"
"/axon-modelling-4.9.3.jar","axon-modelling-4.9.3","embeddingsNode2Vec","-0.044277947,0.016400574,-0.53336865,-0.04128192,-0.3013118,-0.3582514,-0.04725524,0.15386154,-0.04985361,-0.64259475,-0.4076977,0.18970355,0.22764188,0.124999486,0.050567195,-0.57224643",""
"/axon-configuration-4.9.3.jar","axon-configuration-4.9.3","embeddingsNode2Vec","-0.045133073,-0.01230154,-0.5349804,-0.07810317,-0.30983967,-0.35672125,-0.09428858,0.18554501,-0.04477745,-0.6430107,-0.40144783,0.20483577,0.2241989,0.10694187,0.05567002,-0.53955734",""
"/axon-eventsourcing-4.9.3.jar","axon-eventsourcing-4.9.3","embeddingsNode2Vec","-0.06274329,-0.019955378,-0.51172763,-0.084302925,-0.30313024,-0.371287,-0.09665712,0.17500696,-0.046922896,-0.61867917,-0.41781887,0.19782281,0.24755263,0.09906783,0.05611505,-0.5349825",""
"/axon-messaging-4.9.3.jar","axon-messaging-4.9.3","embeddingsNode2Vec","-0.05669998,0.016368616,-0.52162844,-0.04781547,-0.31284618,-0.36594394,-0.05875706,0.16622849,-0.059805267,-0.6452604,-0.42041293,0.20652473,0.23056386,0.13028556,0.062662676,-0.5892849",""
"/axon-test-4.9.3.jar","axon-test-4.9.3","embeddingsNode2Vec","-0.04203467,-0.016373668,-0.501739,-0.06514268,-0.31723735,-0.33295146,-0.09943403,0.16610782,-0.07156411,-0.6063149,-0.42128304,0.18320669,0.22149453,0.13222666,0.09522711,-0.5333454",""
"/axon-disruptor-4.9.3.jar","axon-disruptor-4.9.3","embeddingsNode2Vec","-0.02404457,0.019344108,-0.49809775,-0.041622054,-0.33797675,-0.37235126,-0.030493286,0.17004,-0.09831052,-0.6279804,-0.401116,0.22072141,0.19609097,0.10952277,0.025018368,-0.5597426",""
