"codeUnitName","shortCodeUnitName","propertyName","propertyValue","Source Cypher File: Dependencies_Projection/Dependencies_8_Stream_Mutated.cypher"
"/axon-modelling-4.9.3.jar","axon-modelling-4.9.3","embeddingsFastRandomProjection","-0.038190413,0,0.5857141,1.1665382,-0.09559878,0.32257545,0.32257545,-0.45908886,-0.84396267,-0.41817418,-0.140287,-0.20084023,-0.32257545,0.6637026,-0.051606745,-0.32257545",""
"/axon-configuration-4.9.3.jar","axon-configuration-4.9.3","embeddingsFastRandomProjection","-0.041322306,0,0.5614297,1.1404736,-0.09844324,0.3146687,0.3146687,-0.47162956,-0.8258049,-0.41311187,-0.121461004,-0.20725429,-0.3146687,0.6433839,-0.016190317,-0.3146687",""
"/axon-eventsourcing-4.9.3.jar","axon-eventsourcing-4.9.3","embeddingsFastRandomProjection","-0.04091161,0,0.5614911,1.1388699,-0.09492263,0.32061374,0.32061374,-0.4595191,-0.8182561,-0.41553634,-0.11984691,-0.20275402,-0.32061374,0.64321464,-0.03476201,-0.32061374",""
"/axon-messaging-4.9.3.jar","axon-messaging-4.9.3","embeddingsFastRandomProjection","-0.034399513,0,0.6470679,1.131073,-0.08204697,0.26601234,0.26601234,-0.38833788,-0.86506057,-0.34805933,-0.11292859,-0.1703452,-0.26601234,0.5492861,-0.031253893,-0.26601234",""
"/axon-test-4.9.3.jar","axon-test-4.9.3","embeddingsFastRandomProjection","-0.042843048,0,0.5576083,1.1356235,-0.097682,0.31515414,0.31515414,-0.47088322,-0.8204693,-0.4128361,-0.11347696,-0.20802212,-0.31515414,0.63665324,-0.013249131,-0.31515414",""
"/axon-disruptor-4.9.3.jar","axon-disruptor-4.9.3","embeddingsFastRandomProjection","-0.041585863,0,0.5766823,1.1600993,-0.09976538,0.3160569,0.3160569,-0.4765405,-0.8440423,-0.41582227,-0.12334216,-0.20918049,-0.3160569,0.64857954,-0.014094208,-0.3160569",""
