"codeUnitName","shortCodeUnitName","propertyName","propertyValue","Source Cypher File: Dependencies_Projection/Dependencies_8_Stream_Mutated.cypher"
"/axon-test-4.9.3.jar","axon-test-4.9.3","embeddingsNode2Vec","-0.016582064,0.028753009,0.018687855,0.01243392,0.030599909,0.023130668,-0.02408441,0.012544686,0.029684603,-0.005024386,0.027120572,0.012174779,-0.012556601,-0.009505411,-0.020613855,-0.008594156",""
"/axon-eventsourcing-4.9.3.jar","axon-eventsourcing-4.9.3","embeddingsNode2Vec","0.0106037175,0.015116468,-0.012244722,0.028755408,0.014286235,0.018403068,0.0033578617,-0.021605374,-0.023172768,0.014768997,0.0066644023,-0.028601797,0.023444064,0.0059347674,0.02512778,0.009382001",""
"/axon-disruptor-4.9.3.jar","axon-disruptor-4.9.3","embeddingsNode2Vec","-0.030187229,0.028308194,0.007608742,0.00871477,0.006338319,-0.030366212,0.025476057,-0.0057071527,-0.01593275,-0.0128931925,0.026838334,0.027722456,0.0072295545,0.008403861,-0.0067123845,-0.027398026",""
"/axon-configuration-4.9.3.jar","axon-configuration-4.9.3","embeddingsNode2Vec","0.014861429,-0.02831813,-0.0019425876,0.0061491514,-0.018180408,-0.030699741,-0.024329102,-0.021915494,-0.0023692998,0.018025927,-0.016486915,0.021866823,-0.013841923,-0.0074935113,0.02868391,-0.0036405132",""
"/axon-modelling-4.9.3.jar","axon-modelling-4.9.3","embeddingsNode2Vec","-0.010698802,-0.007212761,0.00872647,-0.023905538,0.0034157597,-0.017547539,-0.026620425,0.025480798,0.013143388,-0.01397654,0.019695846,-0.0066423686,-0.008060894,0.026462907,-0.019106328,-0.023006558",""
"/axon-messaging-4.9.3.jar","axon-messaging-4.9.3","embeddingsNode2Vec","-1.0666221e-05,0.02537283,0.025811484,-0.012842687,0.00825932,0.01166949,-0.021840408,-0.021022057,0.026058309,0.020603394,0.026313286,0.0005974991,-0.018170966,-0.0048002307,0.005759626,0.0007746903",""
