"codeUnitName","shortCodeUnitName","propertyName","propertyValue","Source Cypher File: Dependencies_Projection/Dependencies_8_Stream_Mutated.cypher"
"/axon-test-4.9.3.jar","axon-test-4.9.3","embeddingsFastRandomProjection","0.24103266,-0.3538062,-0.6349848,0.6571488,-0.41611612,0,-0.062309884,0.11277352,0,0,-0.23831801,0.9887911,-0.41254228,-0.47756684,-0.23831801,0.7699224",""
"/axon-modelling-4.9.3.jar","axon-modelling-4.9.3","embeddingsFastRandomProjection","0.2486035,-0.35674632,-0.66169894,0.6989745,-0.450371,0,-0.09362463,0.10814281,0,0,-0.22527635,1.0184453,-0.3968557,-0.5138076,-0.22527635,0.8071173",""
"/axon-configuration-4.9.3.jar","axon-configuration-4.9.3","embeddingsFastRandomProjection","0.23952009,-0.35321102,-0.6436553,0.6625564,-0.4230364,0,-0.06982533,0.11369092,0,0,-0.2375489,0.9968663,-0.41538945,-0.487186,-0.2375489,0.7762474",""
"/axon-disruptor-4.9.3.jar","axon-disruptor-4.9.3","embeddingsFastRandomProjection","0.24209422,-0.3584797,-0.66813445,0.671711,-0.4296168,0,-0.07113707,0.11638549,0,0,-0.24233654,1.0266142,-0.42467478,-0.4955696,-0.24233654,0.7880964",""
"/axon-messaging-4.9.3.jar","axon-messaging-4.9.3","embeddingsFastRandomProjection","0.20179817,-0.2957849,-0.7383569,0.5680654,-0.36626723,0,-0.07048233,0.093986705,0,0,-0.19373062,1.0341418,-0.34093627,-0.41948622,-0.19373062,0.6620521",""
"/axon-eventsourcing-4.9.3.jar","axon-eventsourcing-4.9.3","embeddingsFastRandomProjection","0.24680334,-0.35434005,-0.6303409,0.6723064,-0.4255031,0,-0.071163,0.107536696,0,0,-0.22803019,0.98468095,-0.39481765,-0.48475385,-0.22803019,0.77984315",""
