"codeUnitName","shortCodeUnitName","propertyName","propertyValue","Source Cypher File: Dependencies_Projection/Dependencies_8_Stream_Mutated.cypher"
"/axon-test-4.9.3.jar","axon-test-4.9.3","embeddingsFastRandomProjection","0.86955917,-0.06516064,0.3385076,-0.26781482,-0.6017444,-0.3385076,-0.474361,0.12738337,-0.68967646,0,0.35772124,0.12738337,0,0.13387895,-0.39711574,0.474361",""
"/axon-modelling-4.9.3.jar","axon-modelling-4.9.3","embeddingsFastRandomProjection","0.92433375,-0.08874136,0.35194957,-0.23782364,-0.6865102,-0.35194957,-0.55481684,0.13169338,-0.7385142,0,0.42018318,0.13169338,0,0.07251169,-0.4070723,0.55481684",""
"/axon-configuration-4.9.3.jar","axon-configuration-4.9.3","embeddingsFastRandomProjection","0.8816757,-0.06328933,0.3443231,-0.26487854,-0.6167972,-0.3443231,-0.48705697,0.12974025,-0.70390785,0,0.36557108,0.12974025,0,0.12915185,-0.401626,0.48705697",""
"/axon-disruptor-4.9.3.jar","axon-disruptor-4.9.3","embeddingsFastRandomProjection","0.9174023,-0.06331426,0.35925895,-0.27690017,-0.6405022,-0.35925895,-0.504932,0.13557027,-0.74275655,0,0.3872193,0.13557027,0,0.13760814,-0.41885144,0.504932",""
"/axon-messaging-4.9.3.jar","axon-messaging-4.9.3","embeddingsFastRandomProjection","0.7257236,-0.060634155,0.2795096,-0.20113815,-0.5245856,-0.2795096,-0.41851526,0.10607034,-0.7634377,0,0.497828,0.10607034,0,0.08116775,-0.32624373,0.41851526",""
"/axon-eventsourcing-4.9.3.jar","axon-eventsourcing-4.9.3","embeddingsFastRandomProjection","0.8756675,-0.082698755,0.33398324,-0.25124398,-0.6244236,-0.33398324,-0.4994213,0.12500235,-0.6823811,0,0.37435445,0.12500235,0,0.100284904,-0.39072526,0.4994213",""
