"codeUnitName","shortCodeUnitName","propertyName","propertyValue","Source Cypher File: Dependencies_Projection/Dependencies_8_Stream_Mutated.cypher"
"/axon-eventsourcing-4.9.3.jar","axon-eventsourcing-4.9.3","embeddingsNode2Vec","0.26527536,-0.30557567,0.1490348,0.4367132,0.22245221,0.65109843,-0.012046013,-0.1435921,0.09232009,0.64328367,-0.11277177,-0.4545707,-0.22665986,0.14429691,-0.030486027,0.22683263",""
"/axon-configuration-4.9.3.jar","axon-configuration-4.9.3","embeddingsNode2Vec","0.2689087,-0.30548772,0.17213401,0.43952817,0.21834114,0.6754626,0.00237223,-0.13351506,0.094972774,0.6365193,-0.08764967,-0.47682095,-0.21127062,0.10831601,-0.0030325546,0.2482819",""
"/axon-messaging-4.9.3.jar","axon-messaging-4.9.3","embeddingsNode2Vec","0.2614391,-0.3189581,0.17222919,0.46645358,0.21538492,0.6595213,-0.010577707,-0.13609728,0.11265818,0.63809025,-0.08938342,-0.48396298,-0.20648919,0.12499399,-0.015196276,0.24976085",""
"/axon-test-4.9.3.jar","axon-test-4.9.3","embeddingsNode2Vec","0.24764434,-0.29907906,0.14363879,0.42464307,0.2278669,0.6846808,-0.0063253418,-0.12029748,0.11755769,0.64295137,-0.08624439,-0.46860734,-0.22631131,0.13167207,-0.025527945,0.22624016",""
"/axon-disruptor-4.9.3.jar","axon-disruptor-4.9.3","embeddingsNode2Vec","0.27683628,-0.30438793,0.15406659,0.42110783,0.24218717,0.6455439,-0.0026399475,-0.144505,0.07851051,0.63765585,-0.10190773,-0.43645987,-0.24679501,0.1485796,-0.024684828,0.21775648",""
"/axon-modelling-4.9.3.jar","axon-modelling-4.9.3","embeddingsNode2Vec","0.27023923,-0.31901175,0.146503,0.43269268,0.23068291,0.6755237,-0.022558963,-0.13217479,0.107867785,0.651101,-0.12087733,-0.45501778,-0.24039716,0.15267251,-0.02632346,0.2255152",""
