"codeUnitName","shortCodeUnitName","propertyName","propertyValue","Source Cypher File: Dependencies_Projection/Dependencies_8_Stream_Mutated.cypher"
"/axon-modelling-4.9.3.jar","axon-modelling-4.9.3","embeddingsNode2Vec","0.032485556,0.43195975,0.027664145,-0.34108636,0.51163495,0.086858906,-0.35121185,0.5757131,0.19023503,0.39390105,-0.15544188,-0.38418403,0.17935926,-0.08003902,0.32098532,-0.30878744",""
"/axon-configuration-4.9.3.jar","axon-configuration-4.9.3","embeddingsNode2Vec","0.07142885,0.47546244,0.0023315905,-0.36214045,0.49381706,0.04629418,-0.29653853,0.582301,0.18993448,0.3089135,-0.15128364,-0.34671742,0.1705606,-0.13099328,0.282023,-0.33016875",""
"/axon-eventsourcing-4.9.3.jar","axon-eventsourcing-4.9.3","embeddingsNode2Vec","0.037940577,0.4581259,0.022015046,-0.34837386,0.4820593,0.05821782,-0.33878905,0.5968002,0.18326226,0.37318534,-0.16291365,-0.3474316,0.1825857,-0.09136528,0.30794197,-0.32537106",""
"/axon-messaging-4.9.3.jar","axon-messaging-4.9.3","embeddingsNode2Vec","0.060145184,0.42544532,0.021356983,-0.35309157,0.47406632,0.07488582,-0.3645414,0.6119499,0.18227002,0.38606912,-0.1798491,-0.3673355,0.18225358,-0.076763205,0.32785296,-0.31687433",""
"/axon-test-4.9.3.jar","axon-test-4.9.3","embeddingsNode2Vec","0.055249482,0.42314258,0.0007432238,-0.3674798,0.46328214,0.072590165,-0.3569819,0.5984151,0.16041398,0.35170335,-0.17636377,-0.3711187,0.1681238,-0.08818661,0.32754347,-0.3180518",""
"/axon-disruptor-4.9.3.jar","axon-disruptor-4.9.3","embeddingsNode2Vec","0.08424799,0.4635588,0.035312064,-0.3520269,0.48048872,0.0579533,-0.30376104,0.5982398,0.16603711,0.37389776,-0.14022626,-0.35592723,0.14853445,-0.12877367,0.27304304,-0.30791044",""
