"codeUnitName","shortCodeUnitName","propertyName","propertyValue","Source Cypher File: Dependencies_Projection/Dependencies_8_Stream_Mutated.cypher"
"/axon-test-4.9.3.jar","axon-test-4.9.3","embeddingsFastRandomProjection","0.63371056,0.14306296,0.08963297,-0.44468996,0.5656829,0.2640318,0.08963297,0.9073911,0.5344529,0,-0.44468996,0.29200232,0.20236936,-0.22410466,-0.8480606,0.29200232",""
"/axon-eventsourcing-4.9.3.jar","axon-eventsourcing-4.9.3","embeddingsFastRandomProjection","0.6449828,0.12757653,0.08665422,-0.44316554,0.5664935,0.2539596,0.08665422,0.91701186,0.53720397,0,-0.44316554,0.2944644,0.20781021,-0.2233593,-0.8398333,0.2944644",""
"/axon-disruptor-4.9.3.jar","axon-disruptor-4.9.3","embeddingsFastRandomProjection","0.6482316,0.14836204,0.09232468,-0.45274085,0.5895361,0.27706075,0.09232468,0.9414675,0.5478282,0,-0.45274085,0.2963001,0.20397547,-0.24036731,-0.87775755,0.2963001",""
"/axon-configuration-4.9.3.jar","axon-configuration-4.9.3","embeddingsFastRandomProjection","0.6386907,0.14389995,0.090288684,-0.44550198,0.5704264,0.26259184,0.090288684,0.9170549,0.5388621,0,-0.44550198,0.29206216,0.20177352,-0.2268694,-0.8529488,0.29206216",""
"/axon-modelling-4.9.3.jar","axon-modelling-4.9.3","embeddingsFastRandomProjection","0.6692895,0.12629545,0.08793779,-0.4499163,0.5925174,0.2583837,0.08793779,0.96264917,0.5568885,0,-0.4499163,0.29915768,0.2112199,-0.24142008,-0.86721194,0.29915768",""
"/axon-messaging-4.9.3.jar","axon-messaging-4.9.3","embeddingsFastRandomProjection","0.53840554,0.110605516,0.07382884,-0.36615756,0.60774106,0.3436222,0.07382884,0.9036903,0.4514809,0,-0.36615756,0.24245627,0.16862743,-0.32328632,-0.8371016,0.24245627",""
