"codeUnitName","shortCodeUnitName","propertyName","propertyValue","Source Cypher File: Dependencies_Projection/Dependencies_8_Stream_Mutated.cypher"
"/axon-modelling-4.9.3.jar","axon-modelling-4.9.3","embeddingsNode2Vec","0.002472637,0.01456092,-0.019107673,-0.015732758,0.008916428,-0.017966354,0.025151478,0.006460447,0.004676928,-0.021809103,0.023190642,-0.028259696,-0.029841088,-0.0045070425,0.0022389744,0.017884562",""
"/axon-test-4.9.3.jar","axon-test-4.9.3","embeddingsNode2Vec","-0.009387922,0.005440599,0.017691007,-0.018956428,-0.022694578,0.013793129,-4.0220784e-05,-0.029323326,-0.006167652,-0.0005216109,-0.014089843,-0.003941626,0.024296137,-0.015784843,-0.011753961,0.015312251",""
"/axon-eventsourcing-4.9.3.jar","axon-eventsourcing-4.9.3","embeddingsNode2Vec","0.023348456,-0.014939716,-0.015372954,-0.018418007,0.0009607798,-0.013656967,0.026156262,-0.030853778,0.014552376,0.022270119,0.009505937,-0.021213133,0.013569942,0.013190257,-0.028768117,0.017270572",""
"/axon-messaging-4.9.3.jar","axon-messaging-4.9.3","embeddingsNode2Vec","-0.023289826,0.004111596,0.020722102,0.0061270497,-0.0081334775,0.0017734739,0.028353252,-0.009058643,-0.013993945,-0.022193728,0.015482874,-0.014212252,-0.029971754,-0.022124875,0.012713055,-0.020954212",""
"/axon-disruptor-4.9.3.jar","axon-disruptor-4.9.3","embeddingsNode2Vec","-0.01734857,-0.020277271,0.010403336,0.029199503,-0.01742853,0.022459654,-0.0294851,0.018748589,-0.030971754,-2.6687354e-05,-0.0027745434,-0.020261124,0.015500813,-0.012481658,0.024509968,0.009244575",""
"/axon-configuration-4.9.3.jar","axon-configuration-4.9.3","embeddingsNode2Vec","-0.0010895592,0.019914804,0.0014213372,-0.01712749,-0.023156654,0.016330002,-0.030070942,-0.005581312,-0.00022163223,0.0062906006,0.0017294141,-0.012452667,0.0023489618,0.028461337,0.022248706,0.02384599",""
