"codeUnitName","shortCodeUnitName","propertyName","propertyValue","Source Cypher File: Dependencies_Projection/Dependencies_8_Stream_Mutated.cypher"
"/axon-test-4.9.3.jar","axon-test-4.9.3","embeddingsFastRandomProjection","0.07363027,0.4449414,0.2148826,0,-0.43755448,-0.045333445,0.61673546,0.67252386,0.6218954,-0.020086825,0,0.67252386,-0.7300755,0.18697031,0.07363027,0.30297595",""
"/axon-eventsourcing-4.9.3.jar","axon-eventsourcing-4.9.3","embeddingsFastRandomProjection","0.073076874,0.44758797,0.21181892,0,-0.44683492,-0.038601708,0.61757654,0.6730393,0.6274073,-0.0143855065,0,0.6730393,-0.7384384,0.19393878,0.073076874,0.3084646",""
"/axon-disruptor-4.9.3.jar","axon-disruptor-4.9.3","embeddingsFastRandomProjection","0.085529014,0.47320044,0.22521827,0,-0.46420032,-0.044464756,0.654291,0.71478784,0.64801735,-0.025369257,0,0.71478784,-0.7726165,0.20385446,0.085529014,0.3244482",""
"/axon-configuration-4.9.3.jar","axon-configuration-4.9.3","embeddingsFastRandomProjection","0.07612771,0.44927007,0.21612608,0,-0.44621962,-0.04241169,0.6229807,0.6807252,0.6286335,-0.01837948,0,0.6807252,-0.7375815,0.19072849,0.07612771,0.30669466",""
"/axon-modelling-4.9.3.jar","axon-modelling-4.9.3","embeddingsFastRandomProjection","0.08708617,0.4803294,0.22134027,0,-0.48512846,-0.029362597,0.65961826,0.72024214,0.66143405,-0.013773456,0,0.72024214,-0.7894697,0.2169377,0.08708617,0.3356026",""
"/axon-messaging-4.9.3.jar","axon-messaging-4.9.3","embeddingsFastRandomProjection","0.15111037,0.45108885,0.1708918,0,-0.36429635,-0.027445314,0.58818924,0.63407075,0.41786933,-0.09888266,0,0.63407075,-0.68348444,0.24640559,0.15111037,0.33762434",""
