"codeUnitName","shortCodeUnitName","propertyName","propertyValue","Source Cypher File: Dependencies_Projection/Dependencies_8_Stream_Mutated.cypher"
"/axon-test-4.9.3.jar","axon-test-4.9.3","embeddingsNode2Vec","-0.0065340125,0.34890825,-0.13146536,-0.229623,-0.05064155,-0.47590983,0.20031609,0.121615596,0.113586195,0.060257565,0.2641171,0.81469506,0.2179782,-0.4981742,-0.192429,0.10586526",""
"/axon-modelling-4.9.3.jar","axon-modelling-4.9.3","embeddingsNode2Vec","-0.038274746,0.34027323,-0.13180241,-0.21947621,-0.065219976,-0.46339953,0.21698077,0.15418768,0.10848423,0.028726952,0.2710228,0.8302613,0.22890192,-0.4980701,-0.21451697,0.072045624",""
"/axon-configuration-4.9.3.jar","axon-configuration-4.9.3","embeddingsNode2Vec","-0.01780623,0.34058076,-0.13641055,-0.22146039,-0.05123751,-0.4746023,0.22008437,0.13459294,0.11748244,0.05392177,0.27163732,0.82019687,0.22056563,-0.49557748,-0.19771467,0.095329374",""
"/axon-disruptor-4.9.3.jar","axon-disruptor-4.9.3","embeddingsNode2Vec","-0.014295205,0.31770262,-0.13863379,-0.22760232,-0.066299886,-0.49677917,0.2060945,0.1083083,0.10251545,0.0727515,0.2697339,0.82999206,0.2306272,-0.5095425,-0.19017926,0.08289977",""
"/axon-messaging-4.9.3.jar","axon-messaging-4.9.3","embeddingsNode2Vec","-0.003297768,0.33885786,-0.14436676,-0.23261091,-0.056075066,-0.4778709,0.20089336,0.1287624,0.11795776,0.041605137,0.24301685,0.819401,0.21869692,-0.5135164,-0.19376186,0.10127789",""
"/axon-eventsourcing-4.9.3.jar","axon-eventsourcing-4.9.3","embeddingsNode2Vec","-0.020472558,0.3573956,-0.11716032,-0.23024632,-0.045154225,-0.45471033,0.21503034,0.14027582,0.104147874,0.047604866,0.26246285,0.82848954,0.20772712,-0.4789089,-0.19524148,0.1013785",""
