"codeUnitName","shortCodeUnitName","propertyName","propertyValue","Source Cypher File: Dependencies_Projection/Dependencies_8_Stream_Mutated.cypher"
"/axon-modelling-4.9.3.jar","axon-modelling-4.9.3","embeddingsNode2Vec","0.1966874,0.085712284,0.12519345,-0.21117316,0.11931229,0.2140372,0.25886583,-0.45358744,-0.13108143,0.7725635,0.15708883,-0.4718576,-0.43913814,-0.18108752,0.003927958,0.2511724",""
"/axon-configuration-4.9.3.jar","axon-configuration-4.9.3","embeddingsNode2Vec","0.22035521,0.13272248,0.10961161,-0.22283001,0.15423277,0.19914842,0.28182083,-0.45139888,-0.09916047,0.7670017,0.14938384,-0.4800881,-0.43094152,-0.21127771,-0.00010775241,0.21755028",""
"/axon-eventsourcing-4.9.3.jar","axon-eventsourcing-4.9.3","embeddingsNode2Vec","0.18556987,0.098004445,0.10643025,-0.21480218,0.12643504,0.20995645,0.26711643,-0.44838136,-0.124575585,0.7844231,0.15950932,-0.4638704,-0.43465236,-0.19544905,-0.002990257,0.22527185",""
"/axon-messaging-4.9.3.jar","axon-messaging-4.9.3","embeddingsNode2Vec","0.1957404,0.07806252,0.1281,-0.20460197,0.1026056,0.21194203,0.26057371,-0.4392429,-0.14608577,0.76638126,0.16736779,-0.45075443,-0.44100264,-0.18105029,-0.011853478,0.2558161",""
"/axon-test-4.9.3.jar","axon-test-4.9.3","embeddingsNode2Vec","0.2063626,0.05389167,0.115919225,-0.2142234,0.080970265,0.21579596,0.23312713,-0.4362951,-0.15781514,0.7597112,0.13969912,-0.46634936,-0.43416908,-0.15938695,0.017776832,0.25823462",""
"/axon-disruptor-4.9.3.jar","axon-disruptor-4.9.3","embeddingsNode2Vec","0.21789025,0.09586581,0.14759885,-0.1968279,0.09871593,0.18917541,0.2786238,-0.42169794,-0.1459886,0.7484823,0.17071666,-0.43056488,-0.43609837,-0.18835913,-0.038119137,0.25254133",""
