"codeUnitName","shortCodeUnitName","propertyName","propertyValue","Source Cypher File: Dependencies_Projection/Dependencies_8_Stream_Mutated.cypher"
"/axon-eventsourcing-4.9.3.jar","axon-eventsourcing-4.9.3","embeddingsFastRandomProjection","-0.07870017,-0.8218192,0.48620442,0.9552996,0,-0.39884552,0.21218055,0,0.16862732,0.18666506,-0.70513666,-0.04355324,-0.36113036,0.47748667,-0.43393344,0.5042421",""
"/axon-configuration-4.9.3.jar","axon-configuration-4.9.3","embeddingsFastRandomProjection","-0.08190857,-0.82092124,0.48663405,0.95859575,0,-0.41404697,0.21958297,0,0.17340542,0.19446409,-0.7038987,-0.046177544,-0.35940617,0.48216695,-0.4359894,0.5076927",""
"/axon-messaging-4.9.3.jar","axon-messaging-4.9.3","embeddingsFastRandomProjection","-0.067503236,-0.82651484,0.41136003,0.93837583,0,-0.46553648,0.1793642,0,0.14118877,0.28617233,-0.59543896,-0.038175453,-0.30834672,0.39895323,-0.36077777,0.55634356",""
"/axon-test-4.9.3.jar","axon-test-4.9.3","embeddingsFastRandomProjection","-0.08140591,-0.8123753,0.48318708,0.9494915,0,-0.41230893,0.21852204,0,0.17389289,0.19378692,-0.6982823,-0.044629153,-0.35392335,0.48147509,-0.43684593,0.5030811",""
"/axon-disruptor-4.9.3.jar","axon-disruptor-4.9.3","embeddingsFastRandomProjection","-0.08335149,-0.8390421,0.49257243,0.9787906,0,-0.42889968,0.22309992,0,0.17595127,0.20579982,-0.71244025,-0.047148645,-0.36376983,0.4884188,-0.44127017,0.522421",""
"/axon-modelling-4.9.3.jar","axon-modelling-4.9.3","embeddingsFastRandomProjection","-0.07909422,-0.8576853,0.5003207,0.9917564,0,-0.40448081,0.21316516,0,0.16713588,0.19131571,-0.7254938,-0.046029285,-0.37921417,0.48035055,-0.43432125,0.5245006",""
