"codeUnitName","shortCodeUnitName","propertyName","propertyValue","Source Cypher File: Dependencies_Projection/Dependencies_8_Stream_Mutated.cypher"
"/axon-test-4.9.3.jar","axon-test-4.9.3","embeddingsFastRandomProjection","0.061996587,0.3351899,0.3351899,0.13458578,-0.5959909,-0.7345984,-0.07036718,-0.2731933,-0.6947017,-0.39940852,0.3656599,0.12621522,-0.39940852,0.53186786,0.0061481525,0.4697757",""
"/axon-modelling-4.9.3.jar","axon-modelling-4.9.3","embeddingsFastRandomProjection","0.042913046,0.3490246,0.3490246,0.20161137,-0.68131113,-0.7858113,-0.11384931,-0.30611154,-0.7440565,-0.4367867,0.42813256,0.13067515,-0.4367867,0.5081861,0.033100758,0.550636",""
"/axon-configuration-4.9.3.jar","axon-configuration-4.9.3","embeddingsFastRandomProjection","0.06642359,0.34183615,0.34183615,0.14166258,-0.61237764,-0.74612755,-0.079207316,-0.2754125,-0.7092455,-0.40429142,0.37295794,0.12887889,-0.40429142,0.5324927,0.005548667,0.48349875",""
"/axon-disruptor-4.9.3.jar","axon-disruptor-4.9.3","embeddingsFastRandomProjection","0.072325416,0.35708538,0.35708538,0.14467615,-0.6365893,-0.77667314,-0.082173765,-0.28475994,-0.7486234,-0.41958776,0.39479432,0.13482782,-0.41958776,0.55641514,0.003256443,0.50176156",""
"/axon-messaging-4.9.3.jar","axon-messaging-4.9.3","embeddingsFastRandomProjection","0.04539468,0.27691454,0.27691454,0.1378587,-0.5199331,-0.61359423,-0.07809357,-0.2315198,-0.7670995,-0.33667967,0.5036352,0.10515985,-0.33667967,0.41689044,0.013450291,0.4147733",""
"/axon-eventsourcing-4.9.3.jar","axon-eventsourcing-4.9.3","embeddingsFastRandomProjection","0.042109914,0.32954285,0.32954285,0.16345948,-0.6164339,-0.74040735,-0.08213787,-0.2874329,-0.68701446,-0.4108645,0.38276708,0.12343158,-0.4108645,0.50954247,0.025295457,0.49300238",""
