"codeUnitName","shortCodeUnitName","propertyName","propertyValue","Source Cypher File: Dependencies_Projection/Dependencies_8_Stream_Mutated.cypher"
"/axon-eventsourcing-4.9.3.jar","axon-eventsourcing-4.9.3","embeddingsNode2Vec","0.57291055,0.19581202,0.2572115,0.09448745,0.22432847,-0.13415691,0.12909582,-0.106818035,-0.49474573,0.42235216,-0.6670554,0.29593956,-0.070497386,-0.11056024,0.08464185,0.043883387",""
"/axon-configuration-4.9.3.jar","axon-configuration-4.9.3","embeddingsNode2Vec","0.59096044,0.17518982,0.242837,0.09050917,0.23700854,-0.1625417,0.13930689,-0.08646537,-0.51183665,0.37172294,-0.6482733,0.33623502,-0.073593825,-0.12609437,0.08205087,0.03173785",""
"/axon-messaging-4.9.3.jar","axon-messaging-4.9.3","embeddingsNode2Vec","0.59541863,0.20730251,0.25079665,0.08356658,0.21797352,-0.15478094,0.12870392,-0.099609725,-0.5176552,0.41662666,-0.66973877,0.30812427,-0.05323042,-0.1176783,0.08507954,0.042292073",""
"/axon-test-4.9.3.jar","axon-test-4.9.3","embeddingsNode2Vec","0.5728046,0.22105107,0.25626886,0.06882968,0.19939353,-0.18201894,0.13471426,-0.09481291,-0.4834066,0.40321168,-0.68757534,0.3245029,-0.049062587,-0.12014414,0.09343534,0.020328127",""
"/axon-disruptor-4.9.3.jar","axon-disruptor-4.9.3","embeddingsNode2Vec","0.57643247,0.20751071,0.23681633,0.08115862,0.21732675,-0.15439464,0.12276804,-0.092490114,-0.51109266,0.40027615,-0.67579573,0.32510948,-0.047155935,-0.119616345,0.07008077,0.037270706",""
"/axon-modelling-4.9.3.jar","axon-modelling-4.9.3","embeddingsNode2Vec","0.59435487,0.16715239,0.23327446,0.10091063,0.24447876,-0.13334349,0.14040668,-0.09861907,-0.48537213,0.38296825,-0.64872944,0.32352704,-0.05859056,-0.12446153,0.068269484,0.041179173",""
