"codeUnitName","shortCodeUnitName","propertyName","propertyValue","Source Cypher File: Dependencies_Projection/Dependencies_8_Stream_Mutated.cypher"
"/axon-test-4.9.3.jar","axon-test-4.9.3","embeddingsNode2Vec","0.028855596,0.026821235,-0.024935178,-0.014659958,-0.012492838,0.02765289,0.0045726798,0.01783286,0.009127089,-0.009727065,-0.025255658,-0.011711745,0.013102023,0.03092992,0.031223746,0.0076136845",""
"/axon-eventsourcing-4.9.3.jar","axon-eventsourcing-4.9.3","embeddingsNode2Vec","0.026717063,-0.011300326,-0.019701993,0.011780338,-0.0073899813,0.0036831356,0.002252963,0.0022341013,0.021821594,-0.01650499,-0.023124356,-0.01307577,-0.026123831,-0.027243936,0.014322503,-0.0026345316",""
"/axon-disruptor-4.9.3.jar","axon-disruptor-4.9.3","embeddingsNode2Vec","-0.01957969,-0.013637024,0.029634146,-0.008617251,0.009587761,0.016186956,-0.013640864,0.0080007855,-0.016021986,0.017417993,0.016887447,-0.027067034,-0.0068391706,-0.029932512,0.010624461,0.011078765",""
"/axon-configuration-4.9.3.jar","axon-configuration-4.9.3","embeddingsNode2Vec","-0.00349984,-0.009356156,-0.02625301,0.009615834,-0.005719117,-0.019145126,0.017804543,0.018718597,0.025752928,0.015401206,0.015832132,-0.019516796,0.024919743,-0.022498531,0.021817867,0.012778234",""
"/axon-modelling-4.9.3.jar","axon-modelling-4.9.3","embeddingsNode2Vec","-7.313117e-05,-0.017923336,-0.013247132,-0.00059126335,4.8767775e-05,0.028048042,0.012701656,-0.01523723,0.0006773307,0.01750048,-0.012476671,0.022296384,0.012528275,0.022701351,0.016668448,-0.010765848",""
"/axon-messaging-4.9.3.jar","axon-messaging-4.9.3","embeddingsNode2Vec","-0.02877275,-0.012637379,0.008289274,-0.0026239217,-0.0187228,-0.017003404,-0.020355154,0.013030702,-0.022351293,-0.005014127,0.018872403,0.00046403258,0.0035463143,0.029976217,0.007875831,-0.022808496",""
