"codeUnitName","shortCodeUnitName","propertyName","propertyValue","Source Cypher File: Dependencies_Projection/Dependencies_8_Stream_Mutated.cypher"
"/axon-test-4.9.3.jar","axon-test-4.9.3","embeddingsNode2Vec","0.015055731,-0.011672471,-0.00924116,0.019404216,-0.022598581,0.0264373,-0.0040195948,-0.02846804,0.0020149627,-0.017195627,-0.022810914,0.02519724,0.0051512434,-0.027211325,-0.0029390934,-0.026614863",""
"/axon-messaging-4.9.3.jar","axon-messaging-4.9.3","embeddingsNode2Vec","-0.026652867,0.010851883,0.01523239,-0.028149063,0.011374964,0.023214368,-0.011588358,0.004681343,-0.010382611,-0.027982133,-0.00199934,-0.0058855875,0.012061065,-0.017038085,0.021178769,-0.023011897",""
"/axon-modelling-4.9.3.jar","axon-modelling-4.9.3","embeddingsNode2Vec","-0.015177078,-0.009414817,0.023667585,-0.0005652741,0.026283678,0.022064485,-0.01251734,0.024910122,0.011792822,0.009769623,0.00054235285,-0.011503471,-0.030049706,-0.001997408,-0.005029052,-0.0037429463",""
"/axon-disruptor-4.9.3.jar","axon-disruptor-4.9.3","embeddingsNode2Vec","-0.004384935,-0.0200228,0.011231996,-0.011333801,0.025971383,-0.015106164,-0.015526289,-0.0192178,0.020070462,-0.0280925,0.023617966,0.021044618,-0.01912916,0.014735541,-0.011885441,-0.0008748744",""
"/axon-eventsourcing-4.9.3.jar","axon-eventsourcing-4.9.3","embeddingsNode2Vec","0.007229677,-0.0027009577,0.017407285,-0.0063555324,0.031175757,-0.0011726219,-0.028118161,0.020274764,0.0140908165,0.019759946,0.014293956,0.02250863,0.027949745,0.030563615,0.009779972,0.0035751574",""
"/axon-configuration-4.9.3.jar","axon-configuration-4.9.3","embeddingsNode2Vec","0.006029074,0.023389587,-0.013069438,-0.012908164,0.028176356,-0.017440401,-0.019788923,0.028445428,0.02087256,0.0067147966,-0.026329946,0.001878562,-0.030380398,-0.016267864,-0.01006194,0.023337273",""
