"codeUnitName","shortCodeUnitName","propertyName","propertyValue","Source Cypher File: Dependencies_Projection/Dependencies_8_Stream_Mutated.cypher"
"/axon-modelling-4.9.3.jar","axon-modelling-4.9.3","embeddingsFastRandomProjection","0.5838545,0.31295192,0,0.36884543,0.2841587,-0.80969065,0.13423677,-0.44718868,0,-0.22826523,-0.38573766,-0.44718868,0,0.5487676,-1.1326222,0",""
"/axon-configuration-4.9.3.jar","axon-configuration-4.9.3","embeddingsFastRandomProjection","0.5653924,0.29584712,0,0.3564108,0.29128173,-0.800867,0.13715093,-0.43299803,0,-0.23071808,-0.36551106,-0.43299803,0,0.50722736,-1.0726199,0",""
"/axon-eventsourcing-4.9.3.jar","axon-eventsourcing-4.9.3","embeddingsFastRandomProjection","0.55650413,0.3051135,0,0.36432067,0.2825583,-0.7911409,0.13133809,-0.43645158,0,-0.22335121,-0.35872364,-0.43645158,0,0.5126169,-1.069121,0",""
"/axon-messaging-4.9.3.jar","axon-messaging-4.9.3","embeddingsFastRandomProjection","0.6724297,0.24717532,0,0.29731816,0.23710912,-0.65967405,0.11276625,-0.35994154,0,-0.18696634,-0.30951583,-0.35994154,0,0.43234828,-1.104778,0",""
"/axon-test-4.9.3.jar","axon-test-4.9.3","embeddingsFastRandomProjection","0.56227934,0.29613042,0,0.35880464,0.2917256,-0.7969059,0.13586205,-0.43199247,0,-0.22905141,-0.35731262,-0.43199247,0,0.49757946,-1.0598589,0",""
"/axon-disruptor-4.9.3.jar","axon-disruptor-4.9.3","embeddingsFastRandomProjection","0.59228367,0.3005267,0,0.36246106,0.29847652,-0.81915563,0.14104337,-0.4415701,0,-0.23654221,-0.37461004,-0.4415701,0,0.5177036,-1.1099873,0",""
