"codeUnitName","shortCodeUnitName","propertyName","propertyValue","Source Cypher File: Dependencies_Projection/Dependencies_8_Stream_Mutated.cypher"
"/axon-eventsourcing-4.9.3.jar","axon-eventsourcing-4.9.3","embeddingsNode2Vec","0.42023963,-0.5020017,0.40162665,0.06551891,0.12729684,0.16716866,-0.18856305,-0.3814067,-0.29129046,0.5416006,0.06593153,-0.32419187,0.05112898,0.31871316,-0.080124326,0.3443176",""
"/axon-test-4.9.3.jar","axon-test-4.9.3","embeddingsNode2Vec","0.46337825,-0.5231564,0.42960513,0.022491071,0.11232969,0.15896103,-0.20588689,-0.40031913,-0.28812432,0.5165082,0.077976555,-0.27852196,0.046809696,0.31439763,-0.06484943,0.33806142",""
"/axon-modelling-4.9.3.jar","axon-modelling-4.9.3","embeddingsNode2Vec","0.40520516,-0.4995757,0.3845444,0.044296175,0.14980233,0.17334653,-0.16258067,-0.3739658,-0.2967859,0.52495205,0.07261296,-0.33361694,0.09046141,0.32683706,-0.08555378,0.33572486",""
"/axon-disruptor-4.9.3.jar","axon-disruptor-4.9.3","embeddingsNode2Vec","0.41940352,-0.5162266,0.4131966,0.06511127,0.11353266,0.15751342,-0.20667328,-0.37051713,-0.31395665,0.54127914,0.077190585,-0.31055066,0.06507962,0.33420715,-0.08390131,0.34041607",""
"/axon-configuration-4.9.3.jar","axon-configuration-4.9.3","embeddingsNode2Vec","0.4360209,-0.5146178,0.45234358,0.032465827,0.1130953,0.16328062,-0.19867527,-0.37640318,-0.30522728,0.5305729,0.09241759,-0.3278111,0.039873254,0.30647323,-0.055140175,0.3286515",""
"/axon-messaging-4.9.3.jar","axon-messaging-4.9.3","embeddingsNode2Vec","0.43742248,-0.51118886,0.39896065,0.045500558,0.13349567,0.17716072,-0.1860035,-0.38708752,-0.27499315,0.5180187,0.072239615,-0.28751135,0.06699774,0.31993428,-0.072654165,0.35194403",""
