"codeUnitName","shortCodeUnitName","propertyName","propertyValue","Source Cypher File: Dependencies_Projection/Dependencies_8_Stream_Mutated.cypher"
"/axon-test-4.9.3.jar","axon-test-4.9.3","embeddingsNode2Vec","0.025994426,0.03045972,-0.015860405,-0.017124627,-0.0014000167,-0.012582878,0.0053677475,-0.01978387,-0.028248424,-0.006826884,-0.0038513627,-0.013952028,0.0079351235,0.00042024368,-0.006614865,0.028814195",""
"/axon-messaging-4.9.3.jar","axon-messaging-4.9.3","embeddingsNode2Vec","-0.009708094,-0.018279487,0.023402682,-0.017750602,0.015600694,-0.0031561602,0.013902809,0.020566056,0.0048952256,0.016683059,-0.012167177,-0.028358996,0.013765137,0.028789194,-0.019434681,0.018933797",""
"/axon-modelling-4.9.3.jar","axon-modelling-4.9.3","embeddingsNode2Vec","-0.018054098,-0.0017537511,0.024447897,-0.02635248,-0.0030430404,0.0022487992,0.015753513,0.005446687,0.025641559,-0.0030343325,0.011335838,0.014961229,0.011634255,-0.0016458359,0.015553094,0.021720134",""
"/axon-disruptor-4.9.3.jar","axon-disruptor-4.9.3","embeddingsNode2Vec","-0.0074328873,-0.001855257,-0.014557889,0.011574829,0.020184165,0.007258219,-0.013885464,0.02113741,-0.024179593,0.021230133,-0.020295938,-0.0012158233,-0.030767588,-0.01709962,-0.018166648,0.012363488",""
"/axon-eventsourcing-4.9.3.jar","axon-eventsourcing-4.9.3","embeddingsNode2Vec","0.0047253454,-0.01079413,-0.02466355,0.015026683,-0.028121633,-0.012199447,0.004037726,0.02517015,0.020996226,0.014832257,-0.024108898,0.00069023273,-0.028783685,-0.030730959,-0.009835581,0.029485397",""
"/axon-configuration-4.9.3.jar","axon-configuration-4.9.3","embeddingsNode2Vec","0.019133799,0.0066407,-0.004004697,-0.008844717,0.020920426,-0.013716261,-0.019305598,-0.01991827,0.007292761,-0.025272744,0.0053475183,0.005588697,-0.0077274437,0.012248816,0.0006480183,0.026279854",""
