"codeUnitName","shortCodeUnitName","propertyName","propertyValue","Source Cypher File: Dependencies_Projection/Dependencies_8_Stream_Mutated.cypher"
"/axon-modelling-4.9.3.jar","axon-modelling-4.9.3","embeddingsFastRandomProjection","0.38298586,-0.322256,-0.37804905,0.20267773,-0.5156567,-0.42142475,0.42142475,-0.88257325,-0.5249337,0.22802404,-0.44723827,0.11957826,-0.42142475,0.64991605,0.7049382,-0.42142475",""
"/axon-configuration-4.9.3.jar","axon-configuration-4.9.3","embeddingsFastRandomProjection","0.36231828,-0.31368297,-0.36867213,0.20487599,-0.49764004,-0.40248457,0.40248457,-0.8672257,-0.518559,0.21852753,-0.4247947,0.108806975,-0.40248457,0.62967074,0.70138264,-0.40248457",""
"/axon-eventsourcing-4.9.3.jar","axon-eventsourcing-4.9.3","embeddingsFastRandomProjection","0.36294958,-0.31741658,-0.37044433,0.20177361,-0.4956078,-0.4027648,0.4027648,-0.8593397,-0.5191902,0.2245736,-0.42783335,0.11564296,-0.4027648,0.6296069,0.69302005,-0.4027648",""
"/axon-messaging-4.9.3.jar","axon-messaging-4.9.3","embeddingsFastRandomProjection","0.41321266,-0.25817835,-0.30293387,0.1654157,-0.5234896,-0.44597334,0.44597334,-0.8215603,-0.42359406,0.18066213,-0.35612163,0.09276263,-0.44597334,0.5215373,0.680473,-0.44597334",""
"/axon-test-4.9.3.jar","axon-test-4.9.3","embeddingsFastRandomProjection","0.35849944,-0.31323725,-0.36665633,0.20495503,-0.49407163,-0.39957598,0.39957598,-0.86290514,-0.5181923,0.21874163,-0.4189947,0.10828221,-0.39957598,0.6239497,0.7001073,-0.39957598",""
"/axon-disruptor-4.9.3.jar","axon-disruptor-4.9.3","embeddingsFastRandomProjection","0.37391728,-0.31656337,-0.37255737,0.20742112,-0.5111142,-0.4145187,0.4145187,-0.885355,-0.5239845,0.21996796,-0.42946762,0.10914223,-0.4145187,0.6368887,0.717619,-0.4145187",""
