"codeUnitName","shortCodeUnitName","propertyName","propertyValue","Source Cypher File: Dependencies_Projection/Dependencies_8_Stream_Mutated.cypher"
"/axon-eventsourcing-4.9.3.jar","axon-eventsourcing-4.9.3","embeddingsNode2Vec","-0.33261383,0.41865698,-0.5057529,-0.36829,0.12248129,-0.42309362,0.1623671,-0.02742939,-0.34357864,0.06076827,-0.57585543,-0.4666531,0.10371076,-0.062545784,-0.21386747,-0.014738982",""
"/axon-test-4.9.3.jar","axon-test-4.9.3","embeddingsNode2Vec","-0.321871,0.43270817,-0.49401903,-0.3982038,0.10840985,-0.42073616,0.17020848,-0.029777518,-0.32879692,0.0105917845,-0.57247925,-0.43804827,0.11120441,-0.094941504,-0.20926456,-0.036466036",""
"/axon-modelling-4.9.3.jar","axon-modelling-4.9.3","embeddingsNode2Vec","-0.33477134,0.41549426,-0.4816515,-0.37382397,0.113221444,-0.41885474,0.18233532,-0.011867238,-0.33745614,0.008301018,-0.5486117,-0.45106563,0.13248484,-0.08968961,-0.20724232,-0.055487014",""
"/axon-disruptor-4.9.3.jar","axon-disruptor-4.9.3","embeddingsNode2Vec","-0.3243641,0.4191446,-0.50573814,-0.37698612,0.113747165,-0.44309077,0.15396364,-0.0073936046,-0.34160507,0.045632474,-0.5565403,-0.4179745,0.09145082,-0.051836908,-0.20722303,-0.029903905",""
"/axon-configuration-4.9.3.jar","axon-configuration-4.9.3","embeddingsNode2Vec","-0.3349548,0.41125262,-0.4938407,-0.34183675,0.093360886,-0.41841626,0.15838227,-0.018408442,-0.32465753,0.02338691,-0.5691782,-0.42663026,0.11198455,-0.08097719,-0.22533688,-0.038147513",""
"/axon-messaging-4.9.3.jar","axon-messaging-4.9.3","embeddingsNode2Vec","-0.3473682,0.43372297,-0.5124902,-0.3475903,0.111806,-0.4179287,0.16304144,-0.011849276,-0.33211952,0.031239387,-0.5764751,-0.44374576,0.11332058,-0.079466686,-0.20191456,-0.021161804",""
