"codeUnitName","shortCodeUnitName","propertyName","propertyValue","Source Cypher File: Dependencies_Projection/Dependencies_8_Stream_Mutated.cypher"
"/axon-eventsourcing-4.9.3.jar","axon-eventsourcing-4.9.3","embeddingsFastRandomProjection","-0.092756934,0.3751462,0.3751462,0.19882983,-0.5351004,0.5874332,0.092756934,0.62630886,-0.32281348,-0.10607292,-0.6884361,0,0.21228692,1.0458126,-0.31328982,0.34391952",""
"/axon-configuration-4.9.3.jar","axon-configuration-4.9.3","embeddingsFastRandomProjection","-0.09695967,0.37105897,0.37105897,0.20505062,-0.53695315,0.5926625,0.09695967,0.631819,-0.3153496,-0.10809095,-0.6815175,0,0.22160357,1.0557901,-0.31045842,0.35771972",""
"/axon-messaging-4.9.3.jar","axon-messaging-4.9.3","embeddingsFastRandomProjection","-0.07934372,0.31756485,0.31756485,0.16586535,-0.5966516,0.64218175,0.07934372,0.52896035,-0.2720347,-0.08652164,-0.5754219,0,0.32461688,1.0249126,-0.25785702,0.29073924",""
"/axon-test-4.9.3.jar","axon-test-4.9.3","embeddingsFastRandomProjection","-0.09644452,0.36646348,0.36646348,0.20627801,-0.5342816,0.587878,0.09644452,0.62633795,-0.31286708,-0.1098335,-0.67793024,0,0.22141454,1.0493857,-0.3114667,0.35631895",""
"/axon-disruptor-4.9.3.jar","axon-disruptor-4.9.3","embeddingsFastRandomProjection","-0.09929925,0.37712526,0.37712526,0.20918763,-0.5568266,0.61415005,0.09929925,0.6436364,-0.3198018,-0.1098884,-0.6923137,0,0.23702478,1.0859611,-0.31518835,0.36581036",""
"/axon-modelling-4.9.3.jar","axon-modelling-4.9.3","embeddingsFastRandomProjection","-0.09369895,0.39486825,0.39486825,0.19761881,-0.55948544,0.615271,0.09369895,0.6482727,-0.3390827,-0.10391988,-0.71117914,0,0.22040272,1.0810664,-0.31631082,0.34710336",""
