"codeUnitName","shortCodeUnitName","propertyName","propertyValue","Source Cypher File: Dependencies_Projection/Dependencies_8_Stream_Mutated.cypher"
"/axon-modelling-4.9.3.jar","axon-modelling-4.9.3","embeddingsNode2Vec","0.26521632,-0.30156136,0.43037346,-0.45222473,0.007916735,0.12832123,-0.17398009,0.3306748,0.19627291,0.53152716,0.21576996,-0.06291797,-0.10739934,-0.1729296,0.60079354,0.27569073",""
"/axon-configuration-4.9.3.jar","axon-configuration-4.9.3","embeddingsNode2Vec","0.27975878,-0.31035897,0.40313014,-0.47555688,-0.007888914,0.11842306,-0.20155238,0.3735723,0.20058465,0.5029887,0.23010066,-0.03335638,-0.119134925,-0.19777946,0.590029,0.2960189",""
"/axon-eventsourcing-4.9.3.jar","axon-eventsourcing-4.9.3","embeddingsNode2Vec","0.26789907,-0.32262614,0.43247217,-0.4766326,-0.004650461,0.10226419,-0.19671884,0.35169432,0.19671714,0.5396176,0.21392217,-0.04333356,-0.09471121,-0.20298932,0.59442085,0.28055236",""
"/axon-messaging-4.9.3.jar","axon-messaging-4.9.3","embeddingsNode2Vec","0.29134056,-0.30995628,0.43612072,-0.4815366,0.00096544734,0.084501825,-0.16197236,0.3582121,0.21929897,0.51125723,0.21276967,-0.057677135,-0.08227885,-0.19991365,0.60625404,0.2580681",""
"/axon-test-4.9.3.jar","axon-test-4.9.3","embeddingsNode2Vec","0.2878173,-0.3100171,0.42071548,-0.4781037,-0.012421673,0.10668939,-0.19285852,0.34365854,0.2071525,0.4838713,0.2344415,-0.0595409,-0.1139081,-0.18140449,0.5850197,0.25974092",""
"/axon-disruptor-4.9.3.jar","axon-disruptor-4.9.3","embeddingsNode2Vec","0.28605264,-0.30569917,0.42076504,-0.48819506,-0.0049985857,0.08009269,-0.16126113,0.3549045,0.22924243,0.5162994,0.2216889,-0.055699486,-0.090757295,-0.19452427,0.61143345,0.23439966",""
