"codeUnitName","shortCodeUnitName","propertyName","propertyValue","Source Cypher File: Dependencies_Projection/Dependencies_8_Stream_Mutated.cypher"
"/axon-eventsourcing-4.9.3.jar","axon-eventsourcing-4.9.3","embeddingsFastRandomProjection","0,0.05533481,-0.11425458,0.9705647,-0.18073389,-0.35176307,0.2678824,0.60582906,0,-0.04151836,-0.46168914,0.098293,0.5219484,-0.7947551,-0.20435531,-0.12539907",""
"/axon-configuration-4.9.3.jar","axon-configuration-4.9.3","embeddingsFastRandomProjection","0,0.05819104,-0.115958974,0.9741508,-0.17150414,-0.35658532,0.2760275,0.607177,0,-0.032755256,-0.46753627,0.10187747,0.5266192,-0.8035387,-0.19297901,-0.113313094",""
"/axon-messaging-4.9.3.jar","axon-messaging-4.9.3","embeddingsFastRandomProjection","0,0.04631328,-0.0912943,0.9001254,-0.14911966,-0.18093258,0.2188613,0.49421564,0,-0.14073509,-0.47763765,0.0812537,0.53214437,-0.7591992,-0.056684136,-0.102806374",""
"/axon-test-4.9.3.jar","axon-test-4.9.3","embeddingsFastRandomProjection","0,0.055977248,-0.116784155,0.95976084,-0.16518396,-0.35301864,0.27359152,0.6004125,0,-0.029779539,-0.4672305,0.1008301,0.5209853,-0.7923544,-0.19085626,-0.10920671",""
"/axon-disruptor-4.9.3.jar","axon-disruptor-4.9.3","embeddingsFastRandomProjection","0,0.061338395,-0.12108661,1.0250486,-0.17811471,-0.36613083,0.28940672,0.6342513,0,-0.040052205,-0.49570277,0.10698168,0.5575272,-0.8474199,-0.19301443,-0.11677632",""
"/axon-modelling-4.9.3.jar","axon-modelling-4.9.3","embeddingsFastRandomProjection","0,0.060803536,-0.11695833,1.0492768,-0.20732036,-0.3672994,0.2808857,0.64748454,0,-0.060103074,-0.48315263,0.10312377,0.5610708,-0.85907114,-0.21581584,-0.14651681",""
