"codeUnitName","shortCodeUnitName","propertyName","propertyValue","Source Cypher File: Dependencies_Projection/Dependencies_8_Stream_Mutated.cypher"
"/axon-eventsourcing-4.9.3.jar","axon-eventsourcing-4.9.3","embeddingsNode2Vec","0.29253784,0.000972634,-0.1383464,0.20590924,0.3850319,0.5202097,0.44556025,0.259023,-0.2405944,0.65468156,-0.21252348,-0.12188207,-0.026628546,0.34126982,-0.19206353,-0.21132404",""
"/axon-configuration-4.9.3.jar","axon-configuration-4.9.3","embeddingsNode2Vec","0.31099877,0.0026322696,-0.14146015,0.18746224,0.38170937,0.5099722,0.47809127,0.27618152,-0.25387138,0.6321504,-0.20859197,-0.09721518,-0.025138643,0.32397372,-0.18527015,-0.22560687",""
"/axon-messaging-4.9.3.jar","axon-messaging-4.9.3","embeddingsNode2Vec","0.29584467,0.009804062,-0.1534519,0.20071773,0.386794,0.51619244,0.47347045,0.2755862,-0.23982657,0.65816694,-0.22065142,-0.11387715,-0.010065981,0.3400654,-0.1987014,-0.23620568",""
"/axon-test-4.9.3.jar","axon-test-4.9.3","embeddingsNode2Vec","0.27960265,0.0065982672,-0.15779503,0.15997665,0.36885378,0.4965875,0.48030493,0.3021391,-0.26305142,0.63885665,-0.22045612,-0.07949693,-0.020394789,0.31506568,-0.20000245,-0.2486517",""
"/axon-disruptor-4.9.3.jar","axon-disruptor-4.9.3","embeddingsNode2Vec","0.3006801,0.008429341,-0.123002715,0.22031763,0.3595253,0.49583423,0.43277165,0.23398405,-0.24403852,0.6370809,-0.233797,-0.12333067,-0.005986505,0.34860262,-0.18182778,-0.2433802",""
"/axon-modelling-4.9.3.jar","axon-modelling-4.9.3","embeddingsNode2Vec","0.2883014,0.0077802083,-0.16029215,0.20332538,0.3759906,0.51682895,0.4658673,0.2817059,-0.22780655,0.6287324,-0.19624914,-0.10180129,-0.019173667,0.33130458,-0.21273491,-0.22901337",""
