"codeUnitName","shortCodeUnitName","propertyName","propertyValue","Source Cypher File: Dependencies_Projection/Dependencies_8_Stream_Mutated.cypher"
"/axon-modelling-4.9.3.jar","axon-modelling-4.9.3","embeddingsFastRandomProjection","-0.4739594,0,-0.08837657,0.3238775,-0.15008187,0.41225412,0,0.18832442,-0.3238775,-0.15008187,0.21926215,0.30055732,-0.6244349,1.2412522,-0.35450247,-0.6244349",""
"/axon-configuration-4.9.3.jar","axon-configuration-4.9.3","embeddingsFastRandomProjection","-0.4657852,0,-0.08469806,0.31839824,-0.14738701,0.40309632,0,0.16760004,-0.31839824,-0.14738701,0.23547383,0.26950762,-0.58790594,1.1568286,-0.31962806,-0.58790594",""
"/axon-eventsourcing-4.9.3.jar","axon-eventsourcing-4.9.3","embeddingsFastRandomProjection","-0.45498747,0,-0.08136663,0.31186676,-0.14312072,0.3932334,0,0.17630073,-0.31186676,-0.14312072,0.22765812,0.27218896,-0.5840558,1.156432,-0.3333671,-0.5840558",""
"/axon-messaging-4.9.3.jar","axon-messaging-4.9.3","embeddingsFastRandomProjection","-0.36979738,0,-0.06740967,0.25229537,-0.11750197,0.3197051,0,0.13920589,-0.25229537,-0.11750197,0.17738396,0.35422343,-0.60651886,1.0729316,-0.13389319,-0.60651886",""
"/axon-test-4.9.3.jar","axon-test-4.9.3","embeddingsFastRandomProjection","-0.46236104,0,-0.08189934,0.3167527,-0.14560834,0.39865205,0,0.16577768,-0.3167527,-0.14560834,0.23994702,0.26516092,-0.5819137,1.1412499,-0.3143444,-0.5819137",""
"/axon-disruptor-4.9.3.jar","axon-disruptor-4.9.3","embeddingsFastRandomProjection","-0.48398143,0,-0.08839969,0.3305907,-0.15339077,0.4189904,0,0.17245695,-0.3305907,-0.15339077,0.2444979,0.28769332,-0.61828405,1.2074246,-0.3205133,-0.61828405",""
