"codeUnitName","shortCodeUnitName","propertyName","propertyValue","Source Cypher File: Dependencies_Projection/Dependencies_8_Stream_Mutated.cypher"
"/axon-eventsourcing-4.9.3.jar","axon-eventsourcing-4.9.3","embeddingsNode2Vec","0.523443,-0.13553746,0.42286783,0.24033387,0.15705316,0.44785166,-0.2942131,-0.20808232,0.44154125,0.0109197255,0.31730118,-0.34156528,0.031047055,0.26048964,-0.004234824,0.43071342",""
"/axon-configuration-4.9.3.jar","axon-configuration-4.9.3","embeddingsNode2Vec","0.54917514,-0.14871491,0.4324594,0.2152481,0.14595227,0.44270828,-0.3187728,-0.20839001,0.4623083,-0.028561618,0.33541098,-0.31301096,0.041539643,0.26606712,-0.0020176764,0.43827444",""
"/axon-messaging-4.9.3.jar","axon-messaging-4.9.3","embeddingsNode2Vec","0.527428,-0.13884568,0.42273483,0.22138196,0.16154905,0.48534223,-0.3008354,-0.23625356,0.43858203,0.024945438,0.32910666,-0.32781887,0.0184917,0.24160427,0.03390483,0.43558234",""
"/axon-test-4.9.3.jar","axon-test-4.9.3","embeddingsNode2Vec","0.52499413,-0.11310184,0.4269311,0.20248403,0.12979174,0.44096994,-0.2925806,-0.1851639,0.43471485,0.026733866,0.34406853,-0.34993604,0.014756263,0.25553653,-0.0116273835,0.4421267",""
"/axon-disruptor-4.9.3.jar","axon-disruptor-4.9.3","embeddingsNode2Vec","0.524028,-0.11254221,0.42836064,0.24001299,0.14517212,0.47291723,-0.27862555,-0.20145324,0.4286406,0.020510023,0.33931094,-0.33273664,0.025969554,0.23971169,0.02421835,0.42187113",""
"/axon-modelling-4.9.3.jar","axon-modelling-4.9.3","embeddingsNode2Vec","0.5353347,-0.15108983,0.4468613,0.21669947,0.1547533,0.4672312,-0.31194666,-0.21701205,0.44346732,-0.011267098,0.3313341,-0.31514978,0.0447791,0.2682598,0.011537551,0.44142976",""
