"codeUnitName","shortCodeUnitName","propertyName","propertyValue","Source Cypher File: Dependencies_Projection/Dependencies_8_Stream_Mutated.cypher"
"/axon-eventsourcing-4.9.3.jar","axon-eventsourcing-4.9.3","embeddingsNode2Vec","0.03548383,0.4715405,-0.014812057,0.044246133,-0.27197197,-0.23145927,0.09472009,0.41252318,0.36140406,0.38883218,0.17788927,-0.5843453,-0.36916927,0.004937198,-0.5072259,0.17010807",""
"/axon-configuration-4.9.3.jar","axon-configuration-4.9.3","embeddingsNode2Vec","0.027073985,0.49573225,-0.027506262,0.0065501905,-0.31095868,-0.26882258,0.09349632,0.44587207,0.3686333,0.3519847,0.18012874,-0.54091233,-0.3792037,-0.015496544,-0.5222619,0.13569687",""
"/axon-messaging-4.9.3.jar","axon-messaging-4.9.3","embeddingsNode2Vec","-0.006300943,0.4877238,-0.058197033,0.0065562427,-0.30476516,-0.30883193,0.11257137,0.45214775,0.34082738,0.35260662,0.1474059,-0.5380902,-0.3740719,-0.013761634,-0.5341468,0.12169177",""
"/axon-test-4.9.3.jar","axon-test-4.9.3","embeddingsNode2Vec","0.00036967284,0.47364542,-0.043660842,0.011297308,-0.29831555,-0.28239828,0.09482458,0.44170973,0.34368387,0.35592368,0.15978254,-0.545567,-0.36358586,-0.0030040222,-0.53117645,0.13355197",""
"/axon-disruptor-4.9.3.jar","axon-disruptor-4.9.3","embeddingsNode2Vec","0.003708231,0.4944585,-0.02946714,0.03173867,-0.30163756,-0.22367838,0.10014927,0.43490174,0.33400062,0.37793955,0.18525481,-0.5480873,-0.3636601,-0.02273667,-0.49952742,0.12467729",""
"/axon-modelling-4.9.3.jar","axon-modelling-4.9.3","embeddingsNode2Vec","-0.000950863,0.4885579,-0.041905295,-0.0050544045,-0.31174406,-0.28410792,0.09421169,0.451385,0.34270108,0.3551243,0.16784798,-0.53584737,-0.36865377,-0.011015341,-0.5335432,0.12761301",""
