"codeUnitName","shortCodeUnitName","propertyName","propertyValue","Source Cypher File: Dependencies_Projection/Dependencies_8_Stream_Mutated.cypher"
"/axon-test-4.9.3.jar","axon-test-4.9.3","embeddingsFastRandomProjection","0,0.1081329,-0.55065894,0.51506954,0.4152403,-0.08472987,0.7435217,-0.77843004,0.1815949,0.1815949,-0.0031104255,0.4688932,-0.09303352,-0.92200613,0.4562233,0.2284522",""
"/axon-messaging-4.9.3.jar","axon-messaging-4.9.3","embeddingsFastRandomProjection","0,0.21496181,-0.46693227,0.5653014,0.36225894,-0.06996122,0.75185525,-0.65558934,0.14666522,0.14666522,0.017120538,0.52330947,-0.08188055,-0.91564107,0.37521097,0.18655387",""
"/axon-modelling-4.9.3.jar","axon-modelling-4.9.3","embeddingsFastRandomProjection","0,0.10725251,-0.57274926,0.53883165,0.45446175,-0.08269893,0.7627007,-0.8041934,0.17486581,0.17486581,0.032844357,0.48225325,-0.10558157,-0.9704109,0.4553132,0.223869",""
"/axon-disruptor-4.9.3.jar","axon-disruptor-4.9.3","embeddingsFastRandomProjection","0,0.117247835,-0.56577045,0.5359694,0.4253838,-0.087196484,0.7702148,-0.79379135,0.18420377,0.18420377,0.00027242303,0.49215227,-0.093858704,-0.95469105,0.46226624,0.23424542",""
"/axon-eventsourcing-4.9.3.jar","axon-eventsourcing-4.9.3","embeddingsFastRandomProjection","0,0.10369061,-0.5525332,0.5164466,0.43253163,-0.081769854,0.7379937,-0.783749,0.1756087,0.1756087,0.015600188,0.46083945,-0.10154547,-0.92920256,0.45276287,0.22154713",""
"/axon-configuration-4.9.3.jar","axon-configuration-4.9.3","embeddingsFastRandomProjection","0,0.10637365,-0.55619395,0.51830965,0.42009062,-0.085275196,0.7478428,-0.7817093,0.18080936,0.18080936,0.0015935376,0.47360367,-0.09342976,-0.93024576,0.45504847,0.22953317",""
