"codeUnitName","shortCodeUnitName","propertyName","propertyValue","Source Cypher File: Dependencies_Projection/Dependencies_8_Stream_Mutated.cypher"
"/axon-modelling-4.9.3.jar","axon-modelling-4.9.3","embeddingsFastRandomProjection","0.12751578,0,0.13900432,0,-0.09438045,-0.20139398,0.058950454,-0.25681642,0.1562603,-0.12751578,-0.9283639,1.0227444,0,1.1536994,0.25681642,-0.35285124",""
"/axon-messaging-4.9.3.jar","axon-messaging-4.9.3","embeddingsFastRandomProjection","0.21763915,0,0.11885419,0,-0.08020209,-0.1654195,0.1655867,-0.20995419,0.12426496,-0.21763915,-0.86043024,0.94063234,0,1.0392501,0.20995419,-0.396459",""
"/axon-configuration-4.9.3.jar","axon-configuration-4.9.3","embeddingsFastRandomProjection","0.12075244,0,0.1526608,0,-0.1093234,-0.20480432,0.065851524,-0.25954926,0.1474684,-0.12075244,-0.8943639,1.0036874,0,1.1107318,0.25954926,-0.33712038",""
"/axon-disruptor-4.9.3.jar","axon-disruptor-4.9.3","embeddingsFastRandomProjection","0.13121557,0,0.15630788,0,-0.1108788,-0.20777008,0.07542582,-0.26364863,0.14844227,-0.13121557,-0.914207,1.0250858,0,1.1323378,0.26364863,-0.34934634",""
"/axon-eventsourcing-4.9.3.jar","axon-eventsourcing-4.9.3","embeddingsFastRandomProjection","0.11497627,0,0.13960011,0,-0.10473549,-0.20082523,0.05894035,-0.25332102,0.15377474,-0.11497627,-0.89265406,0.9973896,0,1.1146506,0.25332102,-0.33697283",""
"/axon-test-4.9.3.jar","axon-test-4.9.3","embeddingsFastRandomProjection","0.118540525,0,0.15180469,0,-0.11271877,-0.20506959,0.06780955,-0.2581401,0.14795527,-0.118540525,-0.8867718,0.9994906,0,1.1034865,0.2581401,-0.3352552",""
