"codeUnitName","shortCodeUnitName","propertyName","propertyValue","Source Cypher File: Dependencies_Projection/Dependencies_8_Stream_Mutated.cypher"
"/axon-modelling-4.9.3.jar","axon-modelling-4.9.3","embeddingsFastRandomProjection","0.27739954,-0.23122293,-0.6236067,-0.6019083,-0.2170957,-0.1149842,0.102111526,-0.16241533,-0.12911144,-0.25570118,-1.3055689,0.23122293,-0.49979684,0.5886764,0.4144413,0",""
"/axon-configuration-4.9.3.jar","axon-configuration-4.9.3","embeddingsFastRandomProjection","0.27872136,-0.21655147,-0.611934,-0.57805216,-0.21985903,-0.11666119,0.10319786,-0.16206016,-0.113353655,-0.24483952,-1.2510746,0.21655147,-0.47485435,0.5563611,0.43749207,0",""
"/axon-eventsourcing-4.9.3.jar","axon-eventsourcing-4.9.3","embeddingsFastRandomProjection","0.27218282,-0.22338209,-0.61134374,-0.57649195,-0.21592209,-0.11577882,0.10014328,-0.15640396,-0.12323882,-0.23733109,-1.2508253,0.22338209,-0.47634864,0.5585544,0.42511526,0",""
"/axon-messaging-4.9.3.jar","axon-messaging-4.9.3","embeddingsFastRandomProjection","0.22743408,-0.18378642,-0.5053906,-0.63012314,-0.17910725,-0.09417013,0.08493713,-0.13326392,-0.09884931,-0.35216665,-1.19524,0.18378642,-0.54518604,0.47094667,0.34681517,0",""
"/axon-test-4.9.3.jar","axon-test-4.9.3","embeddingsFastRandomProjection","0.27692202,-0.21501337,-0.60980105,-0.5747036,-0.22024895,-0.1178657,0.10238327,-0.1590563,-0.1126301,-0.24182454,-1.2401149,0.21501337,-0.47232035,0.54754555,0.4415607,0",""
"/axon-disruptor-4.9.3.jar","axon-disruptor-4.9.3","embeddingsFastRandomProjection","0.2842353,-0.2194049,-0.62207484,-0.59751266,-0.2238619,-0.11843462,0.10542728,-0.16580066,-0.11397764,-0.25967318,-1.2818679,0.2194049,-0.4920854,0.5659205,0.4458169,0",""
