"codeUnitName","shortCodeUnitName","propertyName","propertyValue","Source Cypher File: Dependencies_Projection/Dependencies_8_Stream_Mutated.cypher"
"/axon-disruptor-4.9.3.jar","axon-disruptor-4.9.3","embeddingsFastRandomProjection","-0.47742748,0.47742748,0.2745606,-0.20286694,-0.58777547,0.16756937,-0.32679737,-0.47742748,-0.2609781,-0.86144626,-0.3175941,-0.5921546,0.32679737,0.32679737,-0.7689273,0.2745606",""
"/axon-modelling-4.9.3.jar","axon-modelling-4.9.3","embeddingsFastRandomProjection","-0.47577846,0.47577846,0.2688434,-0.2069351,-0.59792876,0.19336596,-0.3329861,-0.47577846,-0.2649427,-0.8799802,-0.30921513,-0.5780584,0.3329861,0.3329861,-0.79519546,0.2688434",""
"/axon-configuration-4.9.3.jar","axon-configuration-4.9.3","embeddingsFastRandomProjection","-0.45923957,0.45923957,0.26803327,-0.19120632,-0.56824845,0.16485855,-0.32059383,-0.45923957,-0.24765465,-0.8356831,-0.31017303,-0.57820624,0.32059383,0.32059383,-0.75348556,0.26803327",""
"/axon-messaging-4.9.3.jar","axon-messaging-4.9.3","embeddingsFastRandomProjection","-0.49033043,0.49033043,0.21621236,-0.2741181,-0.5827863,0.14487219,-0.2629157,-0.49033043,-0.31987062,-0.80566245,-0.25054994,-0.46676224,0.2629157,0.2629157,-0.6240002,0.21621236",""
"/axon-test-4.9.3.jar","axon-test-4.9.3","embeddingsFastRandomProjection","-0.45599848,0.45599848,0.2661397,-0.18985885,-0.5642443,0.1594991,-0.31982276,-0.45599848,-0.24442157,-0.8270746,-0.3093444,-0.57548404,0.31982276,0.31982276,-0.7454615,0.2661397",""
"/axon-eventsourcing-4.9.3.jar","axon-eventsourcing-4.9.3","embeddingsFastRandomProjection","-0.45375925,0.45375925,0.26203525,-0.19172397,-0.5701202,0.17335382,-0.3242253,-0.45375925,-0.24589491,-0.8349774,-0.30371445,-0.56574965,0.3242253,0.3242253,-0.75961435,0.26203525",""
