"codeUnitName","shortCodeUnitName","propertyName","propertyValue","Source Cypher File: Dependencies_Projection/Dependencies_8_Stream_Mutated.cypher"
"/axon-eventsourcing-4.9.3.jar","axon-eventsourcing-4.9.3","embeddingsNode2Vec","-0.027503371,-0.055045012,0.17657384,0.11222477,0.046511006,0.24711935,-0.42218587,-0.6758091,-0.32122844,0.4998132,-0.14464161,-0.20429327,-0.25687248,0.14746602,0.3847823,0.40677547",""
"/axon-test-4.9.3.jar","axon-test-4.9.3","embeddingsNode2Vec","-0.028006252,-0.04154911,0.18949683,0.07253575,0.02186118,0.24211039,-0.45369473,-0.70836556,-0.333358,0.47328755,-0.14995983,-0.15256506,-0.28033763,0.14946197,0.42622775,0.39523077",""
"/axon-modelling-4.9.3.jar","axon-modelling-4.9.3","embeddingsNode2Vec","-0.058803447,-0.014516003,0.1800014,0.08515993,0.0049937726,0.22265846,-0.4523913,-0.69338274,-0.3518169,0.43321922,-0.1627832,-0.13848165,-0.26363763,0.16599926,0.40906307,0.3593087",""
"/axon-disruptor-4.9.3.jar","axon-disruptor-4.9.3","embeddingsNode2Vec","-0.05898017,-0.064872436,0.14926793,0.07803452,0.059003495,0.2598406,-0.4377985,-0.6709091,-0.31246856,0.5027792,-0.15279286,-0.19643083,-0.2585099,0.1458516,0.42504567,0.41072878",""
"/axon-configuration-4.9.3.jar","axon-configuration-4.9.3","embeddingsNode2Vec","-0.06237298,-0.027034676,0.17414525,0.09593091,0.028610695,0.2451969,-0.44486743,-0.68521005,-0.3452191,0.46456748,-0.1564054,-0.17659733,-0.25838187,0.16894738,0.40879047,0.37807015",""
"/axon-messaging-4.9.3.jar","axon-messaging-4.9.3","embeddingsNode2Vec","-0.052451476,-0.032733623,0.18315347,0.0804105,0.011958688,0.22926407,-0.44614246,-0.6938384,-0.32961538,0.46921727,-0.15550822,-0.16034551,-0.27123985,0.16833064,0.40747616,0.38492677",""
