"codeUnitName","shortCodeUnitName","propertyName","propertyValue","Source Cypher File: Dependencies_Projection/Dependencies_8_Stream_Mutated.cypher"
"/axon-modelling-4.9.3.jar","axon-modelling-4.9.3","embeddingsNode2Vec","-0.5194885,-0.3578622,-0.37250352,0.005278074,-0.38862586,0.080489285,0.022783168,-0.0028324937,-0.3931637,0.64890176,0.18343645,0.13009718,-0.3305384,0.05455968,-0.26255727,0.1405054",""
"/axon-configuration-4.9.3.jar","axon-configuration-4.9.3","embeddingsNode2Vec","-0.5233337,-0.3474752,-0.41850707,0.007705064,-0.40312415,0.04914715,0.026378017,0.045265257,-0.39191878,0.6247672,0.1660047,0.1735726,-0.3220923,0.04092253,-0.30089056,0.116436705",""
"/axon-eventsourcing-4.9.3.jar","axon-eventsourcing-4.9.3","embeddingsNode2Vec","-0.52671784,-0.31919277,-0.40914094,-0.010357159,-0.3788115,0.054130714,0.044206813,0.0008584522,-0.37151507,0.6788993,0.16420186,0.1304769,-0.337108,0.046516996,-0.2733175,0.11274883",""
"/axon-messaging-4.9.3.jar","axon-messaging-4.9.3","embeddingsNode2Vec","-0.5163494,-0.33257917,-0.39553308,0.008211528,-0.4188545,0.04532935,0.024133286,0.04078904,-0.41432238,0.6310644,0.16824834,0.17821853,-0.33382756,0.05424841,-0.30107248,0.13372956",""
"/axon-test-4.9.3.jar","axon-test-4.9.3","embeddingsNode2Vec","-0.5048281,-0.35421622,-0.41746938,-0.009436692,-0.4051665,0.05003109,0.04830289,-0.0019073818,-0.3961932,0.6293635,0.20043099,0.16264923,-0.35497314,0.05002908,-0.26784152,0.11712522",""
"/axon-disruptor-4.9.3.jar","axon-disruptor-4.9.3","embeddingsNode2Vec","-0.5000767,-0.33099592,-0.42276713,0.008631305,-0.39811814,0.028693715,0.056335855,0.03251034,-0.36999434,0.6544005,0.15329581,0.1575937,-0.336523,0.06568273,-0.29497746,0.13594893",""
