"codeUnitName","shortCodeUnitName","propertyName","propertyValue","Source Cypher File: Dependencies_Projection/Dependencies_8_Stream_Mutated.cypher"
"/axon-modelling-4.9.3.jar","axon-modelling-4.9.3","embeddingsNode2Vec","0.33862886,0.18687518,-0.41433755,-0.20455585,-0.109851874,-0.34618756,-0.07999682,0.07028326,-0.12376139,-0.062037237,0.039363183,0.81084913,0.46027273,-0.38248876,-0.12636957,0.119593546",""
"/axon-configuration-4.9.3.jar","axon-configuration-4.9.3","embeddingsNode2Vec","0.33527926,0.20856512,-0.41003478,-0.20356163,-0.09545895,-0.36571717,-0.07383253,0.09526242,-0.09420189,-0.112665854,0.011800913,0.80107254,0.46611482,-0.3845144,-0.1303715,0.068913884",""
"/axon-eventsourcing-4.9.3.jar","axon-eventsourcing-4.9.3","embeddingsNode2Vec","0.31408885,0.19431068,-0.4427966,-0.20669456,-0.11891953,-0.3575619,-0.06871675,0.082591124,-0.13556494,-0.07483273,0.045556135,0.8208698,0.44126755,-0.38774398,-0.12476499,0.087708905",""
"/axon-messaging-4.9.3.jar","axon-messaging-4.9.3","embeddingsNode2Vec","0.3252973,0.17489825,-0.4247535,-0.20230429,-0.15355635,-0.35939702,-0.07702172,0.075911984,-0.1479854,-0.07392349,0.046627976,0.8343841,0.43128687,-0.36308473,-0.12874423,0.11929263",""
"/axon-test-4.9.3.jar","axon-test-4.9.3","embeddingsNode2Vec","0.31402138,0.1828641,-0.42548856,-0.17641538,-0.13522866,-0.36201754,-0.052147795,0.09922565,-0.16147085,-0.088880315,0.054547433,0.81834155,0.4122827,-0.34374756,-0.11131398,0.13006972",""
"/axon-disruptor-4.9.3.jar","axon-disruptor-4.9.3","embeddingsNode2Vec","0.3266667,0.16151118,-0.40013957,-0.19854426,-0.11901273,-0.34190002,-0.086569555,0.06786749,-0.1416546,-0.04207264,0.04307041,0.8133387,0.45776913,-0.37784675,-0.13093142,0.1456957",""
