"codeUnitName","shortCodeUnitName","propertyName","propertyValue","Source Cypher File: Dependencies_Projection/Dependencies_8_Stream_Mutated.cypher"
"/axon-test-4.9.3.jar","axon-test-4.9.3","embeddingsNode2Vec","-0.24654588,-0.2595085,-0.30131495,-0.13688366,0.14300922,-0.32454866,0.37728506,-0.422295,0.43840885,0.13990879,-0.4462097,0.032218274,0.034820326,0.24390869,-0.55126876,-0.3013049",""
"/axon-modelling-4.9.3.jar","axon-modelling-4.9.3","embeddingsNode2Vec","-0.2716162,-0.2725546,-0.32263106,-0.13331677,0.1203129,-0.33870575,0.36562183,-0.36894327,0.41577125,0.11095578,-0.4396708,0.026896086,0.047358602,0.24763012,-0.55387443,-0.3258672",""
"/axon-configuration-4.9.3.jar","axon-configuration-4.9.3","embeddingsNode2Vec","-0.25235373,-0.27653888,-0.31227654,-0.13604759,0.114453346,-0.32811043,0.3704431,-0.39473203,0.43550974,0.12650946,-0.43511635,0.057886638,0.051234953,0.23387675,-0.55423653,-0.32245576",""
"/axon-disruptor-4.9.3.jar","axon-disruptor-4.9.3","embeddingsNode2Vec","-0.2563636,-0.2316956,-0.31938815,-0.14158636,0.14893164,-0.34776333,0.3603823,-0.37600788,0.42335883,0.10981518,-0.4540086,0.042804874,0.020135064,0.24660861,-0.52705276,-0.3043177",""
"/axon-messaging-4.9.3.jar","axon-messaging-4.9.3","embeddingsNode2Vec","-0.2513858,-0.23762408,-0.2986179,-0.13744739,0.13709325,-0.33493397,0.38461947,-0.39598522,0.4255158,0.11270429,-0.43885174,0.06680805,0.03288774,0.24378446,-0.54661787,-0.3092943",""
"/axon-eventsourcing-4.9.3.jar","axon-eventsourcing-4.9.3","embeddingsNode2Vec","-0.2680335,-0.26935327,-0.35395536,-0.13103035,0.1220345,-0.3392063,0.35381168,-0.37594104,0.4423288,0.12353104,-0.42946437,0.027547915,0.056848016,0.2277777,-0.55731183,-0.33173713",""
