"codeUnitName","shortCodeUnitName","propertyName","propertyValue","Source Cypher File: Dependencies_Projection/Dependencies_8_Stream_Mutated.cypher"
"/axon-test-4.9.3.jar","axon-test-4.9.3","embeddingsNode2Vec","-0.021411682,0.029171973,0.006373566,-0.028336143,0.0014706408,-0.018186156,0.00037499753,0.025537336,0.02925182,-0.0033876766,0.019893974,0.0047507663,0.02126905,-0.023044953,-0.0064318134,-0.024259433",""
"/axon-messaging-4.9.3.jar","axon-messaging-4.9.3","embeddingsNode2Vec","0.0014185883,-0.01619772,0.013831748,0.024801543,0.019712068,-0.01756164,0.028133867,-0.023460902,-0.025635796,-0.0095685925,-0.007593147,-0.016056946,0.007558184,0.00941311,0.017715083,0.0060317987",""
"/axon-modelling-4.9.3.jar","axon-modelling-4.9.3","embeddingsNode2Vec","0.01085551,-0.031070372,-0.02321769,0.0141943665,-0.0121471,-0.022558969,-0.008122749,0.0164155,-0.023470322,0.023577573,-0.01925276,0.030550057,-0.0139319,0.0021689637,-0.008521774,-0.0013875166",""
"/axon-disruptor-4.9.3.jar","axon-disruptor-4.9.3","embeddingsNode2Vec","0.005556561,0.001676302,-0.02508738,-0.015546502,-0.0155104855,-0.0037072895,0.029796312,0.029427586,-0.03012146,0.007390463,-0.030795015,0.011825708,-0.013678311,0.0013187954,0.013786881,0.02011763",""
"/axon-eventsourcing-4.9.3.jar","axon-eventsourcing-4.9.3","embeddingsNode2Vec","0.017503561,-0.01668012,-0.0031081343,-0.008013868,-0.019773684,-0.018555928,-0.013624436,-0.021792784,-0.024514584,-0.016188221,0.017217733,0.012808137,0.016397322,-0.016237065,-0.0136321215,0.011812318",""
"/axon-configuration-4.9.3.jar","axon-configuration-4.9.3","embeddingsNode2Vec","-0.02895465,0.006154968,-0.005505755,-0.017161662,-0.016867869,-0.019449998,0.027940638,0.014868188,-0.015845893,0.027039304,-0.007899836,-0.014476402,-0.018992359,-0.015854973,-0.003882394,-0.011994323",""
