"codeUnitName","shortCodeUnitName","propertyName","propertyValue","Source Cypher File: Dependencies_Projection/Dependencies_8_Stream_Mutated.cypher"
"/axon-eventsourcing-4.9.3.jar","axon-eventsourcing-4.9.3","embeddingsFastRandomProjection","0.17814869,0.30700177,-0.37359646,-0.10291393,0.5517452,-0.648625,-0.4090375,0.17814869,0.19544777,-0.14874174,-0.8974914,-0.045827836,0,0.6518699,-0.9796385,0.046705995",""
"/axon-configuration-4.9.3.jar","axon-configuration-4.9.3","embeddingsFastRandomProjection","0.18145646,0.31468305,-0.3782633,-0.09412353,0.55971974,-0.65134025,-0.41410732,0.18145646,0.19680683,-0.14811555,-0.89360696,-0.053992048,0,0.65387106,-0.97814226,0.048691284",""
"/axon-messaging-4.9.3.jar","axon-messaging-4.9.3","embeddingsFastRandomProjection","0.14675295,0.25546664,-0.4160436,-0.08646993,0.5627965,-0.53709716,-0.4453692,0.14675295,0.26929066,-0.2295966,-0.84675825,-0.1431267,0,0.64286107,-0.91577786,0.03969403",""
"/axon-test-4.9.3.jar","axon-test-4.9.3","embeddingsFastRandomProjection","0.1819542,0.3132952,-0.37580836,-0.0915613,0.5577625,-0.647864,-0.41262856,0.1819542,0.19385414,-0.14659373,-0.88828886,-0.055032477,0,0.6515936,-0.97236943,0.04726036",""
"/axon-disruptor-4.9.3.jar","axon-disruptor-4.9.3","embeddingsFastRandomProjection","0.18363681,0.31902778,-0.3900236,-0.09411138,0.5736604,-0.6583997,-0.42623532,0.18363681,0.20638676,-0.15679713,-0.9095213,-0.062685795,0,0.6679849,-0.99532264,0.049589597",""
"/axon-modelling-4.9.3.jar","axon-modelling-4.9.3","embeddingsFastRandomProjection","0.17767343,0.30959934,-0.38761917,-0.11421529,0.5652926,-0.6624442,-0.4214554,0.17767343,0.20994575,-0.16090086,-0.9264173,-0.04668565,0,0.6683648,-1.0092983,0.04904484",""
