"codeUnitName","shortCodeUnitName","propertyName","propertyValue","Source Cypher File: Dependencies_Projection/Dependencies_8_Stream_Mutated.cypher"
"/axon-test-4.9.3.jar","axon-test-4.9.3","embeddingsNode2Vec","0.31809616,-0.58701247,-0.11454283,0.21479408,-0.12585145,0.30507615,-0.13527878,-0.38350317,0.16853154,0.5793896,0.09448908,-0.5933672,0.22064814,-0.12583278,0.14664878,0.1521653",""
"/axon-modelling-4.9.3.jar","axon-modelling-4.9.3","embeddingsNode2Vec","0.30809954,-0.6027535,-0.11314796,0.20527922,-0.13777427,0.28735825,-0.13453604,-0.42810345,0.18016137,0.53843755,0.080006756,-0.59683424,0.24792893,-0.120946385,0.122562446,0.11287209",""
"/axon-configuration-4.9.3.jar","axon-configuration-4.9.3","embeddingsNode2Vec","0.2946978,-0.58413386,-0.1185122,0.20243582,-0.13699678,0.29837903,-0.120813996,-0.38608596,0.19204922,0.586119,0.08676713,-0.55368376,0.21916035,-0.1131601,0.1127583,0.12201394",""
"/axon-disruptor-4.9.3.jar","axon-disruptor-4.9.3","embeddingsNode2Vec","0.3026155,-0.62134516,-0.1312392,0.20080079,-0.11314763,0.28986573,-0.098658465,-0.40659288,0.20286098,0.5950855,0.06883135,-0.5683771,0.21886753,-0.10483044,0.09265555,0.13427925",""
"/axon-messaging-4.9.3.jar","axon-messaging-4.9.3","embeddingsNode2Vec","0.30939496,-0.59470713,-0.099300236,0.22052792,-0.1290208,0.30448347,-0.12667981,-0.37377593,0.1699622,0.5721088,0.10453585,-0.57445425,0.22479312,-0.1349768,0.14367649,0.15288723",""
"/axon-eventsourcing-4.9.3.jar","axon-eventsourcing-4.9.3","embeddingsNode2Vec","0.3027633,-0.59440696,-0.09688551,0.1904836,-0.13384745,0.28727776,-0.10535842,-0.38044345,0.16610236,0.5759766,0.09380754,-0.57785267,0.23732579,-0.14190339,0.10254232,0.14425267",""
