"codeUnitName","shortCodeUnitName","propertyName","propertyValue","Source Cypher File: Dependencies_Projection/Dependencies_8_Stream_Mutated.cypher"
"/axon-eventsourcing-4.9.3.jar","axon-eventsourcing-4.9.3","embeddingsFastRandomProjection","0.167958,0,0.22051468,-0.31953117,-1.0424837,-0.09377239,0.17543232,0.82196903,0.22051468,0.08165993,-0.36389637,0.045082375,0.045082375,0.5890492,-0.7697257,0.24534558",""
"/axon-test-4.9.3.jar","axon-test-4.9.3","embeddingsFastRandomProjection","0.17692916,0,0.22532837,-0.31450772,-1.0363828,-0.09567711,0.17948405,0.81105435,0.22532837,0.08380693,-0.35720244,0.045844316,0.045844316,0.5918461,-0.76483244,0.23325571",""
"/axon-modelling-4.9.3.jar","axon-modelling-4.9.3","embeddingsFastRandomProjection","0.17189823,0,0.22583207,-0.3437227,-1.0960743,-0.09371275,0.17734756,0.87024236,0.22583207,0.08363481,-0.37116936,0.048484504,0.048484504,0.6016301,-0.8031555,0.26553726",""
"/axon-disruptor-4.9.3.jar","axon-disruptor-4.9.3","embeddingsFastRandomProjection","0.18919146,0,0.23323266,-0.33400595,-1.080466,-0.097232975,0.1842064,0.8472333,0.23323266,0.08697342,-0.3592278,0.049026266,0.049026266,0.60770506,-0.79545176,0.24204749",""
"/axon-configuration-4.9.3.jar","axon-configuration-4.9.3","embeddingsFastRandomProjection","0.17725553,0,0.22758654,-0.3199429,-1.0501494,-0.09522093,0.1799663,0.82256293,0.22758654,0.08474538,-0.35940325,0.047620237,0.047620237,0.5947546,-0.7718563,0.23790832",""
"/axon-messaging-4.9.3.jar","axon-messaging-4.9.3","embeddingsFastRandomProjection","0.25760415,0,0.18455456,-0.3867968,-0.99165666,-0.07631068,0.14555633,0.8071022,0.18455456,0.069245644,-0.18251368,0.038998216,0.038998216,0.48618108,-0.757669,0.2055034",""
