"codeUnitName","shortCodeUnitName","propertyName","propertyValue","Source Cypher File: Dependencies_Projection/Dependencies_8_Stream_Mutated.cypher"
"/axon-eventsourcing-4.9.3.jar","axon-eventsourcing-4.9.3","embeddingsNode2Vec","0.4420385,0.14223458,0.043690454,0.12120398,0.34904242,0.31138638,0.04244587,0.07401329,0.6556881,0.47451562,-0.2794167,0.18569385,-0.120701306,0.38190928,-0.09261205,0.46610364",""
"/axon-configuration-4.9.3.jar","axon-configuration-4.9.3","embeddingsNode2Vec","0.4730789,0.15214235,0.046885513,0.11421781,0.35956568,0.27601,0.051508453,0.08463592,0.62846655,0.46835583,-0.3075757,0.22165692,-0.12840414,0.37707108,-0.08587415,0.4738855",""
"/axon-messaging-4.9.3.jar","axon-messaging-4.9.3","embeddingsNode2Vec","0.44795325,0.14690508,0.030106107,0.11404028,0.35356092,0.2919251,0.03336089,0.08149991,0.6437968,0.46487042,-0.3048327,0.19796205,-0.12106057,0.3936574,-0.098795794,0.47171104",""
"/axon-test-4.9.3.jar","axon-test-4.9.3","embeddingsNode2Vec","0.43567944,0.17610666,0.0055207023,0.11470887,0.34010044,0.24915288,0.026879793,0.08894018,0.639867,0.44116613,-0.32597116,0.21489614,-0.11160112,0.39707735,-0.11570979,0.44778264",""
"/axon-disruptor-4.9.3.jar","axon-disruptor-4.9.3","embeddingsNode2Vec","0.43897992,0.12972623,0.036298808,0.113970764,0.32965815,0.2886016,0.050344065,0.09470964,0.62558544,0.43924803,-0.29001725,0.21554373,-0.13250217,0.3847136,-0.090696394,0.4561048",""
"/axon-modelling-4.9.3.jar","axon-modelling-4.9.3","embeddingsNode2Vec","0.44587398,0.16029307,0.017949827,0.12812896,0.3183022,0.26311296,0.051549226,0.089720316,0.62848586,0.43321356,-0.31207794,0.21332255,-0.12961137,0.39093786,-0.105981246,0.46939975",""
