"codeUnitName","shortCodeUnitName","propertyName","propertyValue","Source Cypher File: Dependencies_Projection/Dependencies_8_Stream_Mutated.cypher"
"/axon-disruptor-4.9.3.jar","axon-disruptor-4.9.3","embeddingsNode2Vec","0.0035949114,0.01765905,-0.015096798,0.018076843,-0.01193396,0.012817087,0.005601439,0.030184295,0.01997642,0.029857375,-0.016481364,-0.029219506,-0.021081343,0.026180781,0.017631745,0.017531388",""
"/axon-modelling-4.9.3.jar","axon-modelling-4.9.3","embeddingsNode2Vec","0.015145305,-0.030471545,0.01467942,0.027844375,0.0040338016,0.0009298707,-0.02425689,0.016795836,0.00062810746,0.0046447595,-0.02526953,-0.030150518,0.028890328,0.030215008,-0.0021177332,0.025084836",""
"/axon-configuration-4.9.3.jar","axon-configuration-4.9.3","embeddingsNode2Vec","0.026001666,0.02437291,-0.021357097,0.012286584,-0.0070418804,-0.010420022,-0.009999383,0.025548937,0.022274414,-0.022652302,-0.0027297623,0.0047925953,-0.025581893,-0.0037581953,-0.03005923,0.024849491",""
"/axon-messaging-4.9.3.jar","axon-messaging-4.9.3","embeddingsNode2Vec","0.017388206,0.017762246,0.015277807,-0.010592859,-0.000112204856,0.03068674,-0.004502218,-0.00055629795,-0.030418072,-0.0055197976,0.007881448,0.012541178,-0.0069791656,0.00047488144,-0.008839189,-0.0048313243",""
"/axon-test-4.9.3.jar","axon-test-4.9.3","embeddingsNode2Vec","-0.009765688,-0.011080678,-0.02205181,0.0045525716,-0.009868573,0.011774696,-0.020714052,-0.01753654,-0.011363427,-0.020732824,-0.025830526,0.027622923,0.008487329,-0.01955502,0.011288944,0.0069427737",""
"/axon-eventsourcing-4.9.3.jar","axon-eventsourcing-4.9.3","embeddingsNode2Vec","0.016672226,-0.0088646505,-0.004196075,-0.016339421,0.02304546,0.02059222,-0.007017975,0.001754573,-0.0071232514,-0.010725817,-0.011995297,-0.026305027,-0.0065054153,0.016958814,-0.026632097,-0.007945382",""
