"codeUnitName","shortCodeUnitName","propertyName","propertyValue","Source Cypher File: Dependencies_Projection/Dependencies_8_Stream_Mutated.cypher"
"/axon-test-4.9.3.jar","axon-test-4.9.3","embeddingsNode2Vec","0.09342361,0.07039956,-0.007208304,0.020367807,0.028985068,0.3487849,0.3437242,0.024028393,0.195746,0.46613422,0.6600518,0.45546496,0.24119228,-0.33701327,-0.008853859,0.45140228",""
"/axon-modelling-4.9.3.jar","axon-modelling-4.9.3","embeddingsNode2Vec","0.060086362,0.098395854,0.007397032,0.011383254,0.03424209,0.31437442,0.37081662,0.049104024,0.19675608,0.44182074,0.67113477,0.48648238,0.26543796,-0.3692803,-0.053340547,0.42524064",""
"/axon-configuration-4.9.3.jar","axon-configuration-4.9.3","embeddingsNode2Vec","0.075474896,0.09857024,-0.019449154,0.0137419,0.031004539,0.31589422,0.35295218,0.06300994,0.20204054,0.43119588,0.6693617,0.4962173,0.25450402,-0.35874847,-0.040855564,0.42221034",""
"/axon-disruptor-4.9.3.jar","axon-disruptor-4.9.3","embeddingsNode2Vec","0.06256661,0.054639135,-0.007010077,0.010626929,0.0026190502,0.30055383,0.36826006,0.04580048,0.16856717,0.48024437,0.689823,0.49955946,0.25084165,-0.3543354,-0.037418734,0.4205647",""
"/axon-messaging-4.9.3.jar","axon-messaging-4.9.3","embeddingsNode2Vec","0.10028619,0.06301987,-0.023480661,0.020123823,0.0051770243,0.35910276,0.35609028,0.06971892,0.19798367,0.4570829,0.6860867,0.49011368,0.25574908,-0.35539776,-0.030389095,0.46063533",""
"/axon-eventsourcing-4.9.3.jar","axon-eventsourcing-4.9.3","embeddingsNode2Vec","0.07725815,0.07394226,-0.008787549,0.02198151,0.029787907,0.31522983,0.3837703,0.08141931,0.18173604,0.4719613,0.6777599,0.49736178,0.23623317,-0.3577936,-0.05113408,0.43060532",""
