"codeUnitName","shortCodeUnitName","propertyName","propertyValue","Source Cypher File: Dependencies_Projection/Dependencies_8_Stream_Mutated.cypher"
"/axon-disruptor-4.9.3.jar","axon-disruptor-4.9.3","embeddingsNode2Vec","-0.015289607,0.021251108,0.019441964,0.01945304,0.0019936452,-0.026604839,0.030423649,0.017907137,-0.0003654486,-0.0061512343,-0.0006405292,-0.024790196,0.021923635,-0.0059293993,-0.0251605,0.012259963",""
"/axon-modelling-4.9.3.jar","axon-modelling-4.9.3","embeddingsNode2Vec","-0.0037168188,-0.006765586,-0.030856173,0.021150563,-0.012091248,-0.019216752,-0.019063586,0.015762715,0.02578314,-0.03032209,0.022516215,-0.017876428,-0.02746854,0.0022934556,0.00028318635,0.0058011548",""
"/axon-configuration-4.9.3.jar","axon-configuration-4.9.3","embeddingsNode2Vec","0.0069603794,0.0121676605,0.011202154,0.007652848,0.029754316,0.0027309277,0.02722517,-0.0029364722,-0.0040457607,-0.003453227,-0.023003288,0.016808463,0.025470005,-0.002688762,-0.014203641,-0.0073361336",""
"/axon-messaging-4.9.3.jar","axon-messaging-4.9.3","embeddingsNode2Vec","0.010347897,0.015276154,0.023713153,0.027193269,0.00998935,-0.030682685,0.025222868,0.0059306384,0.0006340654,-0.0031770323,0.0021593184,0.029268283,0.015090267,0.003931024,-0.020316098,0.009266234",""
"/axon-test-4.9.3.jar","axon-test-4.9.3","embeddingsNode2Vec","-0.028795777,0.018021025,0.0017202634,0.02713383,-0.019348705,0.0033132965,0.0066960477,0.02210007,0.01631485,-0.001012869,0.0011184026,0.01231118,-0.021392697,-0.016391272,0.018491117,-0.0009989797",""
"/axon-eventsourcing-4.9.3.jar","axon-eventsourcing-4.9.3","embeddingsNode2Vec","-0.006501,-0.013334622,0.020831741,-0.0008063798,0.010806654,0.008699672,0.026739756,0.023744531,-0.02137166,0.0037686576,-0.01985454,0.0070993956,-0.029074019,-0.0047733816,-0.0051656906,0.01388041",""
