"codeUnitName","shortCodeUnitName","propertyName","propertyValue","Source Cypher File: Dependencies_Projection/Dependencies_8_Stream_Mutated.cypher"
"/axon-modelling-4.9.3.jar","axon-modelling-4.9.3","embeddingsFastRandomProjection","-0.6456582,-0.4267375,0.73325276,0.83583003,-0.34832746,0.11634365,-0.05788918,0.6588971,0.55631995,-0.068817474,-0.4604971,0.102577165,-0.52931464,0.27951002,0.34832746,-0.32416034",""
"/axon-messaging-4.9.3.jar","axon-messaging-4.9.3","embeddingsFastRandomProjection","-0.5164415,-0.33701277,0.71931946,0.80402255,-0.27850702,0.09472573,-0.16897847,0.660918,0.5762149,-0.050699398,-0.37101638,0.08470308,-0.42171583,0.22780764,0.27850702,-0.25230968",""
"/axon-configuration-4.9.3.jar","axon-configuration-4.9.3","embeddingsFastRandomProjection","-0.62065804,-0.3984942,0.711696,0.81560075,-0.33744037,0.118259296,-0.030157432,0.6378656,0.533961,-0.05580072,-0.44659805,0.1039046,-0.5023988,0.28163964,0.33744037,-0.29458958",""
"/axon-disruptor-4.9.3.jar","axon-disruptor-4.9.3","embeddingsFastRandomProjection","-0.6323515,-0.40554136,0.735173,0.8415828,-0.34313798,0.12040055,-0.03888081,0.6600465,0.5536368,-0.05519215,-0.4567588,0.10640967,-0.511951,0.28794587,0.34313798,-0.2991317",""
"/axon-eventsourcing-4.9.3.jar","axon-eventsourcing-4.9.3","embeddingsFastRandomProjection","-0.6227059,-0.40476078,0.70566463,0.80646324,-0.34210032,0.1171466,-0.038848907,0.6324273,0.53162867,-0.06726571,-0.4382936,0.10079861,-0.5055593,0.27483457,0.34210032,-0.30396214",""
"/axon-test-4.9.3.jar","axon-test-4.9.3","embeddingsFastRandomProjection","-0.61632967,-0.39351794,0.7077068,0.810972,-0.33755523,0.1195467,-0.027549356,0.63393164,0.53066653,-0.05724982,-0.43953314,0.10326512,-0.496783,0.28030542,0.33755523,-0.2902528",""
