"codeUnitName","shortCodeUnitName","propertyName","propertyValue","Source Cypher File: Dependencies_Projection/Dependencies_8_Stream_Mutated.cypher"
"/axon-eventsourcing-4.9.3.jar","axon-eventsourcing-4.9.3","embeddingsFastRandomProjection","-0.09338433,0.45641184,0,1.0286392,0.20190105,0.037596986,0.42611372,0.28011966,-0.46688837,-0.23949802,-0.8102491,0.20190105,0.12050481,-0.17776841,0.17776841,0.54979616",""
"/axon-configuration-4.9.3.jar","axon-configuration-4.9.3","embeddingsFastRandomProjection","-0.096235454,0.46642253,0,1.02983,0.20570745,0.031191915,0.42274362,0.27150056,-0.46397144,-0.23689938,-0.8094367,0.20570745,0.12987842,-0.18579218,0.18579218,0.56265795",""
"/axon-messaging-4.9.3.jar","axon-messaging-4.9.3","embeddingsFastRandomProjection","-0.07765156,0.3737117,0,0.9541317,0.16470814,0.14165579,0.35170767,0.22976065,-0.3850638,-0.3063639,-0.7703501,0.16470814,0.20795533,-0.26038486,0.26038486,0.4513633",""
"/axon-test-4.9.3.jar","axon-test-4.9.3","embeddingsFastRandomProjection","-0.09521337,0.46371377,0,1.0173895,0.20540126,0.029080719,0.4144072,0.26628253,-0.45670933,-0.23448199,-0.80335534,0.20540126,0.13129859,-0.1822336,0.1822336,0.5589272",""
"/axon-disruptor-4.9.3.jar","axon-disruptor-4.9.3","embeddingsFastRandomProjection","-0.100060105,0.4838801,0,1.072954,0.21323475,0.03856325,0.43733603,0.2798653,-0.47998554,-0.25179803,-0.8443864,0.21323475,0.142518,-0.20050032,0.20050032,0.5839402",""
"/axon-modelling-4.9.3.jar","axon-modelling-4.9.3","embeddingsFastRandomProjection","-0.097377054,0.4730627,0,1.0982807,0.2077952,0.053731516,0.4610682,0.30621886,-0.500973,-0.26152673,-0.85675114,0.2077952,0.12319834,-0.19683734,0.19683734,0.57043976",""
