"codeUnitName","shortCodeUnitName","propertyName","propertyValue","Source Cypher File: Dependencies_Projection/Dependencies_8_Stream_Mutated.cypher"
"/axon-eventsourcing-4.9.3.jar","axon-eventsourcing-4.9.3","embeddingsFastRandomProjection","0,0.5899929,0,0.5857841,0,-0.07208878,0.06788004,0.5981074,0.119926244,-0.3088938,-1.0458124,0,-0.22133358,-0.10992183,0.58810306,0.20901021",""
"/axon-configuration-4.9.3.jar","axon-configuration-4.9.3","embeddingsFastRandomProjection","0,0.6009319,0,0.59214354,0,-0.079201594,0.0704133,0.59552497,0.122991905,-0.30904958,-1.048457,0,-0.21606205,-0.11799537,0.59052837,0.2126807",""
"/axon-messaging-4.9.3.jar","axon-messaging-4.9.3","embeddingsFastRandomProjection","0,0.4761257,0,0.5821575,0,0.050063074,0.05596887,0.48518595,0.09794739,-0.35808882,-0.949344,0,-0.07112825,-0.2009807,0.5882193,0.16809987",""
"/axon-test-4.9.3.jar","axon-test-4.9.3","embeddingsFastRandomProjection","0,0.59547895,0,0.58410615,0,-0.0792969,0.067924164,0.5853442,0.121403486,-0.30588394,-1.0381851,0,-0.21153611,-0.11558254,0.57952327,0.21029809",""
"/axon-disruptor-4.9.3.jar","axon-disruptor-4.9.3","embeddingsFastRandomProjection","0,0.6295931,0,0.6266322,0,-0.07708676,0.07412596,0.62243813,0.12908712,-0.32973394,-1.102942,0,-0.21857832,-0.13115777,0.62450886,0.22277242",""
"/axon-modelling-4.9.3.jar","axon-modelling-4.9.3","embeddingsFastRandomProjection","0,0.62366164,0,0.6338726,0,-0.06467791,0.07488905,0.65039,0.12736258,-0.33707094,-1.1199999,0,-0.23843014,-0.12533009,0.6483576,0.22191277",""
