"codeUnitName","shortCodeUnitName","propertyName","propertyValue","Source Cypher File: Dependencies_Projection/Dependencies_8_Stream_Mutated.cypher"
"/axon-eventsourcing-4.9.3.jar","axon-eventsourcing-4.9.3","embeddingsFastRandomProjection","0.15061052,0.7039658,0.09113916,0.21538484,0.17057739,-0.783404,-0.27319613,0.4006262,0.48858094,-0.18524134,-0.26879823,0.17057739,-0.3211879,0.76056355,-0.83681744,0.5365727",""
"/axon-configuration-4.9.3.jar","axon-configuration-4.9.3","embeddingsFastRandomProjection","0.14122835,0.7128624,0.092290044,0.22202021,0.17472316,-0.7952954,-0.26882192,0.3983847,0.4908421,-0.17636448,-0.26492715,0.17472316,-0.31595153,0.7556019,-0.83820236,0.53797174",""
"/axon-messaging-4.9.3.jar","axon-messaging-4.9.3","embeddingsFastRandomProjection","0.1302826,0.72715896,0.07454808,0.18174398,0.1427004,-0.7953112,-0.363671,0.34113535,0.545415,-0.15939137,-0.22207007,0.1427004,-0.272983,0.63775355,-0.83563733,0.45472696",""
"/axon-test-4.9.3.jar","axon-test-4.9.3","embeddingsFastRandomProjection","0.13651088,0.709298,0.09370481,0.22132948,0.17573822,-0.7913314,-0.26663902,0.39428255,0.48796847,-0.17295305,-0.26575008,0.17573822,-0.3122491,0.75373745,-0.835752,0.53357863",""
"/axon-disruptor-4.9.3.jar","axon-disruptor-4.9.3","embeddingsFastRandomProjection","0.14175151,0.7298535,0.093048595,0.22498803,0.17674974,-0.81355464,-0.27987742,0.40220237,0.50486547,-0.17721435,-0.26677057,0.17674974,-0.31850123,0.7620216,-0.85533714,0.5434893",""
"/axon-modelling-4.9.3.jar","axon-modelling-4.9.3","embeddingsFastRandomProjection","0.16697374,0.72282755,0.08880523,0.21584769,0.1684942,-0.80251646,-0.29113218,0.41515696,0.5069798,-0.19930924,-0.269677,0.1684942,-0.33546793,0.7736392,-0.8563458,0.5513156",""
