"codeUnitName","shortCodeUnitName","propertyName","propertyValue","Source Cypher File: Dependencies_Projection/Dependencies_8_Stream_Mutated.cypher"
"/axon-modelling-4.9.3.jar","axon-modelling-4.9.3","embeddingsFastRandomProjection","0.527633,-0.28450978,0.3823942,0.0945068,-0.15130028,0.65087056,-0.6525872,-0.9735122,-0.4160998,0,-0.34965578,0.18403871,0,0.07349846,-0.7684653,-0.37901658",""
"/axon-test-4.9.3.jar","axon-test-4.9.3","embeddingsFastRandomProjection","0.50845516,-0.25812057,0.35664764,0.10470438,-0.13027464,0.6009706,-0.6251439,-0.9407433,-0.3703558,0,-0.30341056,0.18351167,0,0.06500974,-0.71753705,-0.36282492",""
"/axon-eventsourcing-4.9.3.jar","axon-eventsourcing-4.9.3","embeddingsFastRandomProjection","0.5090092,-0.26334465,0.3601098,0.1021491,-0.13414891,0.6156632,-0.6231905,-0.9330214,-0.38898996,0,-0.31433576,0.17992292,0,0.06998247,-0.72093195,-0.36549374",""
"/axon-messaging-4.9.3.jar","axon-messaging-4.9.3","embeddingsFastRandomProjection","0.4164281,-0.32156703,0.3996812,-0.02281347,-0.11663138,0.50537914,-0.6169683,-0.87381566,-0.31811816,0,-0.36861196,0.14770062,0,-0.045355022,-0.7035736,-0.29875353",""
"/axon-disruptor-4.9.3.jar","axon-disruptor-4.9.3","embeddingsFastRandomProjection","0.526656,-0.2751702,0.37582636,0.10004516,-0.13997455,0.62406147,-0.6540451,-0.9830482,-0.3838395,0,-0.3263635,0.18943743,0,0.06245713,-0.7560228,-0.37521532",""
"/axon-configuration-4.9.3.jar","axon-configuration-4.9.3","embeddingsFastRandomProjection","0.5119089,-0.26114908,0.35909393,0.103853524,-0.135583,0.60787475,-0.62884784,-0.94756305,-0.375064,0,-0.31082755,0.18384938,0,0.067627504,-0.72748774,-0.36500263",""
