"codeUnitName","shortCodeUnitName","propertyName","propertyValue","Source Cypher File: Dependencies_Projection/Dependencies_8_Stream_Mutated.cypher"
"/axon-test-4.9.3.jar","axon-test-4.9.3","embeddingsNode2Vec","0.42207208,0.122315764,0.047090717,0.043542128,0.4234867,0.24108018,-0.042810507,-0.44093037,0.14068115,0.5645769,0.0067242538,-0.24620077,-0.36024052,-0.14086986,0.41274485,0.45497584",""
"/axon-modelling-4.9.3.jar","axon-modelling-4.9.3","embeddingsNode2Vec","0.4363534,0.105591446,0.057222903,0.049382623,0.4213797,0.25510237,-0.053453077,-0.4301801,0.12929605,0.56409645,-0.0015169295,-0.28350544,-0.36946428,-0.12879026,0.4410329,0.46385926",""
"/axon-configuration-4.9.3.jar","axon-configuration-4.9.3","embeddingsNode2Vec","0.4148053,0.13462813,0.057498626,0.042099312,0.42931902,0.22183718,-0.020641427,-0.40220988,0.13306531,0.5761997,0.017951842,-0.23245871,-0.37584054,-0.15990308,0.38385794,0.4572941",""
"/axon-disruptor-4.9.3.jar","axon-disruptor-4.9.3","embeddingsNode2Vec","0.40642506,0.099721275,0.057859402,0.036895666,0.40575343,0.19833425,-0.034627497,-0.43188778,0.107639484,0.5908544,0.007406574,-0.2348461,-0.36384234,-0.14178549,0.40387902,0.42220435",""
"/axon-messaging-4.9.3.jar","axon-messaging-4.9.3","embeddingsNode2Vec","0.43694353,0.1273771,0.03665929,0.027357142,0.40477553,0.19499035,-0.0577843,-0.44265935,0.13926959,0.59615105,-0.010531732,-0.23790114,-0.38448787,-0.15054923,0.42535567,0.44731718",""
"/axon-eventsourcing-4.9.3.jar","axon-eventsourcing-4.9.3","embeddingsNode2Vec","0.4264354,0.12351806,0.05300291,0.040677126,0.42463726,0.19406675,-0.030457245,-0.4276846,0.11765848,0.59384835,-0.0073431423,-0.23911327,-0.3815872,-0.14789039,0.3925534,0.42486668",""
