"codeUnitName","shortCodeUnitName","propertyName","propertyValue","Source Cypher File: Dependencies_Projection/Dependencies_8_Stream_Mutated.cypher"
"/axon-test-4.9.3.jar","axon-test-4.9.3","embeddingsNode2Vec","0.011565819,0.017451823,0.004908012,0.0113389855,-0.00567355,0.0186205,0.02133247,-0.014107387,-0.007985231,0.013643151,-0.008724426,0.010009967,0.029516034,-0.026994407,-0.014683015,-0.011808878",""
"/axon-messaging-4.9.3.jar","axon-messaging-4.9.3","embeddingsNode2Vec","0.02186725,-0.006461311,-0.0087398775,-0.025506504,0.023216665,0.0023655181,-0.021988356,0.028035952,-0.005147261,-0.011666872,-0.01056263,-0.009305869,-0.00475189,-0.004835662,-0.0072355648,-0.01247861",""
"/axon-modelling-4.9.3.jar","axon-modelling-4.9.3","embeddingsNode2Vec","0.027623331,0.02560803,0.01360836,-0.023000982,-0.0019780197,-0.0067107086,0.03045132,-0.024901092,-0.024177684,0.0020518685,0.00487088,0.0060931896,-0.004729367,0.004819718,-0.026132016,-0.022421177",""
"/axon-disruptor-4.9.3.jar","axon-disruptor-4.9.3","embeddingsNode2Vec","-0.02195174,-0.005698482,-0.010652797,0.0020861842,0.01031142,0.013240467,-0.018712848,-0.0064636637,0.011270307,-0.017840121,0.016000045,-0.001532317,0.014108361,-0.0023422104,0.019709196,-0.02051129",""
"/axon-eventsourcing-4.9.3.jar","axon-eventsourcing-4.9.3","embeddingsNode2Vec","-0.011245914,0.0008164106,0.010551239,0.025662765,-0.007502848,0.014498893,0.00585747,-0.025557626,-0.020465875,0.017525744,0.018928325,-0.0033529133,0.028553834,0.024711784,-0.025287218,-0.0071401345",""
"/axon-configuration-4.9.3.jar","axon-configuration-4.9.3","embeddingsNode2Vec","0.010065514,0.027302029,0.027067319,0.022370374,0.019558387,-0.008188281,-0.021330368,0.0030226638,0.028673014,0.013501478,0.015141148,-0.030315457,0.030887436,0.030904016,0.009292001,0.021980599",""
