"codeUnitName","shortCodeUnitName","propertyName","propertyValue","Source Cypher File: Dependencies_Projection/Dependencies_8_Stream_Mutated.cypher"
"/axon-modelling-4.9.3.jar","axon-modelling-4.9.3","embeddingsNode2Vec","0.34275523,0.15789348,-0.23567665,0.17634343,0.061859503,0.24822462,0.8584686,0.14385165,0.40963402,-0.04031955,0.33158395,0.11028888,0.21029942,0.1075237,0.34692237,-0.36936232",""
"/axon-configuration-4.9.3.jar","axon-configuration-4.9.3","embeddingsNode2Vec","0.32454607,0.14599425,-0.22593305,0.16838026,0.034625374,0.23069827,0.84313405,0.1460965,0.40321228,-0.07840483,0.32996807,0.13657552,0.19667909,0.092182934,0.34432197,-0.39176238",""
"/axon-eventsourcing-4.9.3.jar","axon-eventsourcing-4.9.3","embeddingsNode2Vec","0.33271375,0.161974,-0.22549969,0.18566714,0.04161879,0.2114912,0.8524828,0.1560123,0.39788002,-0.051162742,0.3429762,0.122009575,0.17553398,0.08128155,0.31604484,-0.35617223",""
"/axon-messaging-4.9.3.jar","axon-messaging-4.9.3","embeddingsNode2Vec","0.35194278,0.13805819,-0.2653673,0.1694835,0.044572115,0.23135439,0.79999167,0.15807332,0.39972118,-0.048521556,0.33098364,0.121850625,0.20308807,0.11624303,0.34791297,-0.3997408",""
"/axon-test-4.9.3.jar","axon-test-4.9.3","embeddingsNode2Vec","0.301996,0.14655644,-0.24201918,0.17545195,0.029241048,0.20299305,0.8422891,0.16994675,0.3919132,-0.058180694,0.3189251,0.12657274,0.19093579,0.09038412,0.3057417,-0.3681829",""
"/axon-disruptor-4.9.3.jar","axon-disruptor-4.9.3","embeddingsNode2Vec","0.33948705,0.15057632,-0.25615123,0.15165274,0.066504166,0.22347076,0.82151604,0.16573285,0.39045438,-0.050936524,0.30896944,0.117034815,0.22733837,0.11720584,0.3572705,-0.40621558",""
