"codeUnitName","shortCodeUnitName","propertyName","propertyValue","Source Cypher File: Dependencies_Projection/Dependencies_8_Stream_Mutated.cypher"
"/axon-modelling-4.9.3.jar","axon-modelling-4.9.3","embeddingsNode2Vec","0.066705145,-0.014264493,0.059767783,0.10306201,-0.2272153,-0.42004547,-0.12076419,0.67786187,-0.062600486,-0.54008585,-0.26277563,0.5686661,0.30324784,0.03467131,-0.22619691,-0.18601555",""
"/axon-configuration-4.9.3.jar","axon-configuration-4.9.3","embeddingsNode2Vec","0.06422896,0.03712547,0.032758385,0.07869805,-0.19464113,-0.42411262,-0.10638992,0.640294,-0.021738665,-0.5512807,-0.2887539,0.5488837,0.31554663,0.009958997,-0.22159557,-0.22432622",""
"/axon-eventsourcing-4.9.3.jar","axon-eventsourcing-4.9.3","embeddingsNode2Vec","0.045389403,0.022200655,0.009746997,0.07454749,-0.18735528,-0.40208396,-0.1128642,0.64995813,-0.0365094,-0.5190507,-0.26676717,0.5497133,0.31776467,-0.008612098,-0.2202858,-0.25089377",""
"/axon-messaging-4.9.3.jar","axon-messaging-4.9.3","embeddingsNode2Vec","0.031423476,0.0071783094,0.023943234,0.08831819,-0.23514476,-0.41309914,-0.12597714,0.6519441,-0.061710343,-0.53337187,-0.2680002,0.5650513,0.3059521,0.0035029696,-0.24961087,-0.22236405",""
"/axon-test-4.9.3.jar","axon-test-4.9.3","embeddingsNode2Vec","0.07432393,0.010395149,0.027937446,0.08296397,-0.21759363,-0.4325395,-0.1051774,0.6587002,-0.045574345,-0.56190103,-0.2625574,0.5709524,0.30302727,0.0183164,-0.22255579,-0.21913134",""
"/axon-disruptor-4.9.3.jar","axon-disruptor-4.9.3","embeddingsNode2Vec","0.07844945,-0.010136284,0.045990873,0.08197668,-0.17904586,-0.432283,-0.10001454,0.67858446,-0.03817675,-0.5249971,-0.26022598,0.56771606,0.32758006,0.037880577,-0.20060669,-0.21761203",""
