"codeUnitName","shortCodeUnitName","propertyName","propertyValue","Source Cypher File: Dependencies_Projection/Dependencies_8_Stream_Mutated.cypher"
"/axon-modelling-4.9.3.jar","axon-modelling-4.9.3","embeddingsFastRandomProjection","0.50963306,-0.34499574,-0.40470093,0,-0.44992787,-0.23239869,0.44992787,-0.50963306,-0.34499574,0.5625249,-0.477817,0.34499574,-0.44992787,0.7964371,0.6540462,-0.44992787",""
"/axon-configuration-4.9.3.jar","axon-configuration-4.9.3","embeddingsFastRandomProjection","0.48642486,-0.33253244,-0.3907446,0,-0.4282127,-0.21044797,0.4282127,-0.48642486,-0.33253244,0.55029714,-0.44920784,0.33253244,-0.4282127,0.7680596,0.6457263,-0.4282127",""
"/axon-eventsourcing-4.9.3.jar","axon-eventsourcing-4.9.3","embeddingsFastRandomProjection","0.48267475,-0.3355945,-0.39159504,0,-0.42667416,-0.21274439,0.42667416,-0.48267475,-0.3355945,0.54952425,-0.4512451,0.3355945,-0.42667416,0.76356083,0.6369543,-0.42667416",""
"/axon-messaging-4.9.3.jar","axon-messaging-4.9.3","embeddingsFastRandomProjection","0.50800157,-0.27165216,-0.31864858,0,-0.46100518,-0.28631687,0.46100518,-0.50800157,-0.27165216,0.44634044,-0.3731703,0.27165216,-0.46100518,0.62958986,0.6281681,-0.46100518",""
"/axon-test-4.9.3.jar","axon-test-4.9.3","embeddingsFastRandomProjection","0.48120153,-0.33143118,-0.3878504,0,-0.42478237,-0.20731144,0.42478237,-0.48120153,-0.33143118,0.5489021,-0.44211188,0.33143118,-0.42478237,0.75978816,0.64441085,-0.42478237",""
"/axon-disruptor-4.9.3.jar","axon-disruptor-4.9.3","embeddingsFastRandomProjection","0.5043838,-0.3387341,-0.39856407,0,-0.44455385,-0.22200623,0.44455385,-0.5043838,-0.3387341,0.5612817,-0.45836887,0.3387341,-0.44455385,0.7844942,0.66712654,-0.44455385",""
