"codeUnitName","shortCodeUnitName","propertyName","propertyValue","Source Cypher File: Dependencies_Projection/Dependencies_8_Stream_Mutated.cypher"
"/axon-test-4.9.3.jar","axon-test-4.9.3","embeddingsNode2Vec","-0.121137045,0.12508154,0.2229859,-0.09588237,0.0140374545,-0.5456964,0.27003813,0.35925013,-0.6054119,0.22442926,0.17276216,-0.57205653,-0.31249297,0.0034002787,0.11577498,0.30545434",""
"/axon-modelling-4.9.3.jar","axon-modelling-4.9.3","embeddingsNode2Vec","-0.16320856,0.13182434,0.22879095,-0.09959252,-0.005010501,-0.5750088,0.27636752,0.4028024,-0.60940695,0.18275577,0.16290452,-0.5708823,-0.3125111,0.008219269,0.08981697,0.25867724",""
"/axon-configuration-4.9.3.jar","axon-configuration-4.9.3","embeddingsNode2Vec","-0.16293591,0.103168555,0.23756123,-0.09749524,-0.022644876,-0.57044864,0.29781178,0.37425613,-0.5763576,0.20221433,0.16732842,-0.5405967,-0.29555756,0.0095436275,0.05939199,0.25752506",""
"/axon-disruptor-4.9.3.jar","axon-disruptor-4.9.3","embeddingsNode2Vec","-0.15517727,0.10442657,0.23317745,-0.09675201,-0.03469733,-0.5839811,0.28414193,0.3488391,-0.6142287,0.20324492,0.16294965,-0.56360424,-0.2902199,-0.0040017054,0.113117605,0.28633547",""
"/axon-messaging-4.9.3.jar","axon-messaging-4.9.3","embeddingsNode2Vec","-0.12669638,0.12235943,0.21443969,-0.09263591,0.010009887,-0.566486,0.2790425,0.37877086,-0.62760425,0.19427226,0.15890244,-0.58902174,-0.31121722,-0.011798877,0.10873177,0.28420052",""
"/axon-eventsourcing-4.9.3.jar","axon-eventsourcing-4.9.3","embeddingsNode2Vec","-0.13372758,0.13159473,0.19900462,-0.11425495,-0.004683759,-0.6020731,0.30063424,0.38830188,-0.606854,0.20680073,0.16302896,-0.5263895,-0.31171107,-0.0012753166,0.073023506,0.24717374",""
