"codeUnitName","shortCodeUnitName","propertyName","propertyValue","Source Cypher File: Dependencies_Projection/Dependencies_8_Stream_Mutated.cypher"
"/axon-eventsourcing-4.9.3.jar","axon-eventsourcing-4.9.3","embeddingsNode2Vec","0.46247545,0.085045576,0.46127406,0.15793008,-0.09076989,-0.16299577,0.11210337,-0.39808762,0.4529417,0.15996754,0.16646731,0.049392793,-0.53893816,-0.35942093,0.079047404,0.5240048",""
"/axon-test-4.9.3.jar","axon-test-4.9.3","embeddingsNode2Vec","0.4543154,0.09820959,0.46771464,0.120703034,-0.09662635,-0.16604042,0.11441472,-0.36841866,0.46845534,0.119407676,0.16333273,0.07760809,-0.49668372,-0.35250223,0.08926213,0.4851781",""
"/axon-modelling-4.9.3.jar","axon-modelling-4.9.3","embeddingsNode2Vec","0.4276845,0.13959749,0.466655,0.09304993,-0.06880349,-0.17553562,0.16956256,-0.35400903,0.47442028,0.097299434,0.20250668,0.03953461,-0.50137264,-0.39195332,0.11191995,0.47223523",""
"/axon-disruptor-4.9.3.jar","axon-disruptor-4.9.3","embeddingsNode2Vec","0.43201295,0.13670972,0.41971543,0.09767654,-0.08119065,-0.19021663,0.12815782,-0.36959553,0.4533856,0.1294545,0.15028185,0.059370607,-0.51684517,-0.36595637,0.10085394,0.51100224",""
"/axon-configuration-4.9.3.jar","axon-configuration-4.9.3","embeddingsNode2Vec","0.4304279,0.13031831,0.44416,0.1193041,-0.0974707,-0.16706051,0.14128001,-0.37994602,0.4769316,0.09755215,0.16813429,0.05797169,-0.5069634,-0.3997953,0.091071926,0.485096",""
"/axon-messaging-4.9.3.jar","axon-messaging-4.9.3","embeddingsNode2Vec","0.47084698,0.1476847,0.44279587,0.09520201,-0.075346656,-0.17544322,0.14569055,-0.38503167,0.49304217,0.12469363,0.16957872,0.046647165,-0.5135046,-0.3842031,0.11889897,0.511047",""
