"codeUnitName","shortCodeUnitName","propertyName","propertyValue","Source Cypher File: Dependencies_Projection/Dependencies_8_Stream_Mutated.cypher"
"/axon-eventsourcing-4.9.3.jar","axon-eventsourcing-4.9.3","embeddingsFastRandomProjection","-0.54133433,0,0.5072783,0.17198274,-0.034056008,-0.6792611,0.6792611,0.3249052,0.08020119,0.08020119,-0.26086712,-0.035754684,-0.091781534,0.4432403,-0.3514588,1.0486127",""
"/axon-test-4.9.3.jar","axon-test-4.9.3","embeddingsFastRandomProjection","-0.53637844,0,0.5026931,0.17627148,-0.033685386,-0.6789646,0.6789646,0.31481683,0.08245896,0.08245896,-0.25570872,-0.037168756,-0.09381254,0.44358498,-0.34977245,1.0390716",""
"/axon-modelling-4.9.3.jar","axon-modelling-4.9.3","embeddingsFastRandomProjection","-0.57001656,0,0.5380162,0.17418376,-0.032000348,-0.7122,0.7122,0.34789884,0.082332075,0.082332075,-0.26310343,-0.03439805,-0.09185169,0.45322078,-0.3613691,1.1080327",""
"/axon-disruptor-4.9.3.jar","axon-disruptor-4.9.3","embeddingsFastRandomProjection","-0.5574525,0,0.5290177,0.18137562,-0.028434798,-0.71039325,0.71039325,0.32746503,0.08583154,0.08583154,-0.25406212,-0.03721961,-0.095544085,0.45561478,-0.36007068,1.0864701",""
"/axon-configuration-4.9.3.jar","axon-configuration-4.9.3","embeddingsFastRandomProjection","-0.5443358,0,0.5096064,0.17678903,-0.034729376,-0.68639547,0.68639547,0.3204495,0.0834305,0.0834305,-0.2560647,-0.0363332,-0.09335853,0.4452216,-0.3518631,1.0539422",""
"/axon-messaging-4.9.3.jar","axon-messaging-4.9.3","embeddingsFastRandomProjection","-0.4542802,0,0.5414699,0.14253063,0.087189674,-0.6840005,0.6840005,0.27326635,0.067967415,0.067967415,-0.096676916,-0.029484149,-0.07456322,0.3648805,-0.2903173,0.99575007",""
