"codeUnitName","shortCodeUnitName","propertyName","propertyValue","Source Cypher File: Dependencies_Projection/Dependencies_8_Stream_Mutated.cypher"
"/axon-test-4.9.3.jar","axon-test-4.9.3","embeddingsFastRandomProjection","0.8420504,-0.42833468,0.10199468,0,0,0,0.10199468,0.39107293,-0.37917098,0.2890781,-0.58554184,-0.07010338,-0.49843812,0.56826943,-0.25920182,0.49843812",""
"/axon-messaging-4.9.3.jar","axon-messaging-4.9.3","embeddingsFastRandomProjection","0.67912716,-0.44412756,0.18280627,0,0,0,0.18280627,0.32409233,-0.40859234,0.14128596,-0.46747455,-0.060474742,-0.5046023,0.5542708,-0.2061532,0.5046023",""
"/axon-modelling-4.9.3.jar","axon-modelling-4.9.3","embeddingsFastRandomProjection","0.9150132,-0.46883357,0.11865104,0,0,0,0.11865104,0.4416043,-0.42840964,0.3229532,-0.62517136,-0.087112114,-0.5559457,0.6162863,-0.27498877,0.5559457",""
"/axon-disruptor-4.9.3.jar","axon-disruptor-4.9.3","embeddingsFastRandomProjection","0.89781,-0.46586084,0.116650924,0,0,0,0.116650924,0.42284155,-0.4094127,0.3061906,-0.6246209,-0.07147108,-0.53733194,0.6133526,-0.27541095,0.53733194",""
"/axon-eventsourcing-4.9.3.jar","axon-eventsourcing-4.9.3","embeddingsFastRandomProjection","0.84968877,-0.42623922,0.100912124,0,0,0,0.100912124,0.3969253,-0.38835558,0.2960131,-0.58326644,-0.08057551,-0.5068147,0.56571937,-0.2579393,0.5068147",""
"/axon-configuration-4.9.3.jar","axon-configuration-4.9.3","embeddingsFastRandomProjection","0.85222894,-0.43571883,0.1048512,0,0,0,0.1048512,0.40079466,-0.38410193,0.29594338,-0.59209895,-0.06943845,-0.50515723,0.5758948,-0.2612313,0.50515723",""
