"codeUnitName","shortCodeUnitName","propertyName","propertyValue","Source Cypher File: Dependencies_Projection/Dependencies_8_Stream_Mutated.cypher"
"/axon-disruptor-4.9.3.jar","axon-disruptor-4.9.3","embeddingsNode2Vec","0.026182074,0.0054789437,0.0272122,0.024598166,-0.0010587864,-0.014643702,0.0032945673,-0.022908159,0.020267293,0.015033471,0.01634832,-0.021593472,-0.024793716,0.028108869,0.017912637,-0.02468173",""
"/axon-modelling-4.9.3.jar","axon-modelling-4.9.3","embeddingsNode2Vec","0.0068453774,0.026720941,0.007588669,-0.029336922,0.013440873,0.023706093,0.015080968,-0.022203228,0.017972963,-0.021929733,0.028799785,-0.02317893,-0.014916397,0.019487321,0.025851585,0.022498786",""
"/axon-configuration-4.9.3.jar","axon-configuration-4.9.3","embeddingsNode2Vec","-0.02144138,-0.008975407,-0.024038857,0.0037280226,-0.021511963,0.0007451171,-0.0077168234,-0.0001439316,0.003755878,0.017442307,0.013369375,-0.018200576,-0.00604931,0.025334155,0.02619063,-0.013535969",""
"/axon-messaging-4.9.3.jar","axon-messaging-4.9.3","embeddingsNode2Vec","-0.005692886,-0.004122072,0.0011927708,-0.020725261,0.0060147927,-0.009228395,-0.021599643,-0.008408889,-0.015025208,-0.015070115,-0.023327865,-0.022587514,-0.011461911,-0.027801441,-0.0144192735,-0.004493852",""
"/axon-test-4.9.3.jar","axon-test-4.9.3","embeddingsNode2Vec","0.0042245644,0.010078969,0.018278884,0.028514493,0.015941374,-0.017470138,-0.009964239,-0.006652038,0.011298619,0.019638894,0.02121559,0.025663324,0.009091309,0.0053603523,0.013743766,-0.027757538",""
"/axon-eventsourcing-4.9.3.jar","axon-eventsourcing-4.9.3","embeddingsNode2Vec","0.0099889105,-0.020907296,0.02217764,0.012188867,-0.020933986,0.023381475,0.018775197,-0.0015861929,-0.019883428,0.018080903,-0.022041604,0.007259054,-0.01389479,0.011191782,-0.013523427,0.0091926465",""
