"codeUnitName","shortCodeUnitName","propertyName","propertyValue","Source Cypher File: Dependencies_Projection/Dependencies_8_Stream_Mutated.cypher"
"/axon-disruptor-4.9.3.jar","axon-disruptor-4.9.3","embeddingsFastRandomProjection","-1.1438155,0.08431877,-0.48165908,0,-0.08431877,0.0074732024,-0.36344877,0,0.08431877,0.22299905,-0.25922266,-0.25922266,0.3973403,-0.53779,1.2356076,0",""
"/axon-modelling-4.9.3.jar","axon-modelling-4.9.3","embeddingsFastRandomProjection","-1.1357268,0.07954534,-0.4565803,0,-0.07954534,0.04568094,-0.38533804,0,0.07954534,0.21238226,-0.26407808,-0.26407808,0.377035,-0.5499908,1.2609532,0",""
"/axon-configuration-4.9.3.jar","axon-configuration-4.9.3","embeddingsFastRandomProjection","-1.1325458,0.08383766,-0.48032576,0,-0.08383766,0.009684199,-0.36389476,0,0.08383766,0.22228703,-0.26054105,-0.26054105,0.3964881,-0.53809583,1.2260678,0",""
"/axon-messaging-4.9.3.jar","axon-messaging-4.9.3","embeddingsFastRandomProjection","-1.1632609,0.071934365,-0.40691644,0,-0.071934365,0.025821775,-0.3270958,0,0.071934365,0.18810725,-0.22664656,-0.22664656,0.3349821,-0.4739706,1.2610171,0",""
"/axon-test-4.9.3.jar","axon-test-4.9.3","embeddingsFastRandomProjection","-1.1315647,0.08359341,-0.48194706,0,-0.08359341,0.0063593956,-0.3581155,0,0.08359341,0.22217214,-0.26268604,-0.26268604,0.3983537,-0.534297,1.2215176,0",""
"/axon-eventsourcing-4.9.3.jar","axon-eventsourcing-4.9.3","embeddingsFastRandomProjection","-1.1275678,0.08066872,-0.46699938,0,-0.08066872,0.028588993,-0.3701782,0,0.08066872,0.2157504,-0.26800448,-0.26800448,0.38633063,-0.5407585,1.2368255,0",""
