"codeUnitName","shortCodeUnitName","propertyName","propertyValue","Source Cypher File: Dependencies_Projection/Dependencies_8_Stream_Mutated.cypher"
"/axon-test-4.9.3.jar","axon-test-4.9.3","embeddingsFastRandomProjection","-0.0042564757,0.5758275,0.24006698,-0.29339582,0.19099456,-0.24006698,-0.28243166,0.091437094,-0.9323469,0,0.4100597,0.42719758,-0.61819226,0.7132819,-0.56465197,0.28243166",""
"/axon-modelling-4.9.3.jar","axon-modelling-4.9.3","embeddingsFastRandomProjection","-0.05687642,0.6199043,0.23669127,-0.3241821,0.20607688,-0.23669127,-0.29572222,0.08964533,-0.9737176,0,0.46359774,0.4728583,-0.6789352,0.7161968,-0.5691508,0.29572222",""
"/axon-configuration-4.9.3.jar","axon-configuration-4.9.3","embeddingsFastRandomProjection","-0.008085605,0.58622247,0.24275482,-0.30340412,0.19019112,-0.24275482,-0.28281838,0.092627235,-0.94407356,0,0.41798896,0.43609485,-0.62628603,0.71627575,-0.56614816,0.28281838",""
"/axon-disruptor-4.9.3.jar","axon-disruptor-4.9.3","embeddingsFastRandomProjection","-0.005412344,0.5989331,0.24913579,-0.31104055,0.19264339,-0.24913579,-0.28789258,0.09524916,-0.9758222,0,0.43609324,0.44504642,-0.6376899,0.7323724,-0.5784857,0.28789258",""
"/axon-messaging-4.9.3.jar","axon-messaging-4.9.3","embeddingsFastRandomProjection","-0.027372334,0.5099728,0.20229231,-0.2664506,0.16550635,-0.20229231,-0.2435223,0.07801594,-0.990257,0,0.5516717,0.3856965,-0.5512029,0.60409176,-0.47981536,0.2435223",""
"/axon-eventsourcing-4.9.3.jar","axon-eventsourcing-4.9.3","embeddingsFastRandomProjection","-0.031989425,0.5848858,0.23244765,-0.2956162,0.20126854,-0.23244765,-0.2892696,0.08800106,-0.9287691,0,0.4239267,0.4404392,-0.6417078,0.7061109,-0.5616643,0.2892696",""
