"codeUnitName","shortCodeUnitName","propertyName","propertyValue","Source Cypher File: Dependencies_Projection/Dependencies_8_Stream_Mutated.cypher"
"/axon-test-4.9.3.jar","axon-test-4.9.3","embeddingsFastRandomProjection","0.23258688,0.23258688,0.43391004,0,0.43391004,-0.09302446,-0.25335687,-1.0068713,-0.5269345,-0.20132315,0.43391004,-0.5422087,0.04975266,0.43391004,-0.35512137,0.6604901",""
"/axon-messaging-4.9.3.jar","axon-messaging-4.9.3","embeddingsFastRandomProjection","0.30353042,0.30353042,0.46483383,0,0.46483383,-0.07577277,-0.20469451,-0.83106947,-0.5406066,-0.16130339,0.46483383,-0.55036443,0.05063451,0.46483383,-0.30061838,0.55060226",""
"/axon-modelling-4.9.3.jar","axon-modelling-4.9.3","embeddingsFastRandomProjection","0.2570817,0.2570817,0.45712954,0,0.45712954,-0.093349636,-0.2551592,-1.0515196,-0.5504792,-0.20004791,0.45712954,-0.5638279,0.06871827,0.45712954,-0.38586456,0.70301086",""
"/axon-disruptor-4.9.3.jar","axon-disruptor-4.9.3","embeddingsFastRandomProjection","0.24916825,0.24916825,0.455688,0,0.455688,-0.09650065,-0.26207656,-1.039801,-0.5521887,-0.20651972,0.455688,-0.5657071,0.05554855,0.455688,-0.36838618,0.68122375",""
"/axon-eventsourcing-4.9.3.jar","axon-eventsourcing-4.9.3","embeddingsFastRandomProjection","0.23682016,0.23682016,0.4338246,0,0.4338246,-0.090851456,-0.24845669,-1.0115093,-0.5246761,-0.19700442,0.4338246,-0.5399776,0.05513467,0.4338246,-0.36366802,0.6722014",""
"/axon-configuration-4.9.3.jar","axon-configuration-4.9.3","embeddingsFastRandomProjection","0.23608592,0.23608592,0.43738964,0,0.43738964,-0.09379365,-0.2551176,-1.0150888,-0.53118336,-0.20130372,0.43738964,-0.5448997,0.054088794,0.43738964,-0.36013323,0.66617763",""
