"codeUnitName","shortCodeUnitName","propertyName","propertyValue","Source Cypher File: Dependencies_Projection/Dependencies_8_Stream_Mutated.cypher"
"/axon-eventsourcing-4.9.3.jar","axon-eventsourcing-4.9.3","embeddingsNode2Vec","0.5085388,0.4898521,0.23240338,0.5166444,0.09092566,0.24241766,-0.16186126,-0.11829181,-0.3503116,0.64417464,0.12272399,-0.31383094,-0.13515113,0.0032137528,-0.038631693,-0.008664042",""
"/axon-configuration-4.9.3.jar","axon-configuration-4.9.3","embeddingsNode2Vec","0.514957,0.49266863,0.24201845,0.53159267,0.07116213,0.21892382,-0.14975071,-0.1054995,-0.3498108,0.59715235,0.1273926,-0.29800466,-0.11719402,-0.01458742,-0.070198536,-0.043857947",""
"/axon-messaging-4.9.3.jar","axon-messaging-4.9.3","embeddingsNode2Vec","0.5131986,0.50548637,0.24908288,0.52780163,0.078231424,0.2371463,-0.14894804,-0.12114577,-0.35666808,0.63418263,0.115042314,-0.3206515,-0.121439315,-0.005928984,-0.06045968,-0.021305775",""
"/axon-test-4.9.3.jar","axon-test-4.9.3","embeddingsNode2Vec","0.5081676,0.48499528,0.18265253,0.49650884,0.10872793,0.24620397,-0.116765,-0.13114703,-0.36835888,0.6261339,0.13577823,-0.28775617,-0.14129888,-0.01935777,-0.06683312,-0.007338246",""
"/axon-disruptor-4.9.3.jar","axon-disruptor-4.9.3","embeddingsNode2Vec","0.52494043,0.5259253,0.22403325,0.5135998,0.08703419,0.21895973,-0.16702175,-0.10941807,-0.37139237,0.63023865,0.0889565,-0.28108552,-0.103495724,-0.013384159,-0.05474461,-0.0117154",""
"/axon-modelling-4.9.3.jar","axon-modelling-4.9.3","embeddingsNode2Vec","0.522161,0.49288753,0.23134573,0.53580654,0.10093185,0.25009418,-0.15645884,-0.11731743,-0.34954354,0.61684126,0.12919144,-0.30810487,-0.124412164,-0.008419045,-0.04593172,-0.0045499336",""
