"codeUnitName","shortCodeUnitName","propertyName","propertyValue","Source Cypher File: Dependencies_Projection/Dependencies_8_Stream_Mutated.cypher"
"/axon-test-4.9.3.jar","axon-test-4.9.3","embeddingsNode2Vec","-0.35008392,-0.11871881,0.40186024,-0.11310209,0.0010068222,-0.16931592,0.049456324,-0.84526765,-0.30203363,0.37512133,0.0501061,-0.05523234,0.1220364,-0.09528938,0.27814034,-0.45616788",""
"/axon-modelling-4.9.3.jar","axon-modelling-4.9.3","embeddingsNode2Vec","-0.37402245,-0.09984029,0.3842496,-0.1255499,-0.01233574,-0.21699923,0.044536877,-0.81971323,-0.29655233,0.32829532,0.024690326,-0.030461708,0.13401265,-0.10107908,0.26607415,-0.4841557",""
"/axon-configuration-4.9.3.jar","axon-configuration-4.9.3","embeddingsNode2Vec","-0.38191944,-0.090774596,0.42415464,-0.12238583,-0.00921274,-0.17542881,0.063784644,-0.8088685,-0.2957946,0.34585193,0.09440173,-0.0003552036,0.15317754,-0.12277583,0.25247937,-0.45985442",""
"/axon-disruptor-4.9.3.jar","axon-disruptor-4.9.3","embeddingsNode2Vec","-0.37607405,-0.11408765,0.38946617,-0.122528516,-0.015941145,-0.2043044,0.062944576,-0.8040142,-0.29569963,0.34668535,0.050050333,-0.01737805,0.14118527,-0.10902821,0.24642499,-0.4854674",""
"/axon-messaging-4.9.3.jar","axon-messaging-4.9.3","embeddingsNode2Vec","-0.40620092,-0.11971926,0.4307689,-0.12135586,-0.016962614,-0.17932764,0.042410646,-0.83316755,-0.31070554,0.3396298,0.074640445,-0.030893242,0.15151632,-0.09752955,0.2731553,-0.47327316",""
"/axon-eventsourcing-4.9.3.jar","axon-eventsourcing-4.9.3","embeddingsNode2Vec","-0.37261048,-0.10589331,0.4004083,-0.12011296,-0.024485948,-0.17507073,0.034856662,-0.82843643,-0.31773552,0.34649026,0.072559796,-0.017652899,0.124304615,-0.09551587,0.28546998,-0.46987718",""
