"codeUnitName","shortCodeUnitName","propertyName","propertyValue","Source Cypher File: Dependencies_Projection/Dependencies_8_Stream_Mutated.cypher"
"/axon-eventsourcing-4.9.3.jar","axon-eventsourcing-4.9.3","embeddingsFastRandomProjection","-0.2360211,0.3913042,-0.20121151,0.3913042,0.4541635,-0.3913042,-0.29888034,-0.31584364,0.20121151,-0.5518324,-0.6435378,-0.20121151,0.31584364,0.786252,-0.8166672,0.5340185",""
"/axon-configuration-4.9.3.jar","axon-configuration-4.9.3","embeddingsFastRandomProjection","-0.2291617,0.3979227,-0.20418464,0.3979227,0.46157092,-0.3979227,-0.29280987,-0.31096646,0.20418464,-0.5501962,-0.6451169,-0.20418464,0.31096646,0.78050196,-0.82069844,0.53330773",""
"/axon-messaging-4.9.3.jar","axon-messaging-4.9.3","embeddingsFastRandomProjection","-0.19544694,0.32370463,-0.27224338,0.32370463,0.48207974,-0.32370463,-0.35382205,-0.26255757,0.27224338,-0.5636584,-0.6342554,-0.27224338,0.26255757,0.75408727,-0.77698106,0.44353646",""
"/axon-test-4.9.3.jar","axon-test-4.9.3","embeddingsFastRandomProjection","-0.22575721,0.39707384,-0.20214342,0.39707384,0.45931685,-0.39707384,-0.28800026,-0.307034,0.20214342,-0.5451736,-0.64321446,-0.20214342,0.307034,0.77435184,-0.81911105,0.52821124",""
"/axon-disruptor-4.9.3.jar","axon-disruptor-4.9.3","embeddingsFastRandomProjection","-0.23120697,0.40364453,-0.21394183,0.40364453,0.47507668,-0.40364453,-0.30263907,-0.3143677,0.21394183,-0.5637739,-0.65994024,-0.21394183,0.3143677,0.7963338,-0.8379142,0.54003817",""
"/axon-modelling-4.9.3.jar","axon-modelling-4.9.3","embeddingsFastRandomProjection","-0.24975613,0.3943241,-0.21359758,0.3943241,0.46782017,-0.3943241,-0.32325217,-0.33063477,0.21359758,-0.5774747,-0.65989685,-0.21359758,0.33063477,0.8171878,-0.8332408,0.551615",""
