"codeUnitName","shortCodeUnitName","propertyName","propertyValue","Source Cypher File: Dependencies_Projection/Dependencies_8_Stream_Mutated.cypher"
"/axon-modelling-4.9.3.jar","axon-modelling-4.9.3","embeddingsFastRandomProjection","0.70032716,-0.3074316,-0.55405676,0.09025303,-0.26044828,-0.45370197,0.26044828,-0.70032716,-0.50068533,0.3074316,-0.53186923,0.3074316,-0.26044828,0.6221222,0.7225147,-0.26044828",""
"/axon-configuration-4.9.3.jar","axon-configuration-4.9.3","embeddingsFastRandomProjection","0.6741159,-0.29364064,-0.53797114,0.08986962,-0.237099,-0.42978534,0.237099,-0.6741159,-0.486327,0.29364064,-0.50114924,0.29364064,-0.237099,0.59101886,0.7109378,-0.237099",""
"/axon-eventsourcing-4.9.3.jar","axon-eventsourcing-4.9.3","embeddingsFastRandomProjection","0.6679102,-0.29772648,-0.53684324,0.087467626,-0.23927896,-0.4287934,0.23927896,-0.6679102,-0.4872409,0.29772648,-0.50374854,0.29772648,-0.23927896,0.5912161,0.7010049,-0.23927896",""
"/axon-messaging-4.9.3.jar","axon-messaging-4.9.3","embeddingsFastRandomProjection","0.6591712,-0.24164137,-0.43889073,0.07306676,-0.30659774,-0.46192187,0.30659774,-0.6591712,-0.39696556,0.24164137,-0.41617087,0.24164137,-0.30659774,0.4892376,0.6818911,-0.30659774",""
"/axon-test-4.9.3.jar","axon-test-4.9.3","embeddingsFastRandomProjection","0.66814387,-0.29235634,-0.53443867,0.088928044,-0.23380424,-0.4260615,0.23380424,-0.66814387,-0.4846136,0.29235634,-0.4943613,0.29235634,-0.23380424,0.5832893,0.70822126,-0.23380424",""
"/axon-disruptor-4.9.3.jar","axon-disruptor-4.9.3","embeddingsFastRandomProjection","0.6968201,-0.29944977,-0.5498625,0.092249244,-0.24919054,-0.4464073,0.24919054,-0.6968201,-0.49666655,0.29944977,-0.51195437,0.29944977,-0.24919054,0.60420364,0.7347282,-0.24919054",""
