"codeUnitName","shortCodeUnitName","propertyName","propertyValue","Source Cypher File: Dependencies_Projection/Dependencies_8_Stream_Mutated.cypher"
"/axon-test-4.9.3.jar","axon-test-4.9.3","embeddingsFastRandomProjection","0.3013105,-0.43909812,-0.6704759,-0.06351367,-0.513372,0,-0.513372,0.13778758,0.43909812,0,-0.29354453,0.6704759,-0.50627613,-0.588316,-0.29354453,0.513372",""
"/axon-modelling-4.9.3.jar","axon-modelling-4.9.3","embeddingsFastRandomProjection","0.31838614,-0.45460165,-0.7152465,-0.024858393,-0.5659587,0,-0.5659587,0.13621545,0.45460165,0,-0.28672975,0.7152465,-0.5020937,-0.64510715,-0.28672975,0.5659587",""
"/axon-configuration-4.9.3.jar","axon-configuration-4.9.3","embeddingsFastRandomProjection","0.30119586,-0.44056788,-0.68070996,-0.056669764,-0.5232701,0,-0.5232701,0.13937199,0.44056788,0,-0.2940368,0.68070996,-0.5115865,-0.6014478,-0.2940368,0.5232701",""
"/axon-disruptor-4.9.3.jar","axon-disruptor-4.9.3","embeddingsFastRandomProjection","0.30832037,-0.4525628,-0.71296686,-0.059157953,-0.5376472,0,-0.5376472,0.14424239,0.4525628,0,-0.30342937,0.71296686,-0.52887076,-0.6188463,-0.30342937,0.5376472",""
"/axon-messaging-4.9.3.jar","axon-messaging-4.9.3","embeddingsFastRandomProjection","0.24986638,-0.36306933,-0.76079154,-0.032865003,-0.44340724,0,-0.44340724,0.11320292,0.36306933,0,-0.23637137,0.76079154,-0.41319883,-0.50703174,-0.23637137,0.44340724",""
"/axon-eventsourcing-4.9.3.jar","axon-eventsourcing-4.9.3","embeddingsFastRandomProjection","0.30959103,-0.44240108,-0.6719601,-0.04814305,-0.5270681,0,-0.5270681,0.13281006,0.44240108,0,-0.28381407,0.6719601,-0.48963308,-0.60007703,-0.28381407,0.5270681",""
