"codeUnitName","shortCodeUnitName","propertyName","propertyValue","Source Cypher File: Dependencies_Projection/Dependencies_8_Stream_Mutated.cypher"
"/axon-test-4.9.3.jar","axon-test-4.9.3","embeddingsNode2Vec","0.026005235,0.013150498,-0.029102279,0.004793533,-0.0058669066,0.030901834,-0.029437672,-0.007714902,-0.0041026003,-0.028377082,0.012063085,0.0307423,0.012090087,0.022679385,-0.021086825,0.016394908",""
"/axon-messaging-4.9.3.jar","axon-messaging-4.9.3","embeddingsNode2Vec","-0.01567808,0.029277392,0.024916653,0.009473958,0.007763736,0.014118178,-0.02638616,0.0018231861,0.017915424,-0.029851673,0.0077261464,0.0077752,-7.7429744e-05,0.007847912,-0.027492607,0.01858326",""
"/axon-modelling-4.9.3.jar","axon-modelling-4.9.3","embeddingsNode2Vec","0.0031543889,-0.030985726,-0.009556453,0.014556466,-0.013437843,0.02950285,-0.017373946,-0.0033026435,0.030722208,0.011877101,-0.008686394,0.031173043,-0.027563598,0.01642302,0.007295015,0.026293961",""
"/axon-disruptor-4.9.3.jar","axon-disruptor-4.9.3","embeddingsNode2Vec","0.0074771345,-0.00849089,0.0023574596,0.03105336,0.019048035,0.008279891,0.002986671,-0.029290358,0.0269212,0.023356842,0.01242128,-0.02166045,-0.011731988,0.008507967,0.015168387,9.083914e-05",""
"/axon-eventsourcing-4.9.3.jar","axon-eventsourcing-4.9.3","embeddingsNode2Vec","0.019436242,-0.017667795,-0.007348309,-0.028331783,-0.02907017,-0.011208037,0.021150805,-0.02497516,0.009766331,0.017156336,0.008502704,-0.020049272,-0.009525497,-0.0047653676,0.023319192,0.017545598",""
"/axon-configuration-4.9.3.jar","axon-configuration-4.9.3","embeddingsNode2Vec","0.018277507,0.027318811,0.0102568315,0.0044205943,-0.010646006,-0.020008262,0.0038164447,0.013852652,0.028575255,-0.006544617,-0.013651223,0.024920717,0.025955405,0.026563196,0.030493975,0.003636137",""
