"codeUnitName","shortCodeUnitName","propertyName","propertyValue","Source Cypher File: Dependencies_Projection/Dependencies_8_Stream_Mutated.cypher"
"/axon-test-4.9.3.jar","axon-test-4.9.3","embeddingsFastRandomProjection","0.3312241,0.34347773,0.2836048,-1.0165354,-0.10749233,-0.2836048,0,0.10749233,-0.6973883,0,0.41670468,0.5038941,-0.3964018,0.50971985,-0.3336074,0",""
"/axon-modelling-4.9.3.jar","axon-modelling-4.9.3","embeddingsFastRandomProjection","0.29479176,0.3861498,0.2864968,-1.1062022,-0.107948005,-0.2864968,0,0.107948005,-0.73775214,0,0.47976255,0.56762725,-0.45967925,0.51006764,-0.33151886,0",""
"/axon-configuration-4.9.3.jar","axon-configuration-4.9.3","embeddingsFastRandomProjection","0.3281869,0.35512266,0.28715396,-1.0309988,-0.10900167,-0.28715396,0,0.10900167,-0.7093421,0,0.4245668,0.51490843,-0.4059068,0.51371145,-0.33555913,0",""
"/axon-disruptor-4.9.3.jar","axon-disruptor-4.9.3","embeddingsFastRandomProjection","0.34068966,0.36742544,0.2974953,-1.0624748,-0.11312454,-0.2974953,0,0.11312454,-0.7436434,0,0.44621006,0.5305794,-0.41745487,0.5318333,-0.34746253,0",""
"/axon-messaging-4.9.3.jar","axon-messaging-4.9.3","embeddingsFastRandomProjection","0.2566062,0.30571795,0.2359826,-0.87936,-0.09035897,-0.2359826,0,0.09035897,-0.77890885,0,0.55374265,0.44691533,-0.35655636,0.421628,-0.27600437,0",""
"/axon-eventsourcing-4.9.3.jar","axon-eventsourcing-4.9.3","embeddingsFastRandomProjection","0.31022742,0.34864408,0.27720976,-1.0421382,-0.10445204,-0.27720976,0,0.10445204,-0.6902462,0,0.43474793,0.52263343,-0.4181814,0.4977931,-0.3250354,0",""
