"codeUnitName","shortCodeUnitName","propertyName","propertyValue","Source Cypher File: Dependencies_Projection/Dependencies_8_Stream_Mutated.cypher"
"/axon-eventsourcing-4.9.3.jar","axon-eventsourcing-4.9.3","embeddingsNode2Vec","-0.18238291,0.060055744,-0.2507615,-0.21911669,0.30183446,0.35424045,-0.34255245,-0.090170376,-0.22076632,-0.5534222,-0.07421076,0.31437492,0.21772562,-0.25398654,0.6642027,-0.049419865",""
"/axon-test-4.9.3.jar","axon-test-4.9.3","embeddingsNode2Vec","-0.1819893,0.057404518,-0.26433647,-0.24492201,0.3010378,0.34677488,-0.35827398,-0.08532826,-0.21647958,-0.5978575,-0.078242786,0.35973835,0.22427689,-0.28050008,0.6912443,-0.06256982",""
"/axon-modelling-4.9.3.jar","axon-modelling-4.9.3","embeddingsNode2Vec","-0.2117486,0.075730205,-0.26379997,-0.2350162,0.27042562,0.31876814,-0.35961953,-0.09403237,-0.23730193,-0.57193696,-0.09550032,0.3504311,0.20725177,-0.24183628,0.663485,-0.07959906",""
"/axon-disruptor-4.9.3.jar","axon-disruptor-4.9.3","embeddingsNode2Vec","-0.1991427,0.033347193,-0.29734388,-0.25170535,0.31730583,0.33621928,-0.33775228,-0.046464473,-0.18868558,-0.55813885,-0.077014446,0.32315,0.22605433,-0.27678087,0.6612392,-0.05255366",""
"/axon-configuration-4.9.3.jar","axon-configuration-4.9.3","embeddingsNode2Vec","-0.20622201,0.072989024,-0.2757537,-0.21655469,0.3070374,0.34600377,-0.33641487,-0.06092481,-0.23113184,-0.5930729,-0.07962644,0.32400957,0.24047992,-0.25889847,0.65386593,-0.07739614",""
"/axon-messaging-4.9.3.jar","axon-messaging-4.9.3","embeddingsNode2Vec","-0.18903783,0.07097395,-0.25055137,-0.24197054,0.27289703,0.32594144,-0.34742096,-0.08652676,-0.21744628,-0.5800957,-0.08049236,0.35414883,0.20871699,-0.25499386,0.6640199,-0.07591189",""
