"codeUnitName","shortCodeUnitName","propertyName","propertyValue","Source Cypher File: Dependencies_Projection/Dependencies_8_Stream_Mutated.cypher"
"/axon-test-4.9.3.jar","axon-test-4.9.3","embeddingsFastRandomProjection","-0.19286965,0.30751893,0.3710756,0.123481944,0.6131094,-0.4310009,0.4310009,-0.8079075,-1.0441103,-0.3710756,0.06317313,0.30751893,0.50038856,0.24434578,0.12672982,0.30751893",""
"/axon-messaging-4.9.3.jar","axon-messaging-4.9.3","embeddingsFastRandomProjection","-0.30413008,0.25005344,0.30549717,0.1167462,0.6466543,-0.36679965,0.36679965,-0.80423695,-1.013454,-0.30549717,0.052957922,0.25005344,0.5541835,0.1970955,0.10840166,0.25005344",""
"/axon-modelling-4.9.3.jar","axon-modelling-4.9.3","embeddingsFastRandomProjection","-0.2124315,0.30457953,0.37842894,0.15416762,0.62826383,-0.45874718,0.45874718,-0.82159054,-1.0870109,-0.37842894,0.06561983,0.30457953,0.51701105,0.23895967,0.13946925,0.30457953",""
"/axon-disruptor-4.9.3.jar","axon-disruptor-4.9.3","embeddingsFastRandomProjection","-0.20503072,0.31268942,0.37395242,0.12684704,0.63264906,-0.43953645,0.43953645,-0.8304096,-1.0721854,-0.37395242,0.06617361,0.31268942,0.5177201,0.24651581,0.12743664,0.31268942",""
"/axon-eventsourcing-4.9.3.jar","axon-eventsourcing-4.9.3","embeddingsFastRandomProjection","-0.1974958,0.30208582,0.37494868,0.13902357,0.60987115,-0.4411094,0.4411094,-0.8016674,-1.0509806,-0.37494868,0.06255103,0.30208582,0.49958158,0.23953477,0.1354139,0.30208582",""
"/axon-configuration-4.9.3.jar","axon-configuration-4.9.3","embeddingsFastRandomProjection","-0.19399396,0.30858544,0.37075567,0.12685989,0.6158277,-0.4354453,0.4354453,-0.8111648,-1.0512729,-0.37075567,0.06499997,0.30858544,0.5025794,0.24358541,0.12717025,0.30858544",""
