"codeUnitName","shortCodeUnitName","propertyName","propertyValue","Source Cypher File: Dependencies_Projection/Dependencies_8_Stream_Mutated.cypher"
"/axon-modelling-4.9.3.jar","axon-modelling-4.9.3","embeddingsNode2Vec","0.039278924,0.52116895,-0.26256356,-0.33345184,0.5475352,-0.09051128,0.23933999,-0.16269216,0.51121366,0.08906681,-0.23690161,-0.30750653,0.105213486,-0.20548885,0.112262085,-0.5108356",""
"/axon-configuration-4.9.3.jar","axon-configuration-4.9.3","embeddingsNode2Vec","0.049340237,0.5090055,-0.24736361,-0.3440198,0.5400398,-0.1187284,0.22774833,-0.14601335,0.5087303,0.060510714,-0.24967445,-0.30160305,0.11158923,-0.19947506,0.083432585,-0.5462563",""
"/axon-eventsourcing-4.9.3.jar","axon-eventsourcing-4.9.3","embeddingsNode2Vec","0.02860915,0.5067677,-0.263138,-0.34832853,0.53272045,-0.104246885,0.23785754,-0.14671724,0.49987692,0.08402607,-0.24880154,-0.29976305,0.09485617,-0.20403215,0.0862556,-0.5484124",""
"/axon-messaging-4.9.3.jar","axon-messaging-4.9.3","embeddingsNode2Vec","0.022083713,0.5007714,-0.27802846,-0.35373384,0.52333736,-0.11881801,0.21375062,-0.15215193,0.48905325,0.067075,-0.23036724,-0.29524672,0.11985223,-0.23011717,0.079939425,-0.5657885",""
"/axon-test-4.9.3.jar","axon-test-4.9.3","embeddingsNode2Vec","0.04254319,0.5356426,-0.2788569,-0.3250169,0.5265542,-0.09141563,0.25269347,-0.12906262,0.5094737,0.06414697,-0.256896,-0.27961552,0.1080228,-0.22008318,0.11630654,-0.52785593",""
"/axon-disruptor-4.9.3.jar","axon-disruptor-4.9.3","embeddingsNode2Vec","0.071994595,0.49786445,-0.21986082,-0.36528,0.5412647,-0.09029801,0.25719872,-0.11539025,0.5098482,0.09220859,-0.28831935,-0.3199387,0.06560123,-0.16920285,0.053873632,-0.54262567",""
