"codeUnitName","shortCodeUnitName","propertyName","propertyValue","Source Cypher File: Dependencies_Projection/Dependencies_8_Stream_Mutated.cypher"
"/axon-modelling-4.9.3.jar","axon-modelling-4.9.3","embeddingsFastRandomProjection","0,0.60494125,-0.18043134,0.23058784,0.016951859,-0.051483586,-0.5717367,-0.9827558,-0.27259076,-0.41635638,-0.5202531,0.8980677,-0.5717367,0.19738322,0,-0.23058784",""
"/axon-test-4.9.3.jar","axon-test-4.9.3","embeddingsFastRandomProjection","0,0.5829172,-0.17949493,0.22598109,-0.00070875883,-0.03614503,-0.53572243,-0.9411984,-0.23747975,-0.3684348,-0.49957737,0.8578586,-0.53572243,0.17878622,0,-0.22598109",""
"/axon-eventsourcing-4.9.3.jar","axon-eventsourcing-4.9.3","embeddingsFastRandomProjection","0,0.5847185,-0.1767588,0.22305243,0.0025615543,-0.03815134,-0.5409866,-0.9407978,-0.25109178,-0.3897055,-0.5028353,0.8589145,-0.5409866,0.1793204,0,-0.22305243",""
"/axon-messaging-4.9.3.jar","axon-messaging-4.9.3","embeddingsFastRandomProjection","0,0.48188627,-0.14553088,0.18496183,0.11854449,-0.14794685,-0.5609999,-0.8914926,-0.20918629,-0.3211489,-0.41305304,0.8226594,-0.5609999,0.26407543,0,-0.18496183",""
"/axon-disruptor-4.9.3.jar","axon-disruptor-4.9.3","embeddingsFastRandomProjection","0,0.601406,-0.18435222,0.23424883,0.008952871,-0.045711175,-0.56046236,-0.9790633,-0.246667,-0.3795753,-0.5147512,0.8924086,-0.56046236,0.19330513,0,-0.23424883",""
"/axon-configuration-4.9.3.jar","axon-configuration-4.9.3","embeddingsFastRandomProjection","0,0.587474,-0.17991775,0.2282771,0.0016052574,-0.03755009,-0.54072,-0.9489148,-0.24212639,-0.37304622,-0.50316995,0.86461085,-0.54072,0.18152305,0,-0.2282771",""
