"codeUnitName","shortCodeUnitName","propertyName","propertyValue","Source Cypher File: Dependencies_Projection/Dependencies_8_Stream_Mutated.cypher"
"/axon-modelling-4.9.3.jar","axon-modelling-4.9.3","embeddingsNode2Vec","0.28717032,0.54486173,0.21224084,0.34717882,-0.121973336,-0.67419356,-0.10970455,0.03174412,-0.18553968,-0.5744196,0.1447043,-0.058361165,0.24639256,-0.092965685,-0.18294987,-0.052595258",""
"/axon-configuration-4.9.3.jar","axon-configuration-4.9.3","embeddingsNode2Vec","0.2797824,0.53095025,0.20036559,0.3487512,-0.137663,-0.6803719,-0.10127966,0.047113642,-0.18510295,-0.58518803,0.14522405,-0.05043007,0.24886075,-0.0945295,-0.17806816,-0.0566302",""
"/axon-eventsourcing-4.9.3.jar","axon-eventsourcing-4.9.3","embeddingsNode2Vec","0.2973224,0.560237,0.18130478,0.36014017,-0.14130463,-0.6788752,-0.10047898,0.037024964,-0.19915253,-0.55875087,0.15517828,-0.045844603,0.25819236,-0.12998731,-0.20642553,-0.08490288",""
"/axon-messaging-4.9.3.jar","axon-messaging-4.9.3","embeddingsNode2Vec","0.27350438,0.54984814,0.2140947,0.32209757,-0.11200327,-0.66880155,-0.11368862,0.036023684,-0.17238405,-0.575231,0.12521787,-0.04051942,0.2402019,-0.08070648,-0.18411958,-0.057740867",""
"/axon-test-4.9.3.jar","axon-test-4.9.3","embeddingsNode2Vec","0.2892309,0.5580217,0.21069346,0.33128762,-0.12881818,-0.66123176,-0.09099895,0.060189407,-0.17360163,-0.56657004,0.14417636,-0.036486223,0.26098174,-0.10100507,-0.1907848,-0.061278943",""
"/axon-disruptor-4.9.3.jar","axon-disruptor-4.9.3","embeddingsNode2Vec","0.2896043,0.5795681,0.18617238,0.37559408,-0.12804465,-0.6712047,-0.12120022,0.029133484,-0.19518256,-0.56332886,0.14581557,-0.060882565,0.25008556,-0.11226347,-0.21157093,-0.074376136",""
