"codeUnitName","shortCodeUnitName","propertyName","propertyValue","Source Cypher File: Dependencies_Projection/Dependencies_8_Stream_Mutated.cypher"
"/axon-eventsourcing-4.9.3.jar","axon-eventsourcing-4.9.3","embeddingsFastRandomProjection","0.57510036,0.43825155,-0.57510036,0.00019520521,-0.13704413,-0.43825155,0.3301531,-0.58446544,0.32059288,0.0662806,-0.5144397,-0.457637,0,0.25993216,-0.3969763,-0.13684896",""
"/axon-configuration-4.9.3.jar","axon-configuration-4.9.3","embeddingsFastRandomProjection","0.5835755,0.44979054,-0.5835755,0.004612595,-0.13839754,-0.44979054,0.3281862,-0.5830287,0.3241205,0.06927816,-0.5140246,-0.46251804,0,0.25456962,-0.39296716,-0.13378498",""
"/axon-messaging-4.9.3.jar","axon-messaging-4.9.3","embeddingsFastRandomProjection","0.5608632,0.3533655,-0.5608632,-0.09941295,-0.10808472,-0.3533655,0.16792211,-0.47080722,0.35739097,0.0545059,-0.4092589,-0.46547574,0,0.2057867,-0.3138714,-0.20749769",""
"/axon-test-4.9.3.jar","axon-test-4.9.3","embeddingsFastRandomProjection","0.57454884,0.44293547,-0.57454884,0.0067597926,-0.13837317,-0.44293547,0.32023323,-0.5709397,0.31708255,0.066376165,-0.50816476,-0.45545578,0,0.25069848,-0.38907164,-0.13161339",""
"/axon-disruptor-4.9.3.jar","axon-disruptor-4.9.3","embeddingsFastRandomProjection","0.6283887,0.4811781,-0.6283887,0.0002490431,-0.14745961,-0.4811781,0.344549,-0.6213912,0.35129744,0.07445532,-0.547762,-0.49875706,0,0.27067074,-0.41813037,-0.14721058",""
"/axon-modelling-4.9.3.jar","axon-modelling-4.9.3","embeddingsFastRandomProjection","0.6367477,0.47786167,-0.6367477,-0.012748584,-0.14613748,-0.47786167,0.36742324,-0.65441406,0.3625054,0.0755146,-0.56122255,-0.5086429,0,0.28698027,-0.4331177,-0.15888606",""
