"codeUnitName","shortCodeUnitName","propertyName","propertyValue","Source Cypher File: Dependencies_Projection/Dependencies_8_Stream_Mutated.cypher"
"/axon-test-4.9.3.jar","axon-test-4.9.3","embeddingsFastRandomProjection","0.44241524,0.12859984,-0.20631476,0.07216554,-0.5145808,0,0.056434304,0.1341043,0.44241524,-0.5710151,-0.29065543,-0.8016111,0.20631476,-0.58862567,-0.29065543,0.5145808",""
"/axon-modelling-4.9.3.jar","axon-modelling-4.9.3","embeddingsFastRandomProjection","0.47620106,0.15051273,-0.24462259,0.10012047,-0.5763215,0,0.05039227,0.14005592,0.47620106,-0.62671375,-0.30151108,-0.868749,0.24462259,-0.6569017,-0.30151108,0.5763215",""
"/axon-configuration-4.9.3.jar","axon-configuration-4.9.3","embeddingsFastRandomProjection","0.44811168,0.13438669,-0.21151492,0.078109264,-0.5262209,0,0.056277454,0.13653553,0.44811168,-0.5824984,-0.29411164,-0.81694627,0.21151492,-0.6030928,-0.29411164,0.5262209",""
"/axon-disruptor-4.9.3.jar","axon-disruptor-4.9.3","embeddingsFastRandomProjection","0.46894372,0.14791647,-0.22714105,0.08171612,-0.5506599,0,0.06620039,0.14357242,0.46894372,-0.6168603,-0.30870247,-0.86300695,0.22714105,-0.63167655,-0.30870247,0.5506599",""
"/axon-messaging-4.9.3.jar","axon-messaging-4.9.3","embeddingsFastRandomProjection","0.35725757,0.22073962,-0.28688198,0.06982948,-0.42708707,0,0.15091015,0.10758923,0.35725757,-0.5779972,-0.23046614,-0.76152325,0.28688198,-0.48773617,-0.23046614,0.42708707",""
"/axon-eventsourcing-4.9.3.jar","axon-eventsourcing-4.9.3","embeddingsFastRandomProjection","0.4470546,0.12839672,-0.216286,0.079147086,-0.5262017,0,0.04924965,0.13165015,0.4470546,-0.5754513,-0.28599346,-0.8029666,0.216286,-0.5993736,-0.28599346,0.5262017",""
