"codeUnitName","shortCodeUnitName","propertyName","propertyValue","Source Cypher File: Dependencies_Projection/Dependencies_8_Stream_Mutated.cypher"
"/axon-eventsourcing-4.9.3.jar","axon-eventsourcing-4.9.3","embeddingsFastRandomProjection","-0.073386826,0.6521296,0.453346,0.65930367,0,0.4192517,0.114655234,0.453346,-0.2958309,-0.18834981,-1.1618361,-0.15751514,0.3222044,0.018351674,0.21255028,0.27217036",""
"/axon-configuration-4.9.3.jar","axon-configuration-4.9.3","embeddingsFastRandomProjection","-0.07615169,0.6568171,0.4519568,0.66796875,0,0.41952193,0.11973815,0.4519568,-0.2906829,-0.18209645,-1.1591258,-0.16127388,0.33369935,0.018377736,0.21904783,0.281012",""
"/axon-messaging-4.9.3.jar","axon-messaging-4.9.3","embeddingsFastRandomProjection","-0.06234008,0.54548067,0.37921208,0.6617116,0,0.45981917,0.097963914,0.37921208,-0.24856728,-0.26683438,-1.0775967,-0.13064475,0.37752044,-0.09951657,0.29250142,0.22860867",""
"/axon-test-4.9.3.jar","axon-test-4.9.3","embeddingsFastRandomProjection","-0.07546324,0.6509315,0.44756705,0.66230893,0,0.41715407,0.117253676,0.44756705,-0.28599304,-0.18011686,-1.1503475,-0.161574,0.3345255,0.021928594,0.21510863,0.27882767",""
"/axon-disruptor-4.9.3.jar","axon-disruptor-4.9.3","embeddingsFastRandomProjection","-0.0783688,0.6726945,0.46227717,0.69206303,0,0.4365849,0.123429544,0.46227717,-0.29692048,-0.19285947,-1.1929739,-0.16535667,0.35008183,0.011130899,0.23259461,0.2887862",""
"/axon-modelling-4.9.3.jar","axon-modelling-4.9.3","embeddingsFastRandomProjection","-0.07519979,0.6783316,0.47481346,0.689281,0,0.441117,0.11984564,0.47481346,-0.31594104,-0.20704485,-1.2147229,-0.15887237,0.32869416,0.0024559647,0.23161618,0.278718",""
