"codeUnitName","shortCodeUnitName","propertyName","propertyValue","Source Cypher File: Dependencies_Projection/Dependencies_8_Stream_Mutated.cypher"
"/axon-eventsourcing-4.9.3.jar","axon-eventsourcing-4.9.3","embeddingsFastRandomProjection","0.26153183,0.5125896,-0.3454615,-0.059754968,0.10503449,-0.5125896,-0.4756021,-0.41584715,0.3454615,-0.23517516,-0.35312665,-0.3454615,0.41584715,0.5420908,-0.5800097,0.12920924",""
"/axon-configuration-4.9.3.jar","axon-configuration-4.9.3","embeddingsFastRandomProjection","0.27851155,0.52946377,-0.34944007,-0.05359651,0.10941188,-0.52946377,-0.46755704,-0.41396058,0.34944007,-0.2275289,-0.351973,-0.34944007,0.41396058,0.53231335,-0.5855932,0.12674394",""
"/axon-messaging-4.9.3.jar","axon-messaging-4.9.3","embeddingsFastRandomProjection","0.3097277,0.41456252,-0.37748447,-0.14577551,0.08609479,-0.41456252,-0.4824806,-0.33670506,0.37748447,-0.19109093,-0.28095734,-0.37748447,0.33670506,0.43480888,-0.4638109,0.008076072",""
"/axon-test-4.9.3.jar","axon-test-4.9.3","embeddingsFastRandomProjection","0.27786976,0.5236032,-0.34261736,-0.051102743,0.10765404,-0.5236032,-0.4555929,-0.4044902,0.34261736,-0.22062954,-0.34871402,-0.34261736,0.4044902,0.5211157,-0.58080256,0.12129901",""
"/axon-disruptor-4.9.3.jar","axon-disruptor-4.9.3","embeddingsFastRandomProjection","0.30433217,0.56610185,-0.37810022,-0.061581284,0.11722825,-0.56610185,-0.5021605,-0.44057924,0.37810022,-0.24128857,-0.37445697,-0.37810022,0.44057924,0.5654533,-0.62403995,0.1294151",""
"/axon-modelling-4.9.3.jar","axon-modelling-4.9.3","embeddingsFastRandomProjection","0.27581123,0.5506673,-0.38645634,-0.077743754,0.11353047,-0.5506673,-0.5438739,-0.4661302,0.38645634,-0.27094802,-0.38186258,-0.38645634,0.4661302,0.60603815,-0.6238172,0.14643194",""
