"codeUnitName","shortCodeUnitName","propertyName","propertyValue","Source Cypher File: Dependencies_Projection/Dependencies_8_Stream_Mutated.cypher"
"/axon-modelling-4.9.3.jar","axon-modelling-4.9.3","embeddingsNode2Vec","-0.0278622,0.025330136,-0.012533425,-0.003252433,0.013568257,0.022554778,0.0229984,-0.014765703,0.020646319,0.021604542,-0.026890108,0.002333396,0.008677062,0.027949834,-0.018977748,-0.019064536",""
"/axon-messaging-4.9.3.jar","axon-messaging-4.9.3","embeddingsNode2Vec","0.0071139354,-0.0071541085,0.023849325,-0.022710597,0.010782258,0.020706763,0.021924019,-0.021185884,-0.020045003,-0.008717701,0.025316691,-0.013898138,0.0018432105,0.005127602,0.001120865,0.014499323",""
"/axon-configuration-4.9.3.jar","axon-configuration-4.9.3","embeddingsNode2Vec","0.012724858,0.031151986,-0.0084977,0.010019498,-0.008361121,0.022707216,-0.027637968,0.028271817,0.026272899,-0.0019166103,0.020246863,-0.026282476,0.0285575,-0.015761424,-0.013056424,0.017003901",""
"/axon-disruptor-4.9.3.jar","axon-disruptor-4.9.3","embeddingsNode2Vec","0.004262568,-0.011564847,0.0032603047,-0.02045751,-0.0011618721,-0.009202724,0.0016140803,0.015563824,-0.016190507,0.02224777,0.012111209,-0.012456647,-0.014170731,-0.014505116,-0.01490751,0.00211535",""
"/axon-eventsourcing-4.9.3.jar","axon-eventsourcing-4.9.3","embeddingsNode2Vec","0.016098501,0.024881795,0.027713493,-0.0042076004,0.022259528,0.021545181,0.0027371962,0.020536823,-0.0023283311,0.010317587,-0.011254367,-0.022741744,0.0032869081,0.011684103,0.025930882,0.0028875226",""
"/axon-test-4.9.3.jar","axon-test-4.9.3","embeddingsNode2Vec","-0.030388612,0.007826938,-0.023568349,0.01273989,0.013434843,0.02645892,0.028689072,-0.0067707985,-0.02064557,-0.027114384,-0.024024293,-0.009663615,0.023414256,-0.0266078,-0.018159075,-0.020544998",""
