"codeUnitName","shortCodeUnitName","propertyName","propertyValue","Source Cypher File: Dependencies_Projection/Dependencies_8_Stream_Mutated.cypher"
"/axon-modelling-4.9.3.jar","axon-modelling-4.9.3","embeddingsFastRandomProjection","-0.65886736,0.24326763,0.33975106,0.5078529,0.10123623,-0.8400222,-0.2231072,-0.34450382,0.5576311,-0.27763826,-0.07178737,0.096483424,-0.4409873,0.9585147,-0.5175274,0",""
"/axon-configuration-4.9.3.jar","axon-configuration-4.9.3","embeddingsFastRandomProjection","-0.64098805,0.23071158,0.3220874,0.47901583,0.10109488,-0.8255851,-0.20537648,-0.33180645,0.53989315,-0.27597293,-0.057450242,0.09137583,-0.42318228,0.91353387,-0.49035156,0",""
"/axon-eventsourcing-4.9.3.jar","axon-eventsourcing-4.9.3","embeddingsFastRandomProjection","-0.63436043,0.2367191,0.32140744,0.48483676,0.09857492,-0.82011175,-0.20560429,-0.33529398,0.5357855,-0.27043965,-0.058566652,0.08468835,-0.41998243,0.912418,-0.49243557,0",""
"/axon-messaging-4.9.3.jar","axon-messaging-4.9.3","embeddingsFastRandomProjection","-0.6310804,0.18946302,0.3739756,0.50509876,0.0819458,-0.6687993,-0.28076234,-0.2714088,0.5491346,-0.22223146,-0.05343855,0.18451259,-0.4559214,0.8627145,-0.40679315,0",""
"/axon-test-4.9.3.jar","axon-test-4.9.3","embeddingsFastRandomProjection","-0.6372556,0.23037884,0.31966892,0.47662538,0.1001714,-0.8217308,-0.20242503,-0.33055025,0.5370842,-0.2737652,-0.053211592,0.08929004,-0.41984034,0.90377355,-0.48393327,0",""
"/axon-disruptor-4.9.3.jar","axon-disruptor-4.9.3","embeddingsFastRandomProjection","-0.6613201,0.23409677,0.33560336,0.49460337,0.10343983,-0.84178996,-0.21676621,-0.33753657,0.5578803,-0.28197646,-0.05871781,0.10150657,-0.4390432,0.9387374,-0.49969423,0",""
