"codeUnitName","shortCodeUnitName","propertyName","propertyValue","Source Cypher File: Dependencies_Projection/Dependencies_8_Stream_Mutated.cypher"
"/axon-modelling-4.9.3.jar","axon-modelling-4.9.3","embeddingsFastRandomProjection","-0.4815141,-0.24445385,0.17553568,0.19171196,0.24445385,-0.24445385,0.10209888,0.31789064,-0.7421442,-0.08961307,-0.7939055,-0.34655273,-0.281325,0.94504315,-0.4760149,0.72596794",""
"/axon-configuration-4.9.3.jar","axon-configuration-4.9.3","embeddingsFastRandomProjection","-0.46111664,-0.24497737,0.1663814,0.19351561,0.24497737,-0.24497737,0.10322294,0.3081358,-0.7332282,-0.090292685,-0.75860995,-0.34820032,-0.2838083,0.89866054,-0.45047414,0.706094",""
"/axon-eventsourcing-4.9.3.jar","axon-eventsourcing-4.9.3","embeddingsFastRandomProjection","-0.4629486,-0.240181,0.16288066,0.19064656,0.240181,-0.240181,0.102621995,0.30043963,-0.73089546,-0.088024564,-0.7574918,-0.342803,-0.2786711,0.9054034,-0.45705223,0.70312953",""
"/axon-messaging-4.9.3.jar","axon-messaging-4.9.3","embeddingsFastRandomProjection","-0.5075225,-0.19963247,0.26215523,0.15747656,0.19963247,-0.19963247,0.08329793,0.37848976,-0.6024763,-0.074178636,-0.75807285,-0.2829304,-0.23165518,0.87798643,-0.37958318,0.707155",""
"/axon-test-4.9.3.jar","axon-test-4.9.3","embeddingsFastRandomProjection","-0.45929193,-0.24331611,0.16519266,0.1936139,0.24331611,-0.24331611,0.10403955,0.30446926,-0.7310293,-0.089574344,-0.7508056,-0.3473557,-0.28318822,0.8911631,-0.44633645,0.7026081",""
"/axon-disruptor-4.9.3.jar","axon-disruptor-4.9.3","embeddingsFastRandomProjection","-0.47538936,-0.24908793,0.1772554,0.1964998,0.24908793,-0.24908793,0.10454249,0.3218008,-0.7437217,-0.0919573,-0.7778374,-0.35363042,-0.2884571,0.9188408,-0.4560367,0.7244773",""
