"codeUnitName","shortCodeUnitName","propertyName","propertyValue","Source Cypher File: Dependencies_Projection/Dependencies_8_Stream_Mutated.cypher"
"/axon-test-4.9.3.jar","axon-test-4.9.3","embeddingsNode2Vec","-0.21254812,0.068995684,-0.100548334,0.22303306,0.31232744,-0.62172455,-0.2719849,0.006242125,0.116936326,-0.05251472,0.30893776,-0.044885658,-0.7019822,0.33897805,0.3781266,-0.20946935",""
"/axon-messaging-4.9.3.jar","axon-messaging-4.9.3","embeddingsNode2Vec","-0.23314315,0.054319143,-0.12489422,0.18666679,0.28286758,-0.65811753,-0.22685404,0.009462862,0.12985317,-0.061020523,0.31168342,-0.03184345,-0.74204665,0.32279113,0.3675942,-0.24706125",""
"/axon-modelling-4.9.3.jar","axon-modelling-4.9.3","embeddingsNode2Vec","-0.22835042,0.07662176,-0.1176134,0.2185104,0.31385997,-0.6371484,-0.276345,0.03828706,0.109938435,-0.06807729,0.32887194,-0.02409722,-0.6894559,0.33164096,0.3639986,-0.23167033",""
"/axon-disruptor-4.9.3.jar","axon-disruptor-4.9.3","embeddingsNode2Vec","-0.19760805,0.103493795,-0.09668722,0.24280088,0.323182,-0.6523958,-0.2807544,-0.00012667092,0.101583466,-0.093974575,0.32450143,-0.03128482,-0.70146984,0.30240944,0.380044,-0.22252305",""
"/axon-eventsourcing-4.9.3.jar","axon-eventsourcing-4.9.3","embeddingsNode2Vec","-0.22477005,0.03305239,-0.11558897,0.18968095,0.28286177,-0.6744272,-0.21978533,-0.03110502,0.12690155,-0.044049356,0.31100082,-0.027643751,-0.7226713,0.30460238,0.37908342,-0.21913968",""
"/axon-configuration-4.9.3.jar","axon-configuration-4.9.3","embeddingsNode2Vec","-0.23377945,0.08805218,-0.08550232,0.22272995,0.27772984,-0.6471135,-0.26707476,0.006082398,0.11461246,-0.05629834,0.30992904,-0.035373196,-0.70737165,0.30161047,0.3632839,-0.2319668",""
