"codeUnitName","shortCodeUnitName","propertyName","propertyValue","Source Cypher File: Dependencies_Projection/Dependencies_8_Stream_Mutated.cypher"
"/axon-test-4.9.3.jar","axon-test-4.9.3","embeddingsNode2Vec","-0.010496461,-0.022850052,-0.009427316,0.029692048,0.030642197,-0.004917935,-0.021000862,0.023244662,0.014614608,0.019945461,0.014254336,-0.026918493,0.02172613,-0.024427636,-0.01602692,0.015149039",""
"/axon-eventsourcing-4.9.3.jar","axon-eventsourcing-4.9.3","embeddingsNode2Vec","-0.000118677475,0.027127273,-0.00084576523,-0.024055561,-0.009580263,0.006646202,0.026683914,-0.030418087,-0.019205835,-0.017010106,-0.010851596,0.008201399,0.029787851,-0.030739104,0.016498148,-0.02192572",""
"/axon-disruptor-4.9.3.jar","axon-disruptor-4.9.3","embeddingsNode2Vec","0.015726244,0.015468161,0.01718006,0.022167,-0.011760028,0.023245165,0.012352585,-0.017055979,0.02750017,0.00024472893,0.018041661,-0.006306303,0.01389404,0.024554294,-0.022790555,0.028483689",""
"/axon-configuration-4.9.3.jar","axon-configuration-4.9.3","embeddingsNode2Vec","0.02750619,-0.02961995,0.023069134,0.027341936,-0.006956989,-0.02544519,4.7966616e-05,0.02230693,0.021370092,-0.014289853,0.008563812,-0.004953344,-0.0014887054,-0.022228055,-0.001185079,-0.029463496",""
"/axon-modelling-4.9.3.jar","axon-modelling-4.9.3","embeddingsNode2Vec","0.011220668,-0.02260144,-0.030572355,-0.019858055,0.0030885665,-0.01525058,0.013387264,0.008181904,0.016654082,-0.0035837134,0.026430044,0.010287858,-0.030974967,-0.024526456,0.018552797,-0.019786473",""
"/axon-messaging-4.9.3.jar","axon-messaging-4.9.3","embeddingsNode2Vec","-0.016993893,-0.017419629,-0.008652915,-0.021934709,-0.016150728,0.0019276813,-0.019396031,-0.026054002,-0.0062763523,-0.026529802,-0.004771064,-0.011261916,0.022228109,-0.017244903,0.009960645,0.030095581",""
