"codeUnitName","shortCodeUnitName","propertyName","propertyValue","Source Cypher File: Dependencies_Projection/Dependencies_8_Stream_Mutated.cypher"
"/axon-test-4.9.3.jar","axon-test-4.9.3","embeddingsNode2Vec","-0.17145112,0.30359027,0.057652947,-0.28227645,-0.074147835,-0.32667962,-0.054464333,-0.25825742,-0.5339878,-0.047569755,0.062207237,-0.16145305,0.6990137,-0.2952593,-0.501767,-0.002546201",""
"/axon-messaging-4.9.3.jar","axon-messaging-4.9.3","embeddingsNode2Vec","-0.18863136,0.30507514,0.057223838,-0.2892399,-0.10363765,-0.3720918,-0.07085994,-0.22214983,-0.5613119,-0.075785406,0.0565246,-0.1504042,0.70394963,-0.28977498,-0.5123069,-0.02245743",""
"/axon-modelling-4.9.3.jar","axon-modelling-4.9.3","embeddingsNode2Vec","-0.18825886,0.30840537,0.05807579,-0.284686,-0.061306223,-0.34972268,-0.05880521,-0.24304003,-0.518363,-0.066233225,0.049974795,-0.14197081,0.725289,-0.2996772,-0.5024389,-0.002068498",""
"/axon-disruptor-4.9.3.jar","axon-disruptor-4.9.3","embeddingsNode2Vec","-0.1586637,0.30740574,0.03208061,-0.28719813,-0.109779194,-0.35876173,-0.07485675,-0.23637544,-0.54595584,-0.09545547,0.03622728,-0.09945611,0.68203753,-0.3067845,-0.50527483,-0.051658273",""
"/axon-eventsourcing-4.9.3.jar","axon-eventsourcing-4.9.3","embeddingsNode2Vec","-0.17034163,0.3177164,0.01671818,-0.28921273,-0.09237042,-0.34815183,-0.050047506,-0.25705135,-0.54120505,-0.08156905,0.021924427,-0.10006502,0.68996376,-0.31839824,-0.520722,-0.020137724",""
"/axon-configuration-4.9.3.jar","axon-configuration-4.9.3","embeddingsNode2Vec","-0.18937269,0.31167263,0.027739573,-0.28050983,-0.092700124,-0.35005856,-0.04894938,-0.2289439,-0.5275251,-0.078093454,0.039093655,-0.12238312,0.69520193,-0.3016623,-0.5015993,-0.025665008",""
