"codeUnitName","shortCodeUnitName","propertyName","propertyValue","Source Cypher File: Dependencies_Projection/Dependencies_8_Stream_Mutated.cypher"
"/axon-eventsourcing-4.9.3.jar","axon-eventsourcing-4.9.3","embeddingsFastRandomProjection","0.3650948,0.5212433,-0.47123027,-0.41098678,-0.4227958,-0.5212433,-0.6032827,-0.2304999,0.47123027,-0.23818782,-0.5904144,-0.47123027,-0.10613545,0.6965499,0.16901669,-0.18048689",""
"/axon-configuration-4.9.3.jar","axon-configuration-4.9.3","embeddingsFastRandomProjection","0.3673346,0.52960616,-0.47597322,-0.41353372,-0.41655904,-0.52960616,-0.5965094,-0.23358332,0.47597322,-0.22917482,-0.5885081,-0.47597322,-0.108638644,0.6971468,0.17027283,-0.17995042",""
"/axon-messaging-4.9.3.jar","axon-messaging-4.9.3","embeddingsFastRandomProjection","0.41305375,0.4255948,-0.50094384,-0.4505077,-0.3469786,-0.4255948,-0.609907,-0.18757933,0.50094384,-0.19685325,-0.47751802,-0.50094384,-0.08789015,0.56540823,0.14493002,-0.26292837",""
"/axon-test-4.9.3.jar","axon-test-4.9.3","embeddingsFastRandomProjection","0.3637935,0.52551794,-0.4711513,-0.41089958,-0.40948117,-0.52551794,-0.58774763,-0.23263314,0.4711513,-0.22395417,-0.58538723,-0.4711513,-0.10735784,0.6927451,0.16408484,-0.17826647",""
"/axon-disruptor-4.9.3.jar","axon-disruptor-4.9.3","embeddingsFastRandomProjection","0.38506186,0.5454203,-0.49716532,-0.4325229,-0.42756706,-0.5454203,-0.6197011,-0.2403889,0.49716532,-0.23463924,-0.6044384,-0.49716532,-0.11210355,0.71654195,0.17562112,-0.192134",""
"/axon-modelling-4.9.3.jar","axon-modelling-4.9.3","embeddingsFastRandomProjection","0.38946438,0.5399489,-0.49996448,-0.4347136,-0.45362306,-0.5399489,-0.6509876,-0.23734897,0.49996448,-0.26152325,-0.6122284,-0.49996448,-0.11050011,0.7227285,0.18924369,-0.1973646",""
