"codeUnitName","shortCodeUnitName","propertyName","propertyValue","Source Cypher File: Dependencies_Projection/Dependencies_8_Stream_Mutated.cypher"
"/axon-eventsourcing-4.9.3.jar","axon-eventsourcing-4.9.3","embeddingsNode2Vec","0.5108845,0.40964636,0.53235286,0.25868633,0.020212753,0.113675915,0.27191895,-0.04853214,0.0918608,0.3554547,0.4330629,0.17458203,0.15229005,0.14728643,0.36341146,0.41811588",""
"/axon-configuration-4.9.3.jar","axon-configuration-4.9.3","embeddingsNode2Vec","0.52650917,0.40769666,0.5420483,0.25268877,0.034130994,0.09557396,0.27286556,-0.032230444,0.091396034,0.31996393,0.41647428,0.20910825,0.1555815,0.11067856,0.35436648,0.3831148",""
"/axon-messaging-4.9.3.jar","axon-messaging-4.9.3","embeddingsNode2Vec","0.51449805,0.4315894,0.5449911,0.24042863,-0.007903294,0.079094365,0.27332413,-0.029168265,0.065183535,0.31797442,0.44142863,0.18710907,0.16006273,0.16023886,0.37545323,0.3844682",""
"/axon-test-4.9.3.jar","axon-test-4.9.3","embeddingsNode2Vec","0.5149488,0.4310729,0.5287243,0.27311403,-2.720811e-05,0.0481107,0.25035158,-0.04949621,0.07494725,0.33689535,0.43645477,0.18525755,0.14457333,0.17535904,0.36422792,0.3991627",""
"/axon-disruptor-4.9.3.jar","axon-disruptor-4.9.3","embeddingsNode2Vec","0.5252212,0.4358754,0.5371076,0.25569567,-0.007432595,0.08850558,0.27615792,-0.021137884,0.084697016,0.3190851,0.44422886,0.21389295,0.17981745,0.15801877,0.36664703,0.3928819",""
"/axon-modelling-4.9.3.jar","axon-modelling-4.9.3","embeddingsNode2Vec","0.51591563,0.44777337,0.52133125,0.2698223,0.023974845,0.05693679,0.22644156,-0.0338984,0.113728136,0.3193206,0.4457337,0.214387,0.16632843,0.1547361,0.38822955,0.36938223",""
