"codeUnitName","shortCodeUnitName","propertyName","propertyValue","Source Cypher File: Dependencies_Projection/Dependencies_8_Stream_Mutated.cypher"
"/axon-modelling-4.9.3.jar","axon-modelling-4.9.3","embeddingsFastRandomProjection","-0.5185454,0,0.67287457,-0.42051417,0.42051417,0,0.09803121,0,0.42051417,0,-0.78292805,0.46315682,-0.37257802,1.0011768,0.21988183,-0.15432921",""
"/axon-configuration-4.9.3.jar","axon-configuration-4.9.3","embeddingsFastRandomProjection","-0.48941606,0,0.6414554,-0.41186845,0.41186845,0,0.07754765,0,0.41186845,0,-0.72444606,0.43814924,-0.35187688,0.9242836,0.2426053,-0.15203932",""
"/axon-eventsourcing-4.9.3.jar","axon-eventsourcing-4.9.3","embeddingsFastRandomProjection","-0.49469718,0,0.6421083,-0.4017061,0.4017061,0,0.0929911,0,0.4017061,0,-0.726695,0.43002445,-0.347534,0.9268178,0.2346289,-0.14741114",""
"/axon-messaging-4.9.3.jar","axon-messaging-4.9.3","embeddingsFastRandomProjection","-0.3991864,0,0.52195543,-0.3304583,0.3304583,0,0.06872812,0,0.3304583,0,-0.598852,0.5223957,-0.45294666,0.92902964,0.18411273,-0.12276901",""
"/axon-test-4.9.3.jar","axon-test-4.9.3","embeddingsFastRandomProjection","-0.4865248,0,0.6367388,-0.40743458,0.40743458,0,0.07909023,0,0.40743458,0,-0.7117223,0.432889,-0.35003895,0.91154724,0.24960095,-0.15021402",""
"/axon-disruptor-4.9.3.jar","axon-disruptor-4.9.3","embeddingsFastRandomProjection","-0.50575423,0,0.6639321,-0.4278394,0.4278394,0,0.07791481,0,0.4278394,0,-0.7501042,0.46526065,-0.37517336,0.96709967,0.25158,-0.15817791",""
