"codeUnitName","shortCodeUnitName","propertyName","propertyValue","Source Cypher File: Dependencies_Projection/Dependencies_8_Stream_Mutated.cypher"
"/axon-eventsourcing-4.9.3.jar","axon-eventsourcing-4.9.3","embeddingsFastRandomProjection","-0.34293,0,0.75474405,0.18232588,-0.047045812,-0.6226625,0.70763993,0.34293,0.22943,0.08497746,-0.37179732,0.047104117,0.047104117,0.6136566,-0.28687817,0.78326666",""
"/axon-test-4.9.3.jar","axon-test-4.9.3","embeddingsFastRandomProjection","-0.3319372,0,0.75526524,0.18634531,-0.045125082,-0.62025493,0.707384,0.3319372,0.23422661,0.08712898,-0.36661723,0.047881305,0.047881305,0.61568743,-0.28224444,0.7658469",""
"/axon-modelling-4.9.3.jar","axon-modelling-4.9.3","embeddingsFastRandomProjection","-0.37035972,0,0.7986153,0.18646784,-0.04718657,-0.65929526,0.747362,0.37035972,0.23772112,0.08806667,-0.38187465,0.051253267,0.051253267,0.6339969,-0.29787463,0.84318733",""
"/axon-disruptor-4.9.3.jar","axon-disruptor-4.9.3","embeddingsFastRandomProjection","-0.34774595,0,0.7965594,0.19315761,-0.040983096,-0.6534756,0.7448187,0.34774595,0.24489832,0.0913431,-0.37228256,0.051740702,0.051740702,0.63840985,-0.29169703,0.808064",""
"/axon-configuration-4.9.3.jar","axon-configuration-4.9.3","embeddingsFastRandomProjection","-0.33865657,0,0.76653326,0.18737486,-0.046662644,-0.62826705,0.7166383,0.33865657,0.23726973,0.08837136,-0.36927563,0.049894873,0.049894873,0.6204096,-0.28413638,0.77954876",""
"/axon-messaging-4.9.3.jar","axon-messaging-4.9.3","embeddingsFastRandomProjection","-0.28688192,0,0.7450306,0.15051027,0.0759657,-0.63277495,0.7044493,0.28688192,0.19109154,0.07167433,-0.18930432,0.040581267,0.040581267,0.50410444,-0.2341769,0.7691467",""
