"codeUnitName","shortCodeUnitName","propertyName","propertyValue","Source Cypher File: Dependencies_Projection/Dependencies_8_Stream_Mutated.cypher"
"/axon-eventsourcing-4.9.3.jar","axon-eventsourcing-4.9.3","embeddingsNode2Vec","-0.22568654,-0.47256684,0.15059279,0.23118004,0.11342514,-0.16886418,0.09861478,0.26140404,-0.56362206,0.13375777,0.5090359,0.55384004,0.26326662,0.25055096,0.13543114,-0.0050978",""
"/axon-configuration-4.9.3.jar","axon-configuration-4.9.3","embeddingsNode2Vec","-0.24438141,-0.45939156,0.14995702,0.20433034,0.07911307,-0.20401643,0.12076466,0.2833051,-0.5993082,0.09396777,0.5398939,0.5577705,0.23292878,0.29717278,0.12887199,-0.011041483",""
"/axon-messaging-4.9.3.jar","axon-messaging-4.9.3","embeddingsNode2Vec","-0.23351663,-0.48077893,0.13268705,0.22995031,0.118889794,-0.17443483,0.08439185,0.2649684,-0.54247093,0.12841152,0.48975682,0.5871376,0.2845182,0.23217924,0.1245069,-0.026914682",""
"/axon-test-4.9.3.jar","axon-test-4.9.3","embeddingsNode2Vec","-0.23532432,-0.5014861,0.119121574,0.19450277,0.087201156,-0.20692866,0.06895745,0.30715448,-0.5646119,0.13833654,0.535791,0.5649548,0.24621066,0.27731994,0.15873002,-0.028742123",""
"/axon-disruptor-4.9.3.jar","axon-disruptor-4.9.3","embeddingsNode2Vec","-0.23225401,-0.48556593,0.16150908,0.21287543,0.09753861,-0.18083745,0.08672477,0.27761906,-0.5685374,0.13451399,0.5073007,0.57953376,0.24890397,0.24250947,0.13682644,0.0037693086",""
"/axon-modelling-4.9.3.jar","axon-modelling-4.9.3","embeddingsNode2Vec","-0.2187491,-0.45538166,0.14293972,0.24384965,0.09500651,-0.19744971,0.1337666,0.26501802,-0.59288,0.09640245,0.51471174,0.5568998,0.25284353,0.26669136,0.13237147,-0.022677867",""
