"codeUnitName","shortCodeUnitName","propertyName","propertyValue","Source Cypher File: Dependencies_Projection/Dependencies_8_Stream_Mutated.cypher"
"/axon-modelling-4.9.3.jar","axon-modelling-4.9.3","embeddingsFastRandomProjection","0.86268854,-0.3795254,0.26779383,-0.16474105,-0.60212046,-0.4112007,-0.5283619,0.4112007,-0.60212046,0.06653286,-0.83606684,0,0.46182904,-0.07724993,0.4112007,-0.24199107",""
"/axon-messaging-4.9.3.jar","axon-messaging-4.9.3","embeddingsFastRandomProjection","0.80445516,-0.29225343,0.21699013,-0.1296274,-0.48303768,-0.3237659,-0.5384075,0.3237659,-0.48303768,0.049057472,-0.78954196,0,0.48935002,-0.18049724,0.3237659,-0.3101247",""
"/axon-configuration-4.9.3.jar","axon-configuration-4.9.3","embeddingsFastRandomProjection","0.8265585,-0.34003505,0.2703713,-0.15397996,-0.5950854,-0.38532937,-0.5018444,0.38532937,-0.5950854,0.05434284,-0.814385,0,0.44750148,-0.07434568,0.38532937,-0.22832566",""
"/axon-disruptor-4.9.3.jar","axon-disruptor-4.9.3","embeddingsFastRandomProjection","0.85315335,-0.34506714,0.2774128,-0.15635183,-0.6087754,-0.39351946,-0.52179086,0.39351946,-0.6087754,0.05394976,-0.8423184,0,0.46784106,-0.085156515,0.39351946,-0.2415084",""
"/axon-eventsourcing-4.9.3.jar","axon-eventsourcing-4.9.3","embeddingsFastRandomProjection","0.8259903,-0.35712874,0.26175952,-0.16071571,-0.58831626,-0.38825,-0.49943352,0.38825,-0.58831626,0.064797215,-0.80258787,0,0.4346363,-0.069788754,0.38825,-0.2305045",""
"/axon-test-4.9.3.jar","axon-test-4.9.3","embeddingsFastRandomProjection","0.82110524,-0.33685717,0.26846522,-0.15448186,-0.5926272,-0.3799453,-0.4969431,0.3799453,-0.5926272,0.055696864,-0.80872536,0,0.44124624,-0.07368074,0.3799453,-0.22816262",""
