"codeUnitName","shortCodeUnitName","propertyName","propertyValue","Source Cypher File: Dependencies_Projection/Dependencies_8_Stream_Mutated.cypher"
"/axon-modelling-4.9.3.jar","axon-modelling-4.9.3","embeddingsFastRandomProjection","0.7133918,-0.3226472,-0.7847592,0,-0.25127974,-0.25127974,0.45433903,-0.41566157,-0.11958796,0.11958796,-0.746715,0.4173181,-0.45433903,0.35431397,0.7377185,-0.35966808",""
"/axon-configuration-4.9.3.jar","axon-configuration-4.9.3","embeddingsFastRandomProjection","0.6865164,-0.30815157,-0.7663601,0,-0.22830795,-0.22830795,0.4303358,-0.39040673,-0.10612373,0.10612373,-0.7136679,0.40223345,-0.4303358,0.32347643,0.7253443,-0.3362539",""
"/axon-eventsourcing-4.9.3.jar","axon-eventsourcing-4.9.3","embeddingsFastRandomProjection","0.6806102,-0.31262612,-0.7629864,0,-0.23024991,-0.23024991,0.4293505,-0.3897276,-0.11352552,0.11352552,-0.71226823,0.40440813,-0.4293505,0.32960367,0.7157917,-0.33756846",""
"/axon-messaging-4.9.3.jar","axon-messaging-4.9.3","embeddingsFastRandomProjection","0.669343,-0.25318655,-0.62263036,0,-0.29989925,-0.29989925,0.46265584,-0.430162,-0.09043001,0.09043001,-0.5884284,0.32961103,-0.46265584,0.27282298,0.69363725,-0.3862314",""
"/axon-test-4.9.3.jar","axon-test-4.9.3","embeddingsFastRandomProjection","0.6804935,-0.30690977,-0.762492,0,-0.22491136,-0.22491136,0.4265356,-0.3857212,-0.10528556,0.10528556,-0.7050633,0.40005785,-0.4265356,0.3171429,0.72259414,-0.33338752",""
"/axon-disruptor-4.9.3.jar","axon-disruptor-4.9.3","embeddingsFastRandomProjection","0.70936227,-0.31416726,-0.7832899,0,-0.24023968,-0.24023968,0.4469294,-0.40615073,-0.107477576,0.107477576,-0.7297087,0.41068912,-0.4469294,0.32997537,0.7492973,-0.35040754",""
