"codeUnitName","shortCodeUnitName","propertyName","propertyValue","Source Cypher File: Dependencies_Projection/Dependencies_8_Stream_Mutated.cypher"
"/axon-modelling-4.9.3.jar","axon-modelling-4.9.3","embeddingsFastRandomProjection","0.43374276,0,-0.43374276,-0.48705953,-0.64724886,-0.37825105,0.5284805,0,-0.525861,-0.6932254,-0.59433424,0.4170525,-0.63728905,0.390788,-0.6209843,0",""
"/axon-configuration-4.9.3.jar","axon-configuration-4.9.3","embeddingsFastRandomProjection","0.42129993,0,-0.42129993,-0.4820624,-0.62607354,-0.3711197,0.5176643,0,-0.52302355,-0.6840104,-0.5783468,0.41208082,-0.62860703,0.3710397,-0.5850324,0",""
"/axon-eventsourcing-4.9.3.jar","axon-eventsourcing-4.9.3","embeddingsFastRandomProjection","0.41850027,0,-0.41850027,-0.48195606,-0.62741375,-0.372067,0.5122567,0,-0.52244806,-0.6754102,-0.5789192,0.41255897,-0.6221457,0.37527382,-0.59012854,0",""
"/axon-messaging-4.9.3.jar","axon-messaging-4.9.3","embeddingsFastRandomProjection","0.4669207,0,-0.4669207,-0.3944586,-0.63804066,-0.30537844,0.5456495,0,-0.4280092,-0.6799079,-0.4805076,0.338929,-0.6347296,0.31269866,-0.61181027,0",""
"/axon-test-4.9.3.jar","axon-test-4.9.3","embeddingsFastRandomProjection","0.4190979,0,-0.4190979,-0.48107752,-0.62274206,-0.36925116,0.514855,0,-0.52305406,-0.6804621,-0.5743366,0.4112277,-0.62668145,0.3667531,-0.57826746,0",""
"/axon-disruptor-4.9.3.jar","axon-disruptor-4.9.3","embeddingsFastRandomProjection","0.43351457,0,-0.43351457,-0.48616728,-0.63966566,-0.37432045,0.5311682,0,-0.5274986,-0.6993375,-0.5835142,0.4156517,-0.643015,0.37401372,-0.5980277,0",""
