"codeUnitName","shortCodeUnitName","propertyName","propertyValue","Source Cypher File: Dependencies_Projection/Dependencies_8_Stream_Mutated.cypher"
"/axon-modelling-4.9.3.jar","axon-modelling-4.9.3","embeddingsFastRandomProjection","-0.49521506,-0.23226921,0.20445219,0.267381,0.31766397,-0.31766397,0.18198633,0.25473508,-0.70501846,-0.085394755,-0.79379076,-0.41425556,-0.18198633,0.85228443,-0.6244504,0.64208955",""
"/axon-configuration-4.9.3.jar","axon-configuration-4.9.3","embeddingsFastRandomProjection","-0.47265556,-0.23148435,0.1950078,0.2684192,0.31709334,-0.31709334,0.18281022,0.24368191,-0.6919424,-0.08560901,-0.7543117,-0.4142946,-0.18281022,0.8004751,-0.59623873,0.6185309",""
"/axon-eventsourcing-4.9.3.jar","axon-eventsourcing-4.9.3","embeddingsFastRandomProjection","-0.47412193,-0.22713137,0.19036126,0.26381257,0.31061456,-0.31061456,0.18032944,0.23716319,-0.6912215,-0.08348319,-0.7533326,-0.40746084,-0.18032944,0.80996203,-0.59965265,0.6177701",""
"/axon-messaging-4.9.3.jar","axon-messaging-4.9.3","embeddingsFastRandomProjection","-0.51545864,-0.18908408,0.2834557,0.21962164,0.2595945,-0.2595945,0.14911123,0.3234285,-0.5701983,-0.07051045,-0.7535732,-0.33819532,-0.14911123,0.79649216,-0.5006552,0.6340323",""
"/axon-test-4.9.3.jar","axon-test-4.9.3","embeddingsFastRandomProjection","-0.47038904,-0.22974773,0.19341664,0.26774544,0.3146047,-0.3146047,0.18288851,0.24027586,-0.6896087,-0.08485696,-0.7458607,-0.41263628,-0.18288851,0.79308546,-0.5904418,0.6152798",""
"/axon-disruptor-4.9.3.jar","axon-disruptor-4.9.3","embeddingsFastRandomProjection","-0.48850736,-0.23617625,0.20681322,0.2737391,0.32367063,-0.32367063,0.18624477,0.2567447,-0.7041152,-0.08749436,-0.77583086,-0.42242104,-0.18624477,0.8213488,-0.6065805,0.63718927",""
