"codeUnitName","shortCodeUnitName","propertyName","propertyValue","Source Cypher File: Dependencies_Projection/Dependencies_8_Stream_Mutated.cypher"
"/axon-modelling-4.9.3.jar","axon-modelling-4.9.3","embeddingsFastRandomProjection","0.49179515,-0.10961304,-0.7153664,0,-0.25572762,-0.44057053,0.6254134,-0.5902136,-0.29445595,0.20803149,-0.59652674,0.10961304,-0.44057053,0.7813696,0.6106348,-0.35414603",""
"/axon-configuration-4.9.3.jar","axon-configuration-4.9.3","embeddingsFastRandomProjection","0.46856868,-0.0975512,-0.7044592,0,-0.23296477,-0.4186168,0.6042688,-0.56753165,-0.28320324,0.19651414,-0.5706912,0.0975512,-0.4186168,0.75634325,0.6023366,-0.33192772",""
"/axon-eventsourcing-4.9.3.jar","axon-eventsourcing-4.9.3","embeddingsFastRandomProjection","0.46609652,-0.10478382,-0.7010517,0,-0.23534852,-0.41810846,0.6008684,-0.56442994,-0.28754377,0.20311727,-0.5714879,0.10478382,-0.41810846,0.75424784,0.5956602,-0.33368197",""
"/axon-messaging-4.9.3.jar","axon-messaging-4.9.3","embeddingsFastRandomProjection","0.49651515,-0.083801724,-0.5748037,0,-0.3057037,-0.45579898,0.6058942,-0.57587254,-0.233897,0.16315909,-0.4743744,0.083801724,-0.45579898,0.62446976,0.59694433,-0.38506103",""
"/axon-test-4.9.3.jar","axon-test-4.9.3","embeddingsFastRandomProjection","0.46331096,-0.09691927,-0.7018851,0,-0.22947975,-0.4150471,0.60061437,-0.5629592,-0.28248662,0.19656746,-0.5641928,0.09691927,-0.4150471,0.7497601,0.6010032,-0.32912794",""
"/axon-disruptor-4.9.3.jar","axon-disruptor-4.9.3","embeddingsFastRandomProjection","0.48447892,-0.09832736,-0.7170015,0,-0.24410242,-0.43325123,0.62240005,-0.58504105,-0.28747618,0.1988895,-0.5807892,0.09832736,-0.43325123,0.769938,0.6206912,-0.3446645",""
