"codeUnitName","shortCodeUnitName","propertyName","propertyValue","Source Cypher File: Dependencies_Projection/Dependencies_8_Stream_Mutated.cypher"
"/axon-test-4.9.3.jar","axon-test-4.9.3","embeddingsFastRandomProjection","0.38067326,0.37916324,0.108309045,0.21521002,0.37916324,-0.6500175,-0.25675356,-0.106901,-0.58325195,-0.21521002,-0.5347491,-0.5958833,-0.054174848,-0.5276078,-0.6275494,0.7526952",""
"/axon-eventsourcing-4.9.3.jar","axon-eventsourcing-4.9.3","embeddingsFastRandomProjection","0.38364777,0.38929904,0.12442093,0.20996284,0.38929904,-0.6541772,-0.26122808,-0.08554193,-0.5810214,-0.20996284,-0.5415033,-0.59361064,-0.063854456,-0.5261062,-0.6233952,0.75754976",""
"/axon-disruptor-4.9.3.jar","axon-disruptor-4.9.3","embeddingsFastRandomProjection","0.38909346,0.39044046,0.11247502,0.21876118,0.39044046,-0.6684059,-0.27273187,-0.10628615,-0.60990155,-0.21876118,-0.552548,-0.6078546,-0.05192377,-0.5506973,-0.65360063,0.77768326",""
"/axon-configuration-4.9.3.jar","axon-configuration-4.9.3","embeddingsFastRandomProjection","0.38231784,0.3839511,0.11189028,0.2144436,0.3839511,-0.65601194,-0.25920165,-0.10255334,-0.58887964,-0.2144436,-0.54211,-0.59676147,-0.052639846,-0.53126246,-0.63180417,0.7554214",""
"/axon-modelling-4.9.3.jar","axon-modelling-4.9.3","embeddingsFastRandomProjection","0.3925181,0.4100649,0.14116137,0.21041268,0.4100649,-0.6789685,-0.28097117,-0.06925133,-0.60836554,-0.21041268,-0.5673961,-0.6029308,-0.06512371,-0.54987466,-0.648715,0.7850616",""
"/axon-messaging-4.9.3.jar","axon-messaging-4.9.3","embeddingsFastRandomProjection","0.31523427,0.32522562,0.1048066,0.17344911,0.32522562,-0.5456447,-0.3529504,-0.0686425,-0.62033933,-0.17344911,-0.45432127,-0.48868343,-0.04784535,-0.57336944,-0.65549517,0.75950813",""
