"codeUnitName","shortCodeUnitName","propertyName","propertyValue","Source Cypher File: Dependencies_Projection/Dependencies_8_Stream_Mutated.cypher"
"/axon-modelling-4.9.3.jar","axon-modelling-4.9.3","embeddingsFastRandomProjection","0.78054404,0.37361228,0.48392966,-0.14127345,-0.076044545,-0.11031738,0.40788513,-0.11031738,0.48392966,0,-0.46680441,0.60595113,-0.40788513,0.15842097,-1.2163925,-0.06522891",""
"/axon-configuration-4.9.3.jar","axon-configuration-4.9.3","embeddingsFastRandomProjection","0.7541597,0.362787,0.4763298,-0.12291856,-0.058483046,-0.11354279,0.41784674,-0.11354279,0.4763298,0,-0.4325224,0.6026555,-0.41784674,0.13417085,-1.1773064,-0.06443552",""
"/axon-eventsourcing-4.9.3.jar","axon-eventsourcing-4.9.3","embeddingsFastRandomProjection","0.7544355,0.36998197,0.4793952,-0.13567086,-0.07466834,-0.109413266,0.40472686,-0.109413266,0.4793952,0,-0.44232005,0.60429305,-0.40472686,0.13334054,-1.1704979,-0.061002515",""
"/axon-messaging-4.9.3.jar","axon-messaging-4.9.3","embeddingsFastRandomProjection","0.8402801,0.30790913,0.4026841,-0.11022586,-0.056598123,-0.09477493,0.34608588,-0.09477493,0.4026841,0,-0.3789543,0.5055924,-0.34608588,0.124672845,-1.2037835,-0.053627737",""
"/axon-test-4.9.3.jar","axon-test-4.9.3","embeddingsFastRandomProjection","0.7510491,0.36316296,0.47591233,-0.1222599,-0.060486555,-0.11274935,0.41542572,-0.11274935,0.47591233,0,-0.4260181,0.6040661,-0.41542572,0.12462842,-1.1675568,-0.06177335",""
"/axon-disruptor-4.9.3.jar","axon-disruptor-4.9.3","embeddingsFastRandomProjection","0.7747723,0.36543098,0.48082542,-0.12259202,-0.056802243,-0.11539447,0.4240232,-0.11539447,0.48082542,0,-0.43611908,0.60826993,-0.4240232,0.1364778,-1.203694,-0.065789774",""
