"codeUnitName","shortCodeUnitName","propertyName","propertyValue","Source Cypher File: Dependencies_Projection/Dependencies_8_Stream_Mutated.cypher"
"/axon-eventsourcing-4.9.0.jar","axon-eventsourcing-4.9.0","embeddingsFastRandomProjection","0,-0.5692607,-0.79845625,0.24770601,0.28717533,0.3318625,0.3318625,-0.8333799,-0.28208548,0.51073694,-0.8826128,-0.41601896,-0.3318625,-0.28208548,-0.1339335,0.28208548",""
"/axon-configuration-4.9.0.jar","axon-configuration-4.9.0","embeddingsFastRandomProjection","0,-0.57032657,-0.8028698,0.24085107,0.290876,0.32810253,0.32810253,-0.8384255,-0.2794506,0.5150378,-0.8901213,-0.41535398,-0.32810253,-0.2794506,-0.13590339,0.2794506",""
"/axon-disruptor-4.9.0.jar","axon-disruptor-4.9.0","embeddingsFastRandomProjection","0,-0.58234763,-0.81668174,0.24121702,0.3020939,0.32938483,0.32938483,-0.8524349,-0.28025377,0.5178717,-0.90484965,-0.41755265,-0.32938483,-0.28025377,-0.1372989,0.28025377",""
"/axon-modelling-4.9.0.jar","axon-modelling-4.9.0","embeddingsFastRandomProjection","0,-0.5793457,-0.81743,0.25934485,0.29856944,0.34302986,0.34302986,-0.84969527,-0.28077635,0.50802696,-0.90111506,-0.4267149,-0.34302986,-0.28077635,-0.14593852,0.28077635",""
"/axon-messaging-4.9.0.jar","axon-messaging-4.9.0","embeddingsFastRandomProjection","0,-0.6108693,-0.80899215,0.20841324,0.37780997,0.2806278,0.2806278,-0.83869255,-0.23305938,0.4261281,-0.88120675,-0.3528423,-0.2806278,-0.23305938,-0.11978293,0.23305938",""
"/axon-test-4.9.0.jar","axon-test-4.9.0","embeddingsFastRandomProjection","0,-0.5705586,-0.80002403,0.23769328,0.28974783,0.32481703,0.32481703,-0.8370471,-0.28081077,0.5163708,-0.8871479,-0.41194078,-0.32481703,-0.28081077,-0.13113001,0.28081077",""
