"codeUnitName","shortCodeUnitName","propertyName","propertyValue","Source Cypher File: Dependencies_Projection/Dependencies_8_Stream_Mutated.cypher"
"/axon-configuration-4.9.0.jar","axon-configuration-4.9.0","embeddingsNode2Vec","-0.028202292,0.001253151,-0.024277369,0.0038441825,-0.012922501,-0.015177098,-0.009526604,-0.01958523,0.02992436,-0.025321618,-0.021738496,-0.027012976,0.023556698,-0.01784988,-0.026090594,-0.026729764",""
"/axon-eventsourcing-4.9.0.jar","axon-eventsourcing-4.9.0","embeddingsNode2Vec","0.008940369,0.016407844,0.016154252,0.02598321,-0.0115021765,-0.015836228,-0.0015674009,0.0036483933,0.017784659,0.014936265,-0.009856864,0.014800487,0.009868895,-0.008512474,0.020525722,0.01519199",""
"/axon-messaging-4.9.0.jar","axon-messaging-4.9.0","embeddingsNode2Vec","0.022938726,0.0030228347,0.0066526537,0.026821246,-0.025372162,-0.0014585585,0.016509667,-0.026313005,-0.023207348,-0.027738139,-0.025654366,-0.018014438,0.000105923624,-0.008678926,0.016805435,0.012507724",""
"/axon-test-4.9.0.jar","axon-test-4.9.0","embeddingsNode2Vec","0.020037353,-0.0006624851,0.024427027,0.0014835495,-0.029510485,-0.001631068,0.0043374863,-0.010351883,0.0106302155,0.025708592,-0.022730181,0.023601837,0.0165666,-0.0024678528,0.01689288,-0.015771328",""
"/axon-modelling-4.9.0.jar","axon-modelling-4.9.0","embeddingsNode2Vec","0.01809369,0.0029311494,0.020707797,-0.0067902366,-0.008016412,0.0149653135,-0.007565648,-0.020609291,0.014677135,0.019097809,0.026714941,-0.0051356866,0.021239402,0.0037590396,-0.0086805,-0.0014235064",""
"/axon-disruptor-4.9.0.jar","axon-disruptor-4.9.0","embeddingsNode2Vec","-0.0105952015,-0.028429126,0.017363144,-0.016587583,-0.02673563,0.022102868,-0.016727049,0.021697786,0.001130925,0.0033224742,-0.02398753,-0.020932985,0.012949818,0.00824352,0.022613283,0.0014656452",""
