"codeUnitName","shortCodeUnitName","propertyName","propertyValue","Source Cypher File: Dependencies_Projection/Dependencies_8_Stream_Mutated.cypher"
"/axon-configuration-4.9.0.jar","axon-configuration-4.9.0","embeddingsFastRandomProjection","-0.057840124,-1.0310633,0.057840124,0,-0.33072495,-0.43081382,0.33072495,0.4274534,0,-0.21604386,0.056840986,-0.21261778,0.27288488,0.15792893,0.4274534,-1.0879045",""
"/axon-eventsourcing-4.9.0.jar","axon-eventsourcing-4.9.0","embeddingsFastRandomProjection","-0.060222134,-1.0285554,0.060222134,0,-0.32899895,-0.42706338,0.32899895,0.43077952,0,-0.21063831,0.058138557,-0.21034671,0.26877686,0.15828645,0.43077952,-1.086694",""
"/axon-messaging-4.9.0.jar","axon-messaging-4.9.0","embeddingsFastRandomProjection","-0.15948626,-0.95023227,0.15948626,0,-0.37989643,-0.46126986,0.37989643,0.3499256,0,-0.16739872,0.053011455,-0.17155705,0.22041017,0.24085969,0.3499256,-1.0032437",""
"/axon-test-4.9.0.jar","axon-test-4.9.0","embeddingsFastRandomProjection","-0.057793647,-1.0254545,0.057793647,0,-0.32876304,-0.42803514,0.32876304,0.42572206,0,-0.21850166,0.05246772,-0.21253408,0.2709694,0.15706578,0.42572206,-1.0779223",""
"/axon-modelling-4.9.0.jar","axon-modelling-4.9.0","embeddingsFastRandomProjection","-0.07155622,-1.0708852,0.07155622,0,-0.3488441,-0.4500503,0.3488441,0.44475323,0,-0.20522323,0.072064646,-0.21468543,0.2772879,0.17276233,0.44475323,-1.1429499",""
"/axon-disruptor-4.9.0.jar","axon-disruptor-4.9.0","embeddingsFastRandomProjection","-0.06573005,-1.0607264,0.06573005,0,-0.34510005,-0.44771388,0.34510005,0.4362563,0,-0.22114678,0.058223236,-0.21740934,0.27937,0.1683439,0.4362563,-1.1189497",""
