"codeUnitName","shortCodeUnitName","propertyName","propertyValue","Source Cypher File: Dependencies_Projection/Dependencies_8_Stream_Mutated.cypher"
"/axon-eventsourcing-4.9.0.jar","axon-eventsourcing-4.9.0","embeddingsFastRandomProjection","-0.5833518,-0.58997643,-0.09637414,0.12517755,0.2607296,0.2607296,-0.09637414,-0.46479893,0.3960742,0,0.753178,0,-0.7482431,-0.46479893,0.06851722,0.9125985",""
"/axon-configuration-4.9.0.jar","axon-configuration-4.9.0","embeddingsFastRandomProjection","-0.59086823,-0.587685,-0.09933686,0.11320067,0.2668857,0.2668857,-0.09933686,-0.47448432,0.3848471,0,0.7510697,0,-0.7441187,-0.47448432,0.053913563,0.91166747",""
"/axon-disruptor-4.9.0.jar","axon-disruptor-4.9.0","embeddingsFastRandomProjection","-0.61082816,-0.59538555,-0.10120623,0.113294914,0.27136564,0.27136564,-0.10120623,-0.48209065,0.38906485,0,0.76163673,0,-0.7646886,-0.48209065,0.052654248,0.93484795",""
"/axon-modelling-4.9.0.jar","axon-modelling-4.9.0","embeddingsFastRandomProjection","-0.6125352,-0.5978321,-0.097620994,0.13059923,0.26388314,0.26388314,-0.097620994,-0.46723282,0.4193651,0,0.7808692,0,-0.78022194,-0.46723282,0.07006578,0.946484",""
"/axon-messaging-4.9.0.jar","axon-messaging-4.9.0","embeddingsFastRandomProjection","-0.664556,-0.49145353,-0.082540885,0.10140031,0.21956876,0.21956876,-0.082540885,-0.3900532,0.3370424,0,0.63915205,0,-0.7994129,-0.3900532,0.052316003,0.9364407",""
"/axon-test-4.9.0.jar","axon-test-4.9.0","embeddingsFastRandomProjection","-0.5864465,-0.5870946,-0.09874648,0.11268382,0.2657348,0.2657348,-0.09874648,-0.4744108,0.37962985,0,0.7441111,0,-0.740818,-0.4744108,0.05562503,0.9078063",""
