"codeUnitName","shortCodeUnitName","propertyName","propertyValue","Source Cypher File: Dependencies_Projection/Dependencies_8_Stream_Mutated.cypher"
"/axon-configuration-4.9.0.jar","axon-configuration-4.9.0","embeddingsFastRandomProjection","-0.5156662,0.586059,-0.88305414,0.57874566,0.13276055,0.586059,0.15384066,0.23391566,-0.2817505,0.52606004,0.5156662,0.21283554,0.46854302,0.41451108,-0.15531848,0",""
"/axon-modelling-4.9.0.jar","axon-modelling-4.9.0","embeddingsFastRandomProjection","-0.54873115,0.59740806,-0.91300213,0.5941218,0.13149019,0.59740806,0.18876578,0.27020344,-0.27852777,0.5440693,0.54873115,0.21292782,0.50298417,0.41001797,-0.17184263,0",""
"/axon-disruptor-4.9.0.jar","axon-disruptor-4.9.0","embeddingsFastRandomProjection","-0.5260642,0.5976897,-0.91238105,0.602976,0.13620488,0.5976897,0.15539736,0.23777957,-0.2882846,0.54915327,0.5260642,0.21858707,0.48789158,0.4244895,-0.15732533,0",""
"/axon-test-4.9.0.jar","axon-test-4.9.0","embeddingsFastRandomProjection","-0.5087713,0.5860443,-0.8790984,0.57480323,0.13170965,0.5860443,0.14938472,0.2270222,-0.28174907,0.52073103,0.5087713,0.20934713,0.46563962,0.41345876,-0.1542557,0",""
"/axon-eventsourcing-4.9.0.jar","axon-eventsourcing-4.9.0","embeddingsFastRandomProjection","-0.5192829,0.5856344,-0.87704384,0.5661677,0.12826255,0.5856344,0.16797113,0.24452454,-0.27475834,0.51445854,0.5192829,0.20481594,0.47402295,0.40302092,-0.1643803,0",""
"/axon-messaging-4.9.0.jar","axon-messaging-4.9.0","embeddingsFastRandomProjection","-0.4310019,0.47544226,-0.8746971,0.6246927,0.10710085,0.47544226,0.14114136,0.20556395,-0.22543795,0.5820144,0.4310019,0.17152342,0.54215825,0.33253884,-0.13166723,0",""
