"codeUnitName","shortCodeUnitName","propertyName","propertyValue","Source Cypher File: Dependencies_Projection/Dependencies_8_Stream_Mutated.cypher"
"/axon-configuration-4.9.0.jar","axon-configuration-4.9.0","embeddingsNode2Vec","0.025641624,-0.024084004,-0.014345851,-0.004571282,0.0058128648,-0.02894633,-0.02739365,0.0274514,-0.025059458,-0.0039823437,0.021443317,0.0261119,0.0066113244,-0.010096371,0.012251559,0.00085993926",""
"/axon-modelling-4.9.0.jar","axon-modelling-4.9.0","embeddingsNode2Vec","-0.022374272,-0.025479114,-0.00770312,0.008702935,0.026711803,-0.022742402,0.009942149,-0.021109473,-0.006752833,0.020804148,0.025714502,-0.0022017055,0.013002178,0.009059466,-0.0013197442,-0.0051113497",""
"/axon-disruptor-4.9.0.jar","axon-disruptor-4.9.0","embeddingsNode2Vec","0.011168561,0.029746981,0.028438374,0.0057253884,0.009795777,-0.008209841,0.015117761,0.0028520438,-0.021745818,-0.013690692,-0.029052878,-0.020498998,-0.009545558,0.030665126,0.0014162258,-0.012263042",""
"/axon-test-4.9.0.jar","axon-test-4.9.0","embeddingsNode2Vec","-0.0061316118,-0.00048550943,-0.0059898538,-0.004437796,-0.014453378,-0.01906007,-0.010932514,4.0947278e-05,0.0020467145,0.024260303,-0.028624991,-0.020277383,-0.029447993,0.011790983,0.013741393,0.026286734",""
"/axon-eventsourcing-4.9.0.jar","axon-eventsourcing-4.9.0","embeddingsNode2Vec","0.020972341,0.014238092,0.0058965595,-0.0055419505,-0.026305081,0.012001001,0.014433856,-0.016864546,-0.013453857,-0.027450444,-0.007923832,0.020739572,-0.018917039,-0.012673534,-0.025604088,0.021077694",""
"/axon-messaging-4.9.0.jar","axon-messaging-4.9.0","embeddingsNode2Vec","-0.023562953,-0.024869336,0.016821703,0.0134748,0.01504014,-0.009165459,-0.026923647,-0.0041831373,-0.027340434,0.0011378201,-0.0022077947,0.028512523,-0.0025580265,0.024473516,-0.0047928216,-0.018908208",""
