"codeUnitName","shortCodeUnitName","propertyName","propertyValue","Source Cypher File: Dependencies_Projection/Dependencies_8_Stream_Mutated.cypher"
"/axon-configuration-4.9.0.jar","axon-configuration-4.9.0","embeddingsFastRandomProjection","0.8372454,0,-0.5224706,-0.20218188,0.47979724,-0.7339864,0,-0.03419446,-0.2007476,0.9703628,-0.054434724,0.15335757,0.10325901,0.18898627,0.9703628,-0.15769373",""
"/axon-eventsourcing-4.9.0.jar","axon-eventsourcing-4.9.0","embeddingsFastRandomProjection","0.8415277,0,-0.5114461,-0.2137062,0.48200974,-0.7261897,0,-0.03026026,-0.20860687,0.9701562,-0.05215777,0.15052594,0.115338,0.18588552,0.9701562,-0.16749577",""
"/axon-messaging-4.9.0.jar","axon-messaging-4.9.0","embeddingsFastRandomProjection","0.8688711,0,-0.43280137,-0.18116695,0.40165818,-0.7683841,0,-0.01904672,-0.1703013,0.96859777,-0.045426052,0.12610611,0.10048688,0.15601847,0.96859777,-0.14591293",""
"/axon-test-4.9.0.jar","axon-test-4.9.0","embeddingsFastRandomProjection","0.83119357,0,-0.5224483,-0.20062661,0.48169798,-0.73092186,0,-0.03832322,-0.20199779,0.96987164,-0.05272059,0.15307555,0.10027165,0.19002756,0.96987164,-0.15299222",""
"/axon-modelling-4.9.0.jar","axon-modelling-4.9.0","embeddingsFastRandomProjection","0.86530876,0,-0.5050258,-0.2227144,0.47593504,-0.7376534,0,-0.017070623,-0.20705934,0.97743845,-0.054182686,0.14924175,0.12765531,0.18196741,0.97743845,-0.18183799",""
"/axon-disruptor-4.9.0.jar","axon-disruptor-4.9.0","embeddingsFastRandomProjection","0.8448019,0,-0.5226623,-0.20027971,0.4781215,-0.74303126,0,-0.03426954,-0.19903153,0.97758055,-0.054772753,0.15328182,0.10177062,0.18879953,0.97758055,-0.15654337",""
