"codeUnitName","shortCodeUnitName","propertyName","propertyValue","Source Cypher File: Dependencies_Projection/Dependencies_8_Stream_Mutated.cypher"
"/axon-configuration-4.9.0.jar","axon-configuration-4.9.0","embeddingsFastRandomProjection","-0.19492671,0,0.103576824,-0.41041887,-0.06212671,-0.28627658,-0.2496278,-0.7226014,-0.20307833,-0.30665517,0,0.7592502,-1.0628532,-0.3482922,0.7096485,-0.51472175",""
"/axon-modelling-4.9.0.jar","axon-modelling-4.9.0","embeddingsFastRandomProjection","-0.19007868,0,0.10084673,-0.42152542,-0.05944544,-0.27931064,-0.2449519,-0.7468283,-0.20603222,-0.30687898,0,0.78118706,-1.0696309,-0.36208004,0.72383225,-0.5337535",""
"/axon-disruptor-4.9.0.jar","axon-disruptor-4.9.0","embeddingsFastRandomProjection","-0.19599113,0,0.103916794,-0.42017487,-0.07078312,-0.2880655,-0.2512547,-0.7320158,-0.2115559,-0.31547272,0,0.7688265,-1.0752996,-0.3493918,0.72012806,-0.5241369",""
"/axon-test-4.9.0.jar","axon-test-4.9.0","embeddingsFastRandomProjection","-0.19574799,0,0.10466044,-0.40715978,-0.0620123,-0.28683555,-0.24913976,-0.71968806,-0.20364198,-0.30830243,0,0.7573838,-1.060642,-0.34514752,0.7068417,-0.51109374",""
"/axon-eventsourcing-4.9.0.jar","axon-eventsourcing-4.9.0","embeddingsFastRandomProjection","-0.19191574,0,0.10273616,-0.4057102,-0.053854078,-0.28109533,-0.244858,-0.7283045,-0.2000204,-0.3027566,0,0.76454175,-1.0551492,-0.35185617,0.707555,-0.5156393",""
"/axon-messaging-4.9.0.jar","axon-messaging-4.9.0","embeddingsFastRandomProjection","-0.15819652,0,0.08344345,-0.4483896,-0.15664431,-0.23294963,-0.2027304,-0.7075025,-0.2746982,-0.3581417,0,0.7377217,-0.9805949,-0.29174533,0.6944209,-0.5362243",""
