"codeUnitName","shortCodeUnitName","propertyName","propertyValue","Source Cypher File: Dependencies_Projection/Dependencies_8_Stream_Mutated.cypher"
"/axon-configuration-4.9.0.jar","axon-configuration-4.9.0","embeddingsNode2Vec","0.0043830615,-0.013333694,-0.021046063,0.013242208,0.011781534,0.013887363,0.02202546,0.015690863,0.00065197825,-0.0017056591,-0.011125503,-0.009645342,-0.018277667,-0.026115477,0.014075133,-0.013194208",""
"/axon-modelling-4.9.0.jar","axon-modelling-4.9.0","embeddingsNode2Vec","-0.0034093217,0.02786966,0.025401348,-0.0016085497,0.017037682,0.0058935443,0.027694209,-0.01930733,-0.008532808,0.020060748,-0.021016179,-0.011511812,0.012716606,0.028285116,-0.014765081,-0.0008969137",""
"/axon-disruptor-4.9.0.jar","axon-disruptor-4.9.0","embeddingsNode2Vec","0.0068145827,0.006507266,0.00074638333,-0.008744618,0.0040716715,0.008028657,-0.019230913,-0.019378887,-0.005325667,-0.0010448279,-0.018690674,0.014140908,-0.028682776,-0.016863482,0.030413268,-0.020755287",""
"/axon-test-4.9.0.jar","axon-test-4.9.0","embeddingsNode2Vec","0.01843216,0.018718373,-0.022200465,-0.023187114,-0.0076185344,-0.008532649,0.017024038,0.000964761,-0.013183276,-0.023132166,0.0058558886,-0.02575577,-0.026802642,-0.00026337383,0.02124329,0.0072613913",""
"/axon-eventsourcing-4.9.0.jar","axon-eventsourcing-4.9.0","embeddingsNode2Vec","0.022172404,-0.020754194,-0.005235562,-0.021374345,0.01491217,-0.0039852313,-0.012883535,-0.00057456124,-0.02630226,-0.0064482605,-0.012724188,0.0008842954,0.0072120526,-0.021422716,0.0237982,-0.02495429",""
"/axon-messaging-4.9.0.jar","axon-messaging-4.9.0","embeddingsNode2Vec","-0.026813217,-0.022648955,0.019414954,-0.0010278932,-0.007529898,-0.0034617453,0.004569362,0.029618219,0.003045732,0.029442675,0.018051336,0.024346223,0.01609897,-0.01967095,-0.023889955,0.004048643",""
