"codeUnitName","shortCodeUnitName","propertyName","propertyValue","Source Cypher File: Dependencies_Projection/Dependencies_8_Stream_Mutated.cypher"
"/axon-configuration-4.9.0.jar","axon-configuration-4.9.0","embeddingsNode2Vec","0.008124379,0.02639752,0.015693532,0.02582368,0.005547612,-0.029332748,0.015492897,0.0046188533,0.01354953,0.01941721,-0.0050278436,0.030659596,-0.011853827,-0.021408334,0.011416767,0.004988631",""
"/axon-modelling-4.9.0.jar","axon-modelling-4.9.0","embeddingsNode2Vec","-0.016040409,-0.028007561,0.026540728,0.008859695,0.016039014,0.012043035,0.009462849,0.0015973891,-0.029005192,-0.009851224,0.0047951946,-0.02541754,0.011458596,-0.0077765547,-0.019805813,0.0038827013",""
"/axon-disruptor-4.9.0.jar","axon-disruptor-4.9.0","embeddingsNode2Vec","-0.0054080007,0.013197883,-0.021252235,0.011501999,-0.007010109,-0.004559895,-0.02999058,0.022910131,-0.024827896,0.014934122,0.020385873,-0.006422201,0.013124832,-0.021136027,0.00032102756,0.018769927",""
"/axon-test-4.9.0.jar","axon-test-4.9.0","embeddingsNode2Vec","-0.024141474,0.008175733,0.006578281,0.017819433,0.01711071,0.0009704509,0.012709136,-0.012019267,0.024662973,-0.013787482,-0.023660418,-0.008266346,-0.022491489,0.004417722,-0.0047164485,0.016604152",""
"/axon-eventsourcing-4.9.0.jar","axon-eventsourcing-4.9.0","embeddingsNode2Vec","0.0023972194,0.007154315,0.007849416,-0.008137602,0.00853779,0.002776841,0.0005751349,-0.004629994,0.014889202,0.000907442,-0.022323098,0.0043572024,-0.015871538,-0.0027196251,0.0044817594,-0.03008916",""
"/axon-messaging-4.9.0.jar","axon-messaging-4.9.0","embeddingsNode2Vec","0.0023667729,0.006071182,0.027862625,0.016776763,-0.017837878,0.009268671,0.014544031,0.02854155,0.008259023,-0.020205783,0.028049497,0.0029917571,-0.00033760906,0.01305464,-0.013392213,0.023157526",""
