"codeUnitName","shortCodeUnitName","propertyName","propertyValue","Source Cypher File: Dependencies_Projection/Dependencies_8_Stream_Mutated.cypher"
"/axon-configuration-4.9.0.jar","axon-configuration-4.9.0","embeddingsFastRandomProjection","-0.05291766,0.116263166,-0.6267723,-0.8984159,0.5817411,0.4021324,-0.5662062,0.3800203,-0.18015352,0.0633455,0.5183956,0,-0.57710767,0.3800203,0.0084313005,-0.33824208",""
"/axon-eventsourcing-4.9.0.jar","axon-eventsourcing-4.9.0","embeddingsFastRandomProjection","-0.038481835,0.11212221,-0.6208455,-0.892886,0.58593225,0.40016973,-0.55941856,0.38059407,-0.17282066,0.07364037,0.5122919,0,-0.5761541,0.38059407,-0.0093732625,-0.3394713",""
"/axon-messaging-4.9.0.jar","axon-messaging-4.9.0","embeddingsFastRandomProjection","-0.037726637,0.093378894,-0.50511205,-0.8526554,0.5999301,0.45089892,-0.45774734,0.3083776,-0.13520537,0.055652253,0.5442778,0,-0.4732624,0.3083776,0.11871886,-0.4090725",""
"/axon-test-4.9.0.jar","axon-test-4.9.0","embeddingsFastRandomProjection","-0.050578594,0.114947595,-0.62375045,-0.89202577,0.578574,0.39925742,-0.5602906,0.3778208,-0.18472968,0.06436898,0.514205,0,-0.5700028,0.3778208,0.010815337,-0.32947534",""
"/axon-modelling-4.9.0.jar","axon-modelling-4.9.0","embeddingsFastRandomProjection","-0.03975065,0.11678457,-0.6440741,-0.94074583,0.62112844,0.42730996,-0.5856306,0.39665133,-0.16285132,0.077033915,0.5440945,0,-0.611861,0.39665133,-0.014162168,-0.38124323",""
"/axon-disruptor-4.9.0.jar","axon-disruptor-4.9.0","embeddingsFastRandomProjection","-0.056679357,0.12023914,-0.64510775,-0.9328221,0.6057862,0.4219873,-0.5833585,0.39059561,-0.18577883,0.06355978,0.54222643,0,-0.5936019,0.39059561,0.019337818,-0.3564477",""
