"codeUnitName","shortCodeUnitName","propertyName","propertyValue","Source Cypher File: Dependencies_Projection/Dependencies_8_Stream_Mutated.cypher"
"/axon-configuration-4.9.0.jar","axon-configuration-4.9.0","embeddingsNode2Vec","-0.0014887828,-0.020547617,-0.022933701,-0.023353742,-0.0222001,0.024442673,0.024966316,-0.0012392817,0.021623515,-0.009711522,0.0063491226,-0.008988174,-0.022558995,0.011215134,-0.0068350215,-0.022711651",""
"/axon-modelling-4.9.0.jar","axon-modelling-4.9.0","embeddingsNode2Vec","0.008136902,0.01780088,0.02457958,-0.021109523,-0.025042484,0.029901534,-0.027307907,0.009073104,-0.010330279,0.006152106,0.028349442,0.025758734,-0.022687074,-0.0036743174,0.029072495,0.019156402",""
"/axon-disruptor-4.9.0.jar","axon-disruptor-4.9.0","embeddingsNode2Vec","-0.021174058,0.025839442,0.0018069171,-0.0178109,-0.0020914082,-0.0079773795,0.026894543,-0.014040207,-0.018753909,-0.020207897,0.010894197,-0.0004853616,0.0085381195,-0.016247753,-0.026332064,-0.023106504",""
"/axon-test-4.9.0.jar","axon-test-4.9.0","embeddingsNode2Vec","-0.010810617,-0.025827901,0.02552397,-0.017832857,-0.01833289,0.02104432,-0.025131764,0.0016374285,-0.011937972,0.024366243,-0.0034741475,0.02031042,0.012293603,0.01578926,-0.0038193567,-0.022903433",""
"/axon-eventsourcing-4.9.0.jar","axon-eventsourcing-4.9.0","embeddingsNode2Vec","-0.006973077,-0.014365333,-0.019936793,0.016537618,0.029614663,-0.018791167,0.0046410505,0.020064902,0.007403037,-0.019896472,-0.013383704,0.014080915,-0.017999817,-0.029034542,-0.000502715,0.029540608",""
"/axon-messaging-4.9.0.jar","axon-messaging-4.9.0","embeddingsNode2Vec","-0.0054938663,-0.0146412905,0.025908142,0.02177131,0.015779367,-0.008454648,-0.015755575,-0.024375774,0.025904143,0.020416528,0.019593801,-0.028695486,-0.009977141,-0.017775932,0.009132362,0.010912294",""
