"codeUnitName","shortCodeUnitName","propertyName","propertyValue","Source Cypher File: Dependencies_Projection/Dependencies_8_Stream_Mutated.cypher"
"/axon-messaging-4.9.0.jar","axon-messaging-4.9.0","embeddingsNode2Vec","0.013150548,0.025413932,0.012802696,0.023287749,0.013379445,0.009906061,-0.015715936,0.027668623,-0.0053150905,0.006274518,-0.006197411,0.008134723,-0.030681435,-0.006780524,0.019261384,0.015497236",""
"/axon-test-4.9.0.jar","axon-test-4.9.0","embeddingsNode2Vec","0.0072650993,0.009699017,0.018962957,-0.027984586,-0.026978608,-0.0052273264,-0.019821156,0.003476673,-0.02277114,-0.0128404405,0.026243912,0.028867234,0.021141015,0.017242674,-0.0107708,0.0062837787",""
"/axon-modelling-4.9.0.jar","axon-modelling-4.9.0","embeddingsNode2Vec","0.028165767,-0.008121962,-0.024171943,-0.006691697,0.014579575,-0.027853595,0.0033719582,-0.007320103,-0.002014737,-0.010408434,-0.030174617,-0.01155695,-0.004265922,-0.013131448,0.011672791,0.0028011685",""
"/axon-eventsourcing-4.9.0.jar","axon-eventsourcing-4.9.0","embeddingsNode2Vec","-0.022201339,0.0057148444,0.0005532831,0.017759964,-0.021997489,-0.0030111878,0.023781817,0.017343046,-0.012045072,0.021674788,0.0007249683,-0.029461522,0.027522663,0.0041470705,-0.002758226,0.016367175",""
"/axon-disruptor-4.9.0.jar","axon-disruptor-4.9.0","embeddingsNode2Vec","-0.0074201953,0.0073954365,-0.021639012,-0.021442017,-0.0029261028,0.0042608585,0.0043235286,-0.003386553,0.029808134,-0.010553948,-0.019014955,-0.010346155,0.012661515,-0.014519302,0.030027673,0.01360879",""
"/axon-configuration-4.9.0.jar","axon-configuration-4.9.0","embeddingsNode2Vec","0.0045481916,-0.011350725,0.022154143,-0.023730926,0.002202246,0.0076476834,0.015623426,-0.013139905,-0.028784193,-0.018015265,0.015543686,-0.0026568144,-0.0017562652,-0.0016187693,0.028272476,-0.029740825",""
