"codeUnitName","shortCodeUnitName","propertyName","propertyValue","Source Cypher File: Dependencies_Projection/Dependencies_8_Stream_Mutated.cypher"
"/axon-configuration-4.9.0.jar","axon-configuration-4.9.0","embeddingsFastRandomProjection","0,0.22936249,0,0.16696918,-0.23149548,0.46085793,0.70910716,-0.7621912,-0.10842652,0.35243148,-0.94765353,-0.40975973,0.24400496,-0.120542385,0.94765353,0",""
"/axon-eventsourcing-4.9.0.jar","axon-eventsourcing-4.9.0","embeddingsFastRandomProjection","0,0.22429422,0,0.16050151,-0.23626885,0.460563,0.70583075,-0.752939,-0.10494231,0.35562074,-0.94805825,-0.3973183,0.25067842,-0.13299605,0.94805825,0",""
"/axon-messaging-4.9.0.jar","axon-messaging-4.9.0","embeddingsFastRandomProjection","0,0.18675634,0,0.12637112,-0.19506846,0.3818248,0.5929354,-0.7833499,-0.08919708,0.2926277,-0.9496065,-0.49072218,0.20343065,-0.113090485,0.9496065,0",""
"/axon-test-4.9.0.jar","axon-test-4.9.0","embeddingsFastRandomProjection","0,0.2305136,0,0.17322484,-0.23066308,0.46117666,0.7039884,-0.7623814,-0.108019784,0.35315686,-0.94231343,-0.4092245,0.2451371,-0.11690286,0.94231343,0",""
"/axon-modelling-4.9.0.jar","axon-modelling-4.9.0","embeddingsFastRandomProjection","0,0.22170764,0,0.14366928,-0.23958606,0.46129364,0.72085214,-0.76393855,-0.10505378,0.35623989,-0.9765091,-0.40769866,0.25118613,-0.14770435,0.9765091,0",""
"/axon-disruptor-4.9.0.jar","axon-disruptor-4.9.0","embeddingsFastRandomProjection","0,0.23103456,0,0.16804647,-0.23216817,0.4632027,0.71346766,-0.7775966,-0.10954708,0.3536556,-0.96320575,-0.42394102,0.24410856,-0.119819716,0.96320575,0",""
