"codeUnitName","shortCodeUnitName","propertyName","propertyValue","Source Cypher File: Dependencies_Projection/Dependencies_8_Stream_Mutated.cypher"
"/axon-configuration-4.9.0.jar","axon-configuration-4.9.0","embeddingsNode2Vec","0.012321318,0.00746765,0.020548126,0.002385423,0.028848289,0.009127824,0.016701158,-0.010348522,0.031212747,-0.006500431,0.022455338,0.01548425,0.028895747,0.025156736,-0.028096939,-0.02759866",""
"/axon-modelling-4.9.0.jar","axon-modelling-4.9.0","embeddingsNode2Vec","0.019969547,0.009120795,-0.029211985,0.0022315106,0.025940552,-0.029034298,-0.00095053145,0.012696428,-0.011447012,0.00447048,-0.0154881105,0.0047879866,0.0051693977,-0.015087245,0.016915493,0.026296811",""
"/axon-disruptor-4.9.0.jar","axon-disruptor-4.9.0","embeddingsNode2Vec","-0.008993219,0.012443417,-0.019926902,-0.014353535,-0.03033731,0.02755444,-0.022117695,-0.028653063,-0.022189222,-0.0302848,-0.0001167189,0.00015450017,-0.0081623765,-0.025778744,-0.0072718305,0.007023185",""
"/axon-test-4.9.0.jar","axon-test-4.9.0","embeddingsNode2Vec","0.0028070472,-0.02856045,-0.011566107,0.02956098,-0.022961818,0.007026869,0.012393809,-0.015921233,0.010241786,0.026805835,-0.026914632,0.023144523,0.028702922,-0.004696461,0.019229405,-0.0017097188",""
"/axon-eventsourcing-4.9.0.jar","axon-eventsourcing-4.9.0","embeddingsNode2Vec","0.0065437667,0.021093166,0.020996308,-0.02904334,-0.009918057,-0.01775702,0.014698435,0.01760355,0.008309393,-0.027354157,0.011409039,-0.012843893,-0.017178312,0.003171035,-0.027341569,0.015726127",""
"/axon-messaging-4.9.0.jar","axon-messaging-4.9.0","embeddingsNode2Vec","0.022366816,0.02056224,-0.0020084595,-0.02479061,-0.027391301,-0.0004970582,-0.004809671,-0.01030569,0.021169987,0.0035156538,0.01780994,0.0120321885,-0.012074493,-0.011944698,0.020733252,0.008797053",""
