"codeUnitName","shortCodeUnitName","propertyName","propertyValue","Source Cypher File: Dependencies_Projection/Dependencies_8_Stream_Mutated.cypher"
"/axon-configuration-4.9.0.jar","axon-configuration-4.9.0","embeddingsNode2Vec","-0.014175805,-0.0066815107,-0.024549387,0.028096324,0.027757531,0.029282922,0.026105981,0.010520738,0.000120897035,0.021780089,-0.020253656,0.0033071123,-0.011864502,-0.024024373,0.0020757697,0.023301683",""
"/axon-modelling-4.9.0.jar","axon-modelling-4.9.0","embeddingsNode2Vec","0.024860809,-0.008566244,-0.021768034,0.00473125,0.027864106,0.030400569,0.012828837,-0.0063928016,-0.020777056,-0.00831207,0.026758779,0.014661101,-0.004932515,0.01528763,0.023812361,0.022869634",""
"/axon-disruptor-4.9.0.jar","axon-disruptor-4.9.0","embeddingsNode2Vec","-0.02740025,0.022309989,-0.02189254,0.012187011,-0.0073992074,-0.009033802,-0.008024955,-0.0040824893,-0.02204914,-0.030878806,0.022527559,0.027216006,0.0062362803,0.002591553,-0.028238934,0.016289447",""
"/axon-test-4.9.0.jar","axon-test-4.9.0","embeddingsNode2Vec","0.00010185974,0.01473012,0.0010002226,0.0051947683,-0.01688775,0.025789445,-0.015801763,-0.001370268,-0.017358743,-0.0005823753,-0.011457283,-0.025854502,-0.029074688,-0.027821304,-0.026507284,-0.0065720547",""
"/axon-eventsourcing-4.9.0.jar","axon-eventsourcing-4.9.0","embeddingsNode2Vec","0.020842891,-0.013997731,0.020362165,-0.0025456292,-0.010876041,0.022768205,0.0045763,0.007021891,-0.026062127,0.0039404347,0.004641806,0.024642885,0.004804977,-0.019369306,-0.0029006626,0.013028635",""
"/axon-messaging-4.9.0.jar","axon-messaging-4.9.0","embeddingsNode2Vec","-0.013310215,0.023297371,-0.0056281444,0.01721468,0.028099857,0.029858623,0.0030383808,-0.010839606,0.014765307,0.010047331,0.017035415,-0.03020501,-0.030607495,0.0011349573,-0.0027754132,0.011389329",""
