"codeUnitName","shortCodeUnitName","propertyName","propertyValue","Source Cypher File: Dependencies_Projection/Dependencies_8_Stream_Mutated.cypher"
"/axon-eventsourcing-4.9.0.jar","axon-eventsourcing-4.9.0","embeddingsFastRandomProjection","0.37531677,-0.4179529,0.2645893,0.31075305,-0.077632666,0.1645765,0.47467068,0.2645893,0.2645893,-1.1145767,-0.92762,0.2645893,-0.21008134,0,-0.6392472,0.28647113",""
"/axon-configuration-4.9.0.jar","axon-configuration-4.9.0","embeddingsFastRandomProjection","0.38526383,-0.4042362,0.26037332,0.30890393,-0.080418766,0.16836663,0.47316724,0.26037332,0.26037332,-1.1188045,-0.9388498,0.26037332,-0.21279392,0,-0.64153385,0.2803413",""
"/axon-disruptor-4.9.0.jar","axon-disruptor-4.9.0","embeddingsFastRandomProjection","0.3885765,-0.4050622,0.26117492,0.3104437,-0.08132903,0.16965386,0.48466796,0.26117492,0.26117492,-1.1344194,-0.9545735,0.26117492,-0.22349304,0,-0.6543218,0.28148088",""
"/axon-modelling-4.9.0.jar","axon-modelling-4.9.0","embeddingsFastRandomProjection","0.37445402,-0.43527463,0.2659154,0.3145705,-0.07801259,0.16289948,0.4945504,0.2659154,0.2659154,-1.1349199,-0.94701695,0.2659154,-0.22863494,0,-0.65744984,0.30290115",""
"/axon-messaging-4.9.0.jar","axon-messaging-4.9.0","embeddingsFastRandomProjection","0.31598362,-0.35314715,0.21934131,0.25950602,-0.066706635,0.13790944,0.5358377,0.21934131,0.21934131,-1.0711626,-0.91852784,0.21934131,-0.31649637,0,-0.6737471,0.2451733",""
"/axon-test-4.9.0.jar","axon-test-4.9.0","embeddingsFastRandomProjection","0.3849724,-0.39997765,0.26075307,0.30758357,-0.07991671,0.16907094,0.470265,0.26075307,0.26075307,-1.1159904,-0.9351541,0.26075307,-0.20951195,0,-0.63933593,0.2752093",""
