"codeUnitName","shortCodeUnitName","propertyName","propertyValue","Source Cypher File: Dependencies_Projection/Dependencies_8_Stream_Mutated.cypher"
"/axon-configuration-4.9.0.jar","axon-configuration-4.9.0","embeddingsNode2Vec","-0.030695563,-0.008308468,-0.019650128,0.026702922,-0.0111345,-0.0112199895,0.016278304,-0.005050768,0.0043378263,-0.0004380403,-0.011298347,0.002498138,0.016674541,-0.020399807,-0.029269684,-0.0043728286",""
"/axon-modelling-4.9.0.jar","axon-modelling-4.9.0","embeddingsNode2Vec","-0.023052933,0.003941201,0.02873335,0.012941511,0.009095929,-0.0073259366,-0.02771616,0.015183173,0.028428841,0.01027243,0.020896975,0.0054656817,0.0021641552,-0.030440945,-0.011180546,-0.025099292",""
"/axon-disruptor-4.9.0.jar","axon-disruptor-4.9.0","embeddingsNode2Vec","0.010848226,0.005989713,-0.028814843,0.0058438107,0.011337408,0.0031114821,-0.024103047,-0.030950734,-0.008613729,-0.00755426,-0.02275186,-0.012315172,0.01479489,-0.0043172603,0.027146084,-0.0064470954",""
"/axon-test-4.9.0.jar","axon-test-4.9.0","embeddingsNode2Vec","-0.006787876,-0.013451292,0.01287226,-0.008269229,0.00037809272,0.0156317,-0.0057197306,-0.014922371,0.020225288,0.014770345,-0.0014976092,-0.004765219,-0.014649862,-0.023520803,-0.013426241,-0.007713465",""
"/axon-eventsourcing-4.9.0.jar","axon-eventsourcing-4.9.0","embeddingsNode2Vec","0.020652005,-0.009519177,0.011143343,-0.005423528,-0.02476345,0.023322323,-0.024786953,0.011832677,-0.0003217684,-0.02131401,-0.0016228158,0.0289234,0.0054234085,0.014844079,0.00012577164,0.02689364",""
"/axon-messaging-4.9.0.jar","axon-messaging-4.9.0","embeddingsNode2Vec","-0.02573433,-0.02981148,0.0057769036,0.0064589186,-0.012575086,0.02122493,-0.024665155,-0.027376784,0.029847048,0.008441935,-0.02689065,-0.016446974,-0.015336548,-0.0045990036,0.0031550652,-0.028344037",""
