"codeUnitName","shortCodeUnitName","propertyName","propertyValue","Source Cypher File: Dependencies_Projection/Dependencies_8_Stream_Mutated.cypher"
"/axon-configuration-4.9.0.jar","axon-configuration-4.9.0","embeddingsFastRandomProjection","0.11936103,0.7691014,-0.44055355,-0.30674896,0.4501935,0,0.31890792,-0.4382689,-0.4501935,0,0.12900096,0,0.4501935,0.4501935,-0.8223984,0.8223984",""
"/axon-eventsourcing-4.9.0.jar","axon-eventsourcing-4.9.0","embeddingsFastRandomProjection","0.11404924,0.76469266,-0.42979175,-0.3163798,0.45769417,0,0.3069985,-0.42104772,-0.45769417,0,0.14195164,0,0.45769417,0.45769417,-0.8147352,0.8147352",""
"/axon-messaging-4.9.0.jar","axon-messaging-4.9.0","embeddingsFastRandomProjection","0.09858227,0.65061235,-0.37449646,-0.25872812,0.38995397,0,0.26065838,-0.3592406,-0.38995397,0,0.114039764,0,0.38995397,0.38995397,-0.89232683,0.89232683",""
"/axon-test-4.9.0.jar","axon-test-4.9.0","embeddingsFastRandomProjection","0.119314864,0.7649152,-0.43581316,-0.31248987,0.44550157,0,0.3194136,-0.43872842,-0.44550157,0,0.12900321,0,0.44550157,0.44550157,-0.8206458,0.8206458",""
"/axon-modelling-4.9.0.jar","axon-modelling-4.9.0","embeddingsFastRandomProjection","0.11407891,0.78672636,-0.44757923,-0.31238407,0.4800369,0,0.3066895,-0.42076835,-0.4800369,0,0.14653656,0,0.4800369,0.4800369,-0.84293884,0.84293884",""
"/axon-disruptor-4.9.0.jar","axon-disruptor-4.9.0","embeddingsFastRandomProjection","0.12216599,0.78259075,-0.4496838,-0.3099454,0.45690325,0,0.32568744,-0.4478534,-0.45690325,0,0.12938546,0,0.45690325,0.45690325,-0.8510107,0.8510107",""
