"codeUnitName","shortCodeUnitName","propertyName","propertyValue","Source Cypher File: Dependencies_Projection/Dependencies_8_Stream_Mutated.cypher"
"/axon-configuration-4.9.0.jar","axon-configuration-4.9.0","embeddingsFastRandomProjection","-0.4015937,0.0991272,0.47934878,-0.5266484,-0.55612254,0.024199009,0.5266484,0,-0.13649616,0.15452884,0.55612254,0.4498611,-0.13649616,0.4498611,-0.8229485,0.26509756",""
"/axon-modelling-4.9.0.jar","axon-modelling-4.9.0","embeddingsFastRandomProjection","-0.43711242,0.13772678,0.5013965,-0.5747381,-0.59476924,0.031809762,0.5747381,0,-0.13967724,0.15765679,0.59476924,0.4768331,-0.13967724,0.4768331,-0.8602934,0.2974352",""
"/axon-disruptor-4.9.0.jar","axon-disruptor-4.9.0","embeddingsFastRandomProjection","-0.42691228,0.101750255,0.5098214,-0.54912305,-0.5881678,0.033056945,0.54912305,0,-0.14305867,0.16125546,0.5881678,0.4688856,-0.14305867,0.4688856,-0.8594248,0.28385362",""
"/axon-test-4.9.0.jar","axon-test-4.9.0","embeddingsFastRandomProjection","-0.39671585,0.09316066,0.47399613,-0.5183845,-0.5517538,0.024862379,0.5183845,0,-0.13509297,0.15503797,0.5517538,0.44739,-0.13509297,0.44739,-0.81702226,0.26162288",""
"/axon-eventsourcing-4.9.0.jar","axon-eventsourcing-4.9.0","embeddingsFastRandomProjection","-0.40048558,0.11238001,0.46452314,-0.5285225,-0.55243856,0.023124635,0.5285225,0,-0.13209477,0.15195297,0.55243856,0.4506385,-0.13209477,0.4506385,-0.8133616,0.26839083",""
"/axon-messaging-4.9.0.jar","axon-messaging-4.9.0","embeddingsFastRandomProjection","-0.44331858,0.09194827,0.49822754,-0.42961785,-0.5645645,0.139016,0.42961785,0,-0.10821181,0.12124595,0.5645645,0.36067164,-0.10821181,0.36067164,-0.6550062,0.3351068",""
