"codeUnitName","shortCodeUnitName","propertyName","propertyValue","Source Cypher File: Dependencies_Projection/Dependencies_8_Stream_Mutated.cypher"
"/axon-configuration-4.9.0.jar","axon-configuration-4.9.0","embeddingsNode2Vec","-0.019722901,0.025511883,-0.014382673,-0.030867513,-0.025822755,-0.019499397,0.028365562,0.029583167,0.012962269,-0.026019802,-0.028193694,-0.0010084639,-0.011449844,-0.018368507,-0.024016198,0.02126163",""
"/axon-modelling-4.9.0.jar","axon-modelling-4.9.0","embeddingsNode2Vec","-0.016318588,-0.0031691971,0.016197558,0.029495401,0.009997787,0.008418468,-0.01960842,-0.015616694,0.00488977,-0.024962287,-0.025947405,-0.02954006,0.013022535,0.022642748,-0.011858781,0.011729805",""
"/axon-disruptor-4.9.0.jar","axon-disruptor-4.9.0","embeddingsNode2Vec","0.017560177,-0.021234587,-0.023776278,0.030467708,-0.020208078,-0.00041941737,0.0036335988,-0.010494638,-0.015149701,0.018669263,0.02345885,0.007334309,1.7116354e-05,-0.017922193,-0.018725317,-0.01810574",""
"/axon-test-4.9.0.jar","axon-test-4.9.0","embeddingsNode2Vec","-7.592547e-05,0.021824408,0.017910825,0.016354669,-0.031167394,0.0121008,0.022016915,0.0055337255,0.013689317,-0.021506133,-0.017786898,0.014884262,-0.029427635,0.025374265,0.0032023562,-0.01937211",""
"/axon-eventsourcing-4.9.0.jar","axon-eventsourcing-4.9.0","embeddingsNode2Vec","-0.029582001,0.014003955,-0.029758224,0.01783798,-0.009367579,-0.012433304,0.0099809775,0.0083096875,0.026373707,0.0132658295,0.029425334,-0.005922303,-0.026588054,-0.022481427,-0.025340388,-0.022304744",""
"/axon-messaging-4.9.0.jar","axon-messaging-4.9.0","embeddingsNode2Vec","-0.031084942,-0.012693164,-0.01048115,0.02648048,-0.012906127,-0.0076676803,-0.02919955,-0.010314131,0.012697286,-0.013843071,0.02629516,0.023793131,-0.024756283,-0.0008593685,0.0009599568,0.030372841",""
