"codeUnitName","shortCodeUnitName","propertyName","propertyValue","Source Cypher File: Dependencies_Projection/Dependencies_8_Stream_Mutated.cypher"
"/axon-configuration-4.9.0.jar","axon-configuration-4.9.0","embeddingsFastRandomProjection","-0.31552452,-0.3246032,0.31552452,0.1523371,0.31552452,0.08341774,0,-0.2747752,-0.6401278,-0.49916035,0.1523371,0.02222003,-0.09113939,-0.22438513,0,0.99858695",""
"/axon-modelling-4.9.0.jar","axon-modelling-4.9.0","embeddingsFastRandomProjection","-0.35462132,-0.34574565,0.35462132,0.16250117,0.35462132,0.10595984,0,-0.29681483,-0.700367,-0.5515708,0.16250117,0.043323975,-0.0998653,-0.254756,0,1.1087916",""
"/axon-disruptor-4.9.0.jar","axon-disruptor-4.9.0","embeddingsFastRandomProjection","-0.34434056,-0.3493846,0.34434056,0.16432774,0.34434056,0.08756523,0,-0.28976637,-0.69372517,-0.53552836,0.16432774,0.021816019,-0.09857853,-0.24576199,0,1.0734092",""
"/axon-test-4.9.0.jar","axon-test-4.9.0","embeddingsFastRandomProjection","-0.31082684,-0.3227206,0.31082684,0.15031673,0.31082684,0.084333785,0,-0.27210742,-0.6335474,-0.49499434,0.15031673,0.021957003,-0.08793995,-0.22288689,0,0.9824228",""
"/axon-eventsourcing-4.9.0.jar","axon-eventsourcing-4.9.0","embeddingsFastRandomProjection","-0.31315592,-0.31730643,0.31315592,0.14759439,0.31315592,0.09579981,0,-0.27481344,-0.6304624,-0.5005378,0.14759439,0.03563696,-0.087431535,-0.22572435,0,0.98988307",""
"/axon-messaging-4.9.0.jar","axon-messaging-4.9.0","embeddingsFastRandomProjection","-0.35264316,-0.25235736,0.35264316,0.11885385,0.35264316,0.07083302,0,-0.112423986,-0.60500056,-0.3941288,0.11885385,0.022917526,-0.07093836,-0.28170478,0,0.790204",""
