"codeUnitName","shortCodeUnitName","propertyName","propertyValue","Source Cypher File: Dependencies_Projection/Dependencies_8_Stream_Mutated.cypher"
"/axon-configuration-4.9.0.jar","axon-configuration-4.9.0","embeddingsNode2Vec","-0.02887165,-0.0035503777,0.027718456,-0.023902373,-0.021181319,0.00741112,-0.011175757,0.0026118504,-0.023800885,-0.0034013784,-0.019493777,0.008381723,0.009051847,-0.029702237,-0.00803003,-0.0032588965",""
"/axon-eventsourcing-4.9.0.jar","axon-eventsourcing-4.9.0","embeddingsNode2Vec","-0.02452845,0.010707342,-0.021875976,0.023686541,-0.0033086399,0.01821648,-0.009807089,-0.007891351,0.009637519,-0.0053742887,-0.0026946117,-0.0082181385,0.00028815214,0.0011936121,-0.014764276,-0.009044773",""
"/axon-messaging-4.9.0.jar","axon-messaging-4.9.0","embeddingsNode2Vec","-0.004363931,-0.014423355,-0.01925715,-0.026584612,0.022947436,0.016099999,-0.021223657,-0.0068913535,-0.024159055,-0.023594782,0.030327192,0.01426918,0.0006745225,0.012375677,0.0019776453,-0.010808445",""
"/axon-test-4.9.0.jar","axon-test-4.9.0","embeddingsNode2Vec","-0.013477139,-0.017616421,-0.026292242,0.011519879,-0.0047597587,-0.008891515,-0.030445104,-0.009226953,0.016736267,0.019004218,0.01312293,0.025332287,0.022888413,-0.018681614,0.013497997,0.020082176",""
"/axon-modelling-4.9.0.jar","axon-modelling-4.9.0","embeddingsNode2Vec","0.013266979,0.008998036,-0.023557216,0.021396976,0.0007900588,-0.015438386,0.011011801,-0.005286288,-0.019781748,-0.023377098,-0.02108083,0.0007267441,0.023346558,0.027489908,0.02547159,-0.022156963",""
"/axon-disruptor-4.9.0.jar","axon-disruptor-4.9.0","embeddingsNode2Vec","0.024169862,-0.0031370006,0.022480879,0.019842444,-0.0031257381,0.026537145,-0.030396791,0.008410827,0.02482394,0.018121874,0.005755246,0.020527694,-0.0021821177,0.018579884,0.01880283,0.018640628",""
