"codeUnitName","shortCodeUnitName","propertyName","propertyValue","Source Cypher File: Dependencies_Projection/Dependencies_8_Stream_Mutated.cypher"
"/axon-eventsourcing-4.9.0.jar","axon-eventsourcing-4.9.0","embeddingsNode2Vec","-0.007334963,-0.018875072,0.0041348333,-0.011409335,0.028967118,-0.010999445,0.0018945084,0.011267381,-0.029593188,-0.015358274,0.031348478,0.013904634,-0.004176184,-0.007492438,0.022092814,0.029863937",""
"/axon-configuration-4.9.0.jar","axon-configuration-4.9.0","embeddingsNode2Vec","0.009254823,0.019531334,0.017578166,0.014036617,-0.013562258,-0.023118803,0.008633709,-0.022681357,0.023521729,0.020691678,0.009759049,0.01497314,0.0048407773,-0.0015965665,-0.016099697,0.015015735",""
"/axon-disruptor-4.9.0.jar","axon-disruptor-4.9.0","embeddingsNode2Vec","0.018196383,0.010887259,-0.015850967,-0.030285351,0.013614131,-0.026257146,0.013662689,0.02470667,-0.0010669986,0.029324193,0.019759094,-0.027062224,-0.022772651,-0.018697355,-0.001806912,-0.005921635",""
"/axon-modelling-4.9.0.jar","axon-modelling-4.9.0","embeddingsNode2Vec","0.028722191,0.026920697,-0.025797991,-0.010689877,0.0138658965,-0.029364498,-0.024423186,-0.0030964352,0.0074764695,0.018951086,-0.02863366,-0.027516805,0.026219953,0.0124572,-0.011018749,-0.029182428",""
"/axon-messaging-4.9.0.jar","axon-messaging-4.9.0","embeddingsNode2Vec","-0.023145402,0.00562614,-0.011090954,-0.008047573,-0.009183227,0.016532574,-0.0013766168,0.018216306,0.011653766,-0.018763568,-0.013042981,-0.0085214665,0.027886188,-0.00090227,0.009108091,-0.014295203",""
"/axon-test-4.9.0.jar","axon-test-4.9.0","embeddingsNode2Vec","-0.010517735,-0.021351006,0.027819544,-0.0031210547,0.025794225,0.006692803,-0.0105085075,-0.008656921,-0.026197238,0.022916468,0.0010395357,0.019106425,0.017030478,0.007800503,-0.01439127,-0.01715572",""
