"codeUnitName","shortCodeUnitName","propertyName","propertyValue","Source Cypher File: Dependencies_Projection/Dependencies_8_Stream_Mutated.cypher"
"/axon-configuration-4.9.0.jar","axon-configuration-4.9.0","embeddingsFastRandomProjection","0.10608138,-0.345697,0.8232616,0.345697,-0.33561873,0.11915402,-0.88246447,-0.43068606,0,0.28874016,0.17966443,-0.345697,0.47756463,-0.7997213,0.18882445,-0.434988",""
"/axon-modelling-4.9.0.jar","axon-modelling-4.9.0","embeddingsFastRandomProjection","0.10541063,-0.35708737,0.84780365,0.35708737,-0.31890935,0.11797921,-0.92266965,-0.46017158,0,0.28836465,0.20856346,-0.35708737,0.4907163,-0.82572854,0.20235166,-0.45028043",""
"/axon-disruptor-4.9.0.jar","axon-disruptor-4.9.0","embeddingsFastRandomProjection","0.10822623,-0.3505152,0.8447354,0.3505152,-0.3420232,0.120939106,-0.9050742,-0.44633266,0,0.2941357,0.1816886,-0.3505152,0.4942202,-0.81321585,0.20008445,-0.4509643",""
"/axon-test-4.9.0.jar","axon-test-4.9.0","embeddingsFastRandomProjection","0.105409056,-0.3453291,0.8213388,0.3453291,-0.3382346,0.12021566,-0.8757421,-0.42500386,0,0.28722876,0.17410758,-0.3453291,0.47600973,-0.79237014,0.1887809,-0.43220472",""
"/axon-eventsourcing-4.9.0.jar","axon-eventsourcing-4.9.0","embeddingsFastRandomProjection","0.10336082,-0.34983277,0.8221004,0.34983277,-0.32567888,0.11824462,-0.8826214,-0.4294278,0,0.2828391,0.18874837,-0.34983277,0.47226757,-0.7965537,0.18942848,-0.4301404",""
"/axon-messaging-4.9.0.jar","axon-messaging-4.9.0","embeddingsFastRandomProjection","0.086523585,-0.28433496,0.80191827,0.28433496,-0.26462412,0.095678926,-0.85759974,-0.48674113,0,0.23378193,0.15781385,-0.28433496,0.5175833,-0.6603219,0.28380138,-0.48263913",""
