"codeUnitName","shortCodeUnitName","propertyName","propertyValue","Source Cypher File: Dependencies_Projection/Dependencies_8_Stream_Mutated.cypher"
"/axon-configuration-4.9.0.jar","axon-configuration-4.9.0","embeddingsNode2Vec","-0.016823685,-6.368115e-05,-0.022466347,0.016620884,0.024928266,-0.025481813,0.0029590428,0.009849005,-0.025335167,-0.016896851,-0.014413807,-0.022943348,0.021120595,0.014011131,0.024975643,-0.019910095",""
"/axon-eventsourcing-4.9.0.jar","axon-eventsourcing-4.9.0","embeddingsNode2Vec","0.030430915,0.018279238,-0.013091681,0.00040931712,0.008972942,0.029052055,0.019706631,-0.023821793,0.00092303194,-0.008364436,-0.0049155164,0.025161602,-0.006039666,-0.02680651,-0.01935118,0.029890101",""
"/axon-messaging-4.9.0.jar","axon-messaging-4.9.0","embeddingsNode2Vec","0.030154118,-0.016556805,0.012739438,-0.010906211,0.00067648775,0.0110155465,-0.00040650603,0.010665353,-0.00617306,0.021562986,0.0065630795,3.604609e-06,-0.022503437,0.005392863,0.028150016,-0.012728387",""
"/axon-test-4.9.0.jar","axon-test-4.9.0","embeddingsNode2Vec","-0.0035893815,0.028215902,0.004796137,0.02521893,0.015863322,0.027792176,-0.023942966,-0.0066657914,0.029942019,-0.019977635,-0.01469326,0.0014467994,0.0304265,0.00094954675,0.0023601023,-0.023141423",""
"/axon-modelling-4.9.0.jar","axon-modelling-4.9.0","embeddingsNode2Vec","0.0001340661,0.02053291,0.0036918055,-0.013790795,-0.017191483,-0.028991884,-0.00787886,-0.016638141,0.02957536,-0.0040750494,-0.010357018,0.006578281,0.029589081,0.007898734,-0.013354862,-0.029222911",""
"/axon-disruptor-4.9.0.jar","axon-disruptor-4.9.0","embeddingsNode2Vec","0.010968031,-0.0072365375,-0.014770357,-0.021278577,0.0017854908,0.0028829197,0.026007555,-0.019129077,0.005724765,0.03008613,-0.019762158,-0.028823383,0.011980706,-0.030263098,-0.023989525,-0.015445998",""
