"codeUnitName","shortCodeUnitName","propertyName","propertyValue","Source Cypher File: Dependencies_Projection/Dependencies_8_Stream_Mutated.cypher"
"/axon-configuration-4.9.0.jar","axon-configuration-4.9.0","embeddingsFastRandomProjection","0.63206184,0.344156,0.45792907,0.2366233,0.63206184,0.2236822,0.10734028,0.30103937,0.8018927,0,0,0.39524612,-0.10734028,0,1.0271379,-0.34158713",""
"/axon-modelling-4.9.0.jar","axon-modelling-4.9.0","embeddingsFastRandomProjection","0.65693724,0.3748178,0.4642362,0.2558348,0.65693724,0.21712211,0.104547694,0.33526748,0.8246187,0,0,0.3866672,-0.104547694,0,1.063706,-0.35166174",""
"/axon-disruptor-4.9.0.jar","axon-disruptor-4.9.0","embeddingsFastRandomProjection","0.6439871,0.3493579,0.46554434,0.25363573,0.6439871,0.22848085,0.11007412,0.30543214,0.82925415,0,0,0.40470335,-0.11007412,0,1.057985,-0.34713754",""
"/axon-test-4.9.0.jar","axon-test-4.9.0","embeddingsFastRandomProjection","0.62635696,0.34025106,0.45981708,0.23211731,0.62635696,0.22453168,0.10647338,0.29535198,0.7984077,0,0,0.39257935,-0.10647338,0,1.0221082,-0.34175873",""
"/axon-eventsourcing-4.9.0.jar","axon-eventsourcing-4.9.0","embeddingsFastRandomProjection","0.6306758,0.35328075,0.45977026,0.23025608,0.6306758,0.2169832,0.1026884,0.31100422,0.7927147,0,0,0.38008344,-0.1026884,0,1.0238954,-0.34547544",""
"/axon-messaging-4.9.0.jar","axon-messaging-4.9.0","embeddingsFastRandomProjection","0.53310865,0.29868782,0.378625,0.36821064,0.53310865,0.18179257,0.08824865,0.26306745,0.8350843,0,0,0.32266948,-0.08824865,0,1.0266213,-0.28508103",""
