"codeUnitName","shortCodeUnitName","propertyName","propertyValue","Source Cypher File: Dependencies_Projection/Dependencies_8_Stream_Mutated.cypher"
"/axon-eventsourcing-4.9.0.jar","axon-eventsourcing-4.9.0","embeddingsNode2Vec","-0.03023612,0.009257992,0.023543214,0.017517172,-0.028473334,-0.02906353,0.021347038,0.024749627,0.017237844,0.030639112,-0.020382224,0.012102104,0.023213971,0.0141261,-0.0119755985,0.018709017",""
"/axon-configuration-4.9.0.jar","axon-configuration-4.9.0","embeddingsNode2Vec","-0.014368802,0.01771278,0.023994682,-0.0068302746,0.001794245,0.006810737,-0.012613199,-0.013144228,-0.0155592505,-0.013564295,-0.022044057,0.005439179,-0.029543685,0.011108123,-0.0060711345,-0.0073938323",""
"/axon-disruptor-4.9.0.jar","axon-disruptor-4.9.0","embeddingsNode2Vec","-0.027956948,0.024484368,-0.017132947,0.004777446,0.011942389,-0.012282938,-0.010904661,-0.027256368,0.002469622,0.009558312,-0.023622498,0.009057663,0.027871486,0.03024886,-0.01860365,0.0054993457",""
"/axon-modelling-4.9.0.jar","axon-modelling-4.9.0","embeddingsNode2Vec","-0.017584177,0.030304037,0.004699283,0.027653486,-0.0076355333,-0.011050075,0.014677325,0.015644938,-0.028447345,-0.017992074,-0.020283666,0.008274672,-0.020927457,-0.006447254,-0.0006557462,0.018546574",""
"/axon-messaging-4.9.0.jar","axon-messaging-4.9.0","embeddingsNode2Vec","0.014937815,-0.008586067,-0.007718668,0.012791678,0.02600428,0.017540796,-0.0010509319,-0.01846814,-0.019951385,0.026353955,0.028576188,-0.0012714727,0.016509298,0.023190983,0.01936909,0.022878056",""
"/axon-test-4.9.0.jar","axon-test-4.9.0","embeddingsNode2Vec","0.013494536,0.024247153,-0.02568761,0.020149702,0.02122184,-0.014214556,0.02809452,-0.016900891,-0.030823072,0.020737717,-0.013513721,-0.030442601,-0.0150987385,0.017402416,-0.020553898,-0.01718266",""
