"codeUnitName","shortCodeUnitName","propertyName","propertyValue","Source Cypher File: Dependencies_Projection/Dependencies_8_Stream_Mutated.cypher"
"/axon-configuration-4.9.0.jar","axon-configuration-4.9.0","embeddingsNode2Vec","0.013704144,-0.0022022256,0.004984161,-0.017258577,0.02876198,-0.022899773,0.030104585,-0.017471986,-0.015563608,-0.028605826,-0.019406352,-0.014762117,0.013041128,0.007871448,0.0038381533,-0.020280544",""
"/axon-eventsourcing-4.9.0.jar","axon-eventsourcing-4.9.0","embeddingsNode2Vec","0.0054162075,-0.022893628,-0.010647561,0.031024866,-0.028970934,-0.031136697,-0.026367089,0.009753092,-0.024346039,-0.0068087103,-0.029159818,-0.016763555,-0.018459864,0.00075526745,-0.026014963,-0.0073300796",""
"/axon-messaging-4.9.0.jar","axon-messaging-4.9.0","embeddingsNode2Vec","0.020552948,0.010568801,0.00091865996,0.017714413,-0.012141072,-0.007725035,-0.0036323369,0.002309802,-0.009470347,0.019680053,0.028401379,0.024673201,-0.00044369398,0.0009868387,-0.006492618,-0.00789379",""
"/axon-test-4.9.0.jar","axon-test-4.9.0","embeddingsNode2Vec","0.02730876,-0.01027558,0.0073313084,-0.016137663,0.019929131,0.019581137,0.026975924,-0.020668399,-0.012882566,-0.024938479,0.02383934,0.0155675635,0.023515627,-0.008162142,0.020535788,-0.008905105",""
"/axon-modelling-4.9.0.jar","axon-modelling-4.9.0","embeddingsNode2Vec","-0.008613939,0.025474496,0.019030092,-0.0007454513,-0.02787935,-0.009074338,0.011902069,-0.0023279164,-0.007966713,-0.0031292227,0.013700399,-0.014597218,-0.021802574,0.011704116,-0.020041982,0.009884193",""
"/axon-disruptor-4.9.0.jar","axon-disruptor-4.9.0","embeddingsNode2Vec","-0.014001885,-0.008181602,0.015025053,-0.0068030455,0.028736303,-0.018755225,0.003176022,-0.02556612,0.008949497,-0.028774627,0.019883359,0.007441013,-0.011667182,0.005675933,-0.0027669752,-0.018190693",""
