"codeUnitName","shortCodeUnitName","propertyName","propertyValue","Source Cypher File: Dependencies_Projection/Dependencies_8_Stream_Mutated.cypher"
"/axon-configuration-4.9.0.jar","axon-configuration-4.9.0","embeddingsNode2Vec","0.0055128783,-0.005554917,-0.020092389,-0.017364517,0.011701773,-0.030633688,-0.01657395,-0.01850615,-0.019494068,-0.007900259,0.010702155,0.029890524,-0.0019207384,-0.002085017,-0.002375652,0.022994181",""
"/axon-modelling-4.9.0.jar","axon-modelling-4.9.0","embeddingsNode2Vec","0.013334671,-0.01989404,0.012696248,0.029313996,-0.020989046,0.0024627924,-0.030099664,0.02918008,-0.0064278445,0.011144288,-0.014043249,-0.029383713,0.0011581106,0.021382859,0.0022588172,0.0151696615",""
"/axon-disruptor-4.9.0.jar","axon-disruptor-4.9.0","embeddingsNode2Vec","0.018289201,-0.0026107067,0.010536134,-0.011537679,0.029105978,0.004321988,-6.358422e-06,0.029918881,0.008168759,0.0063504567,0.012297652,0.011060928,-0.012498907,0.010851105,0.010897084,0.02568305",""
"/axon-test-4.9.0.jar","axon-test-4.9.0","embeddingsNode2Vec","0.030085942,-0.016988391,-0.028005557,-0.02804025,0.026994526,0.016963111,0.0042173425,0.015214818,-0.010713643,-0.007402806,-0.020096514,-0.02857753,0.0069704633,-0.0015397716,-0.011727565,0.0041016713",""
"/axon-eventsourcing-4.9.0.jar","axon-eventsourcing-4.9.0","embeddingsNode2Vec","-0.01122785,-0.012732133,-0.013963488,-0.0002649847,0.013506347,-0.025528038,-0.0041080955,0.0227795,-0.019246753,0.008311632,-0.028592452,-0.015855802,0.011549494,-0.0097589055,0.008803897,-0.006162216",""
"/axon-messaging-4.9.0.jar","axon-messaging-4.9.0","embeddingsNode2Vec","0.0091969175,-0.004848506,-0.027393335,-0.01060939,0.021808466,0.026620494,0.029949274,0.023046961,-0.012174495,-0.011393747,0.0017847006,-0.019856509,0.019499274,0.027108654,-0.007232298,0.022490634",""
