"codeUnitName","shortCodeUnitName","propertyName","propertyValue","Source Cypher File: Dependencies_Projection/Dependencies_8_Stream_Mutated.cypher"
"/axon-configuration-4.9.0.jar","axon-configuration-4.9.0","embeddingsFastRandomProjection","-0.9861586,0.09514221,-0.3295017,0.044610415,0,0.66665757,0.23329782,0.7443245,-0.47513202,-0.36429095,-0.23329782,0.23329782,-0.7530403,-0.526905,0.24311894,-0.3295017",""
"/axon-modelling-4.9.0.jar","axon-modelling-4.9.0","embeddingsFastRandomProjection","-1.0063643,0.09147233,-0.34711626,0.054847486,0,0.6823633,0.22667828,0.74873614,-0.48430666,-0.3649949,-0.22667828,0.22667828,-0.7658324,-0.53604347,0.26364708,-0.34711626",""
"/axon-disruptor-4.9.0.jar","axon-disruptor-4.9.0","embeddingsFastRandomProjection","-1.0003474,0.09544702,-0.3305753,0.04333731,0,0.6783469,0.23515669,0.7484152,-0.48708898,-0.36573008,-0.23515669,0.23515669,-0.7655829,-0.5395626,0.24333917,-0.3305753",""
"/axon-test-4.9.0.jar","axon-test-4.9.0","embeddingsFastRandomProjection","-0.9826635,0.09670162,-0.32614234,0.046081256,0,0.66661596,0.23297684,0.74195176,-0.47368872,-0.3651889,-0.23297684,0.23297684,-0.7527468,-0.52383316,0.24001151,-0.32614234",""
"/axon-eventsourcing-4.9.0.jar","axon-eventsourcing-4.9.0","embeddingsFastRandomProjection","-0.9838138,0.09431505,-0.33511966,0.05475427,0,0.6692312,0.2274789,0.7406042,-0.47068855,-0.36592373,-0.2274789,0.2274789,-0.75292176,-0.5201619,0.25142908,-0.33511966",""
"/axon-messaging-4.9.0.jar","axon-messaging-4.9.0","embeddingsFastRandomProjection","-0.9662796,0.07716243,-0.2838874,0.041216623,0,0.69473577,0.19156888,0.6242586,-0.5335901,-0.3044253,-0.19156888,0.19156888,-0.76637554,-0.57635677,0.21224758,-0.2838874",""
