"codeUnitName","shortCodeUnitName","propertyName","propertyValue","Source Cypher File: Dependencies_Projection/Dependencies_8_Stream_Mutated.cypher"
"/axon-configuration-4.9.0.jar","axon-configuration-4.9.0","embeddingsNode2Vec","0.014939914,-0.0062702387,-0.020718435,0.024763571,-0.016159873,-0.002706458,0.028374335,-0.016989127,-0.0064934837,-0.0011279659,0.027080148,0.01283574,0.024804486,0.016525242,0.01756769,0.019436974",""
"/axon-eventsourcing-4.9.0.jar","axon-eventsourcing-4.9.0","embeddingsNode2Vec","-0.009215781,0.0017294072,-0.010011171,0.008064536,-0.005719898,-0.024012493,0.022677628,-0.020207694,0.013644846,-0.030710539,-0.025650922,0.019380707,-0.01428585,0.030489506,-0.013664063,0.018676225",""
"/axon-messaging-4.9.0.jar","axon-messaging-4.9.0","embeddingsNode2Vec","0.007589644,-0.02076071,0.008267418,0.022413457,0.017426398,0.011860218,0.0037118387,0.014067848,0.029478047,-0.009535739,0.012701214,-0.028655555,0.030431587,-0.0025852353,0.011432992,0.027575519",""
"/axon-test-4.9.0.jar","axon-test-4.9.0","embeddingsNode2Vec","0.0017534548,0.016747115,-0.0045546363,-0.009569047,-0.003484737,0.023154303,-0.009142284,0.0045753247,0.0227871,0.026833244,-0.012505947,-0.025559297,-0.00961216,-0.026321208,0.022461472,0.0010591408",""
"/axon-modelling-4.9.0.jar","axon-modelling-4.9.0","embeddingsNode2Vec","-0.0013955488,0.02684844,-0.015398275,-0.016787589,-0.015180299,0.010081872,0.022313673,-0.0049681813,-0.008078784,0.026863355,-0.014237133,0.0066708964,-0.030645289,-0.026422586,-0.008602558,-0.018966971",""
"/axon-disruptor-4.9.0.jar","axon-disruptor-4.9.0","embeddingsNode2Vec","-0.0299496,0.006624753,0.016904822,0.022474691,-0.010544131,-0.0034301027,-0.013331026,-0.028614016,-0.016627552,0.011120184,0.006003849,0.0045795985,-0.029242244,0.008078352,-0.0048895953,-0.02833929",""
