"codeUnitName","shortCodeUnitName","propertyName","propertyValue","Source Cypher File: Dependencies_Projection/Dependencies_8_Stream_Mutated.cypher"
"/axon-configuration-4.9.0.jar","axon-configuration-4.9.0","embeddingsFastRandomProjection","-0.2881483,0.3736152,-0.3936959,0.23958144,-0.56551576,-0.9029168,0.32964307,-0.43148193,-0.18630941,0.52930164,0.7651744,0,0.2881483,-0.08848971,0.18887776,-0.47702605",""
"/axon-eventsourcing-4.9.0.jar","axon-eventsourcing-4.9.0","embeddingsFastRandomProjection","-0.29155123,0.36260715,-0.39421096,0.23263347,-0.5631617,-0.8922813,0.32353273,-0.43318793,-0.18189597,0.5296742,0.7693031,0,0.29155123,-0.08540982,0.18620071,-0.47775188",""
"/axon-messaging-4.9.0.jar","axon-messaging-4.9.0","embeddingsFastRandomProjection","-0.23698412,0.41050893,-0.21141008,0.1924675,-0.57925403,-0.8495592,0.273686,-0.36121252,-0.14945751,0.43905026,0.7446183,0,0.23698412,-0.071619816,0.27065012,-0.50763416",""
"/axon-test-4.9.0.jar","axon-test-4.9.0","embeddingsFastRandomProjection","-0.28777564,0.37301624,-0.39071324,0.23797695,-0.56083876,-0.89763165,0.32460338,-0.42579943,-0.18657953,0.52461547,0.76085085,0,0.28777564,-0.08776354,0.1852996,-0.4730752",""
"/axon-modelling-4.9.0.jar","axon-modelling-4.9.0","embeddingsFastRandomProjection","-0.3010179,0.376884,-0.4040184,0.23994228,-0.597409,-0.93437403,0.3446349,-0.46046722,-0.18518552,0.55749005,0.8102641,0,0.3010179,-0.08816276,0.20822835,-0.50924623",""
"/axon-disruptor-4.9.0.jar","axon-disruptor-4.9.0","embeddingsFastRandomProjection","-0.29530913,0.39266607,-0.39656186,0.24695942,-0.5888482,-0.93619776,0.33959335,-0.44314146,-0.191761,0.54353166,0.7927865,0,0.29530913,-0.091370836,0.2021682,-0.4974773",""
