"codeUnitName","shortCodeUnitName","propertyName","propertyValue","Source Cypher File: Dependencies_Projection/Dependencies_8_Stream_Mutated.cypher"
"/axon-configuration-4.9.0.jar","axon-configuration-4.9.0","embeddingsFastRandomProjection","0.16333333,-0.18547489,-0.15296336,-0.41640434,-0.35783324,0.23448515,-0.57973766,0,-0.40708947,-0.64186436,0.9375709,-0.09108257,-0.49792606,-0.32556766,-0.35783324,-0.3162967",""
"/axon-modelling-4.9.0.jar","axon-modelling-4.9.0","embeddingsFastRandomProjection","0.204313,-0.19068137,-0.15335897,-0.41950998,-0.38354656,0.25235456,-0.6238229,0,-0.42463592,-0.6833123,1.0073696,-0.07328576,-0.5185056,-0.32564032,-0.38354656,-0.35767195",""
"/axon-disruptor-4.9.0.jar","axon-disruptor-4.9.0","embeddingsFastRandomProjection","0.1683243,-0.204554,-0.16028447,-0.43574134,-0.38286567,0.243153,-0.60406566,0,-0.4231667,-0.6689069,0.98693144,-0.09714517,-0.5186098,-0.34029815,-0.38286567,-0.3286088",""
"/axon-test-4.9.0.jar","axon-test-4.9.0","embeddingsFastRandomProjection","0.15743732,-0.18452318,-0.15176542,-0.413567,-0.35532248,0.2346467,-0.57100433,0,-0.4085301,-0.6348516,0.9263268,-0.09100221,-0.49644822,-0.32564884,-0.35532248,-0.30920276",""
"/axon-eventsourcing-4.9.0.jar","axon-eventsourcing-4.9.0","embeddingsFastRandomProjection","0.17671742,-0.17470713,-0.1466738,-0.40126345,-0.35501042,0.24073648,-0.5779808,0,-0.40908545,-0.6384139,0.93299127,-0.074286275,-0.4953261,-0.31502277,-0.35501042,-0.3233912",""
"/axon-messaging-4.9.0.jar","axon-messaging-4.9.0","embeddingsFastRandomProjection","0.1438612,-0.2903922,-0.12125118,-0.32824272,-0.43239176,0.19157986,-0.47210395,0,-0.3269004,-0.5216841,0.9044957,-0.06499186,-0.39857134,-0.25657174,-0.43239176,-0.2651124",""
