"codeUnitName","shortCodeUnitName","propertyName","propertyValue","Source Cypher File: Dependencies_Projection/Dependencies_8_Stream_Mutated.cypher"
"/axon-configuration-4.9.0.jar","axon-configuration-4.9.0","embeddingsNode2Vec","0.021997519,-0.002181461,-0.00656273,0.017010234,-0.005871302,0.015624058,0.014151269,0.023885556,0.0189255,0.0103956815,-0.02433381,-0.00587704,-0.015765298,-0.012707698,0.026861545,-0.0087041855",""
"/axon-eventsourcing-4.9.0.jar","axon-eventsourcing-4.9.0","embeddingsNode2Vec","-0.026471805,0.005427472,-0.016896369,-0.0076007997,0.009889828,-0.002148293,0.029141584,0.005774078,-0.008516028,-0.024442086,0.0204017,0.0026260563,0.014035482,-0.013533061,-0.0033697663,-0.0061332",""
"/axon-messaging-4.9.0.jar","axon-messaging-4.9.0","embeddingsNode2Vec","-0.004327272,-0.009685112,0.021911537,-0.009554711,-0.0026548896,-0.023149442,-0.008740846,0.0041025863,0.022619009,0.019027444,-0.0008768742,-0.021964945,0.022646584,0.027687445,-0.011980138,-0.018212479",""
"/axon-test-4.9.0.jar","axon-test-4.9.0","embeddingsNode2Vec","-0.014920679,0.020879816,-0.00019444307,-0.028749164,0.01151586,0.015950564,-0.014245189,0.02850828,0.02205361,-0.016151045,0.012870701,0.009013522,-0.021087155,0.013934261,0.0014592456,-0.020112626",""
"/axon-modelling-4.9.0.jar","axon-modelling-4.9.0","embeddingsNode2Vec","0.0052984157,0.019399187,-0.0003850052,0.0076101245,0.020799235,-0.015820587,0.004486544,-0.0068073487,-0.012917134,-0.022068536,0.0061898353,0.017388241,-0.010548195,-0.017157184,0.0014551051,-0.024673175",""
"/axon-disruptor-4.9.0.jar","axon-disruptor-4.9.0","embeddingsNode2Vec","0.016695842,-0.008958436,-0.018767415,0.0006044922,-0.023283612,0.015907325,-0.024371944,-0.009854908,0.025784362,0.012837261,-0.003660597,-0.018496254,-0.028006995,0.007297047,-0.00930114,-0.01056137",""
