"codeUnitName","shortCodeUnitName","propertyName","propertyValue","Source Cypher File: Dependencies_Projection/Dependencies_8_Stream_Mutated.cypher"
"/axon-configuration-4.9.0.jar","axon-configuration-4.9.0","embeddingsNode2Vec","-0.009303733,0.024268242,-0.027126925,0.02281533,0.029652542,-0.00023263815,-0.02251328,0.0068257297,-0.02930877,-0.014599763,-0.020997878,0.026339909,0.016476203,-0.0029460848,-0.013535326,0.0099458955",""
"/axon-eventsourcing-4.9.0.jar","axon-eventsourcing-4.9.0","embeddingsNode2Vec","0.023359861,0.01664275,0.028175768,-0.028543716,-0.02089597,0.01904753,-0.026272852,-0.031247837,-0.015828671,0.0048062494,-0.023098052,-0.0008021245,0.00055750465,-0.018834021,-0.005552273,-0.020680947",""
"/axon-messaging-4.9.0.jar","axon-messaging-4.9.0","embeddingsNode2Vec","0.022195527,0.009725878,0.018924495,-0.009398838,0.020666359,-0.010196521,-0.0074499846,0.004768967,0.0072310283,-0.019155145,0.024886793,-0.004668328,-0.01724563,-0.019802615,-0.025300782,0.015787657",""
"/axon-test-4.9.0.jar","axon-test-4.9.0","embeddingsNode2Vec","-0.02915338,0.02690072,0.026837531,-0.01179865,-0.026150048,-0.008169221,-0.017603222,0.013645479,-0.009000679,0.007960266,0.010490569,-0.01796694,-0.022655886,0.018913524,0.026026934,0.012533751",""
"/axon-modelling-4.9.0.jar","axon-modelling-4.9.0","embeddingsNode2Vec","-0.025407538,-0.023168372,0.008158845,0.0036216169,-0.026757507,0.016822021,-0.021168021,0.014917165,-0.026370438,0.02490461,-0.01572828,-0.004990679,0.0021428491,0.03005134,-0.0069948626,-0.007559994",""
"/axon-disruptor-4.9.0.jar","axon-disruptor-4.9.0","embeddingsNode2Vec","-0.014394409,-0.015026612,-0.02589816,-0.0059262426,0.0017982206,0.015399253,-0.019312857,-0.022621483,0.0012541765,0.004899864,-0.019574147,0.022365876,0.0021237102,0.02539852,-0.031084195,0.019118864",""
