"codeUnitName","shortCodeUnitName","propertyName","propertyValue","Source Cypher File: Dependencies_Projection/Dependencies_8_Stream_Mutated.cypher"
"/axon-configuration-4.9.0.jar","axon-configuration-4.9.0","embeddingsNode2Vec","0.0088264225,-0.00272433,-0.008012188,0.01745417,-0.011370417,0.0018202367,0.025411304,0.006870588,-0.0089200465,-0.013343395,0.010959201,0.004323773,0.013358595,-0.021392716,0.006977854,0.019362338",""
"/axon-modelling-4.9.0.jar","axon-modelling-4.9.0","embeddingsNode2Vec","0.017947145,0.024542801,0.0054638362,-0.028927876,0.025384728,0.027884323,-0.0015909644,0.019210901,0.017966434,0.0036231945,0.02651852,0.02504663,0.0033344028,-0.0049844915,0.007815969,0.011326912",""
"/axon-disruptor-4.9.0.jar","axon-disruptor-4.9.0","embeddingsNode2Vec","0.028551558,-0.00626913,0.010888818,0.03067694,-0.0069735767,-0.028437736,0.014741738,0.026468597,-0.019102395,0.027106341,0.017803062,-0.012639004,-0.011419555,0.0076702535,0.018326351,0.028104458",""
"/axon-test-4.9.0.jar","axon-test-4.9.0","embeddingsNode2Vec","-0.022017328,-0.024963409,-0.0080990065,0.02825431,-0.0019009636,-0.025144791,0.026192004,0.01672875,-0.015003392,0.019603634,-0.01042165,-0.005208798,-0.025633259,0.020411136,0.0168607,-0.015050462",""
"/axon-eventsourcing-4.9.0.jar","axon-eventsourcing-4.9.0","embeddingsNode2Vec","-0.018411456,0.0023806184,-0.0106879715,0.015987137,0.013445675,-0.011249195,-0.010942133,0.010225212,0.01139622,0.030036982,0.02932882,-0.025637398,-0.02043549,-0.025879968,-0.0017433877,-0.0256926",""
"/axon-messaging-4.9.0.jar","axon-messaging-4.9.0","embeddingsNode2Vec","-0.019903198,0.016990451,-0.00019807482,-0.010655369,0.026130801,-0.028095918,0.0025628863,-0.0027765904,-0.010781751,0.0034489606,0.0109211,-0.023249574,0.02546436,-0.0021635953,0.015903538,-0.011271145",""
