"codeUnitName","shortCodeUnitName","propertyName","propertyValue","Source Cypher File: Dependencies_Projection/Dependencies_8_Stream_Mutated.cypher"
"/axon-configuration-4.9.0.jar","axon-configuration-4.9.0","embeddingsFastRandomProjection","-0.07079689,-0.116575606,-0.20180714,0.37603432,-0.7451291,-1.1067286,-0.057651542,0.5437504,-0.44683123,0.37603432,0.116575606,0.4926099,-0.5748511,-0.031529248,0,0.116575606",""
"/axon-eventsourcing-4.9.0.jar","axon-eventsourcing-4.9.0","embeddingsFastRandomProjection","-0.071685635,-0.112015516,-0.21161282,0.37819195,-0.7453458,-1.0956259,-0.054563623,0.53876126,-0.44987762,0.37819195,0.112015516,0.49020743,-0.57109845,-0.037365645,0,0.112015516",""
"/axon-messaging-4.9.0.jar","axon-messaging-4.9.0","embeddingsFastRandomProjection","-0.06764111,-0.094599396,-0.17937136,0.30866277,-0.7676194,-1.0591512,-0.034692015,0.5989183,-0.3763039,0.30866277,0.094599396,0.40326214,-0.4679666,0.12028128,0,0.094599396",""
"/axon-test-4.9.0.jar","axon-test-4.9.0","embeddingsFastRandomProjection","-0.06462698,-0.115602225,-0.19488381,0.3756702,-0.7385143,-1.0995297,-0.06518417,0.5404027,-0.4402972,0.3756702,0.115602225,0.4912724,-0.573336,-0.029705614,0,0.115602225",""
"/axon-modelling-4.9.0.jar","axon-modelling-4.9.0","embeddingsFastRandomProjection","-0.09044646,-0.11493911,-0.23723693,0.38783872,-0.7876284,-1.1436157,-0.035662666,0.5692929,-0.47828516,0.38783872,0.11493911,0.5027778,-0.58549285,-0.035101444,0,0.11493911",""
"/axon-disruptor-4.9.0.jar","axon-disruptor-4.9.0","embeddingsFastRandomProjection","-0.07270625,-0.119885094,-0.20536566,0.38379973,-0.77193207,-1.1429574,-0.058548972,0.5666368,-0.45650595,0.38379973,0.119885094,0.5036848,-0.5876907,-0.021124408,0,0.119885094",""
