"codeUnitName","shortCodeUnitName","propertyName","propertyValue","Source Cypher File: Dependencies_Projection/Dependencies_8_Stream_Mutated.cypher"
"/axon-configuration-4.9.0.jar","axon-configuration-4.9.0","embeddingsFastRandomProjection","-0.71394724,-0.8170752,-0.3276072,-0.10312806,-0.27726164,-0.10907833,-0.1848935,0.11315223,0.11132696,-0.058732726,0.6156287,0.16593468,0.3276072,0.44969413,0.21628027,1.0019687",""
"/axon-eventsourcing-4.9.0.jar","axon-eventsourcing-4.9.0","embeddingsFastRandomProjection","-0.7186206,-0.8172295,-0.32940346,-0.09860894,-0.26688778,-0.122329354,-0.17539266,0.11083183,0.11996269,-0.059813652,0.60340494,0.14692506,0.32940346,0.4564799,0.20944075,0.99262214",""
"/axon-messaging-4.9.0.jar","axon-messaging-4.9.0","embeddingsFastRandomProjection","-0.5975503,-0.6817087,-0.2704161,-0.08415833,-0.22429131,-0.1028429,-0.2972101,0.09063495,0.095622845,-0.056718074,0.6517844,0.12866844,0.2704161,0.52311605,0.17479326,0.9789188",""
"/axon-test-4.9.0.jar","axon-test-4.9.0","embeddingsFastRandomProjection","-0.7083933,-0.81087637,-0.32795823,-0.102483116,-0.2759553,-0.10447976,-0.18279932,0.11485049,0.11062462,-0.0524768,0.6132406,0.16533065,0.32795823,0.44790998,0.21733359,0.9936757",""
"/axon-modelling-4.9.0.jar","axon-modelling-4.9.0","embeddingsFastRandomProjection","-0.750825,-0.85146,-0.3364362,-0.10063504,-0.2722139,-0.14217484,-0.19198678,0.109682694,0.12611847,-0.077952534,0.62905794,0.14609542,0.3364362,0.48296255,0.21031772,1.0434467",""
"/axon-disruptor-4.9.0.jar","axon-disruptor-4.9.0","embeddingsFastRandomProjection","-0.7295945,-0.8358052,-0.33461398,-0.106210634,-0.28500676,-0.10997377,-0.20054024,0.115744546,0.1126588,-0.060366545,0.6413648,0.17234796,0.33461398,0.46901688,0.22195515,1.0363454",""
