"codeUnitName","shortCodeUnitName","propertyName","propertyValue","Source Cypher File: Dependencies_Projection/Dependencies_8_Stream_Mutated.cypher"
"/axon-configuration-4.9.0.jar","axon-configuration-4.9.0","embeddingsFastRandomProjection","0,0,-0.22224934,-0.055684075,0.53435284,0.4028266,-0.9807792,0.28542733,0.50814146,0.83186466,-0.22417691,0.40236178,-0.7144654,0.4028266,-0.39074218,-0.28542733",""
"/axon-modelling-4.9.0.jar","axon-modelling-4.9.0","embeddingsFastRandomProjection","0,0,-0.21546422,-0.06740035,0.5451215,0.4238429,-0.99365234,0.27879897,0.52617437,0.8666329,-0.23306663,0.39193165,-0.72158897,0.4238429,-0.38113046,-0.27879897",""
"/axon-disruptor-4.9.0.jar","axon-disruptor-4.9.0","embeddingsFastRandomProjection","0,0,-0.2236448,-0.05429173,0.54775786,0.40419203,-0.9959909,0.28762868,0.51050466,0.8456372,-0.22458827,0.40496078,-0.7290739,0.40419203,-0.39394134,-0.28762868",""
"/axon-test-4.9.0.jar","axon-test-4.9.0","embeddingsFastRandomProjection","0,0,-0.22369328,-0.057291843,0.5330513,0.39899445,-0.980417,0.2850451,0.50402313,0.82701707,-0.22367239,0.40370962,-0.71306765,0.39899445,-0.39007378,-0.2850451",""
"/axon-eventsourcing-4.9.0.jar","axon-eventsourcing-4.9.0","embeddingsFastRandomProjection","0,0,-0.218615,-0.06716344,0.53019255,0.40978727,-0.97913265,0.27932465,0.5122392,0.8375279,-0.23032509,0.39548764,-0.7070653,0.40978727,-0.38177663,-0.27932465",""
"/axon-messaging-4.9.0.jar","axon-messaging-4.9.0","embeddingsFastRandomProjection","0,0,-0.18177375,-0.050799116,0.5998748,0.3449046,-0.9715323,0.23379377,0.43196917,0.8577148,-0.18988374,0.3285029,-0.74660397,0.3449046,-0.3208584,-0.23379377",""
