"codeUnitName","shortCodeUnitName","propertyName","propertyValue","Source Cypher File: Dependencies_Projection/Dependencies_8_Stream_Mutated.cypher"
"/axon-configuration-4.9.0.jar","axon-configuration-4.9.0","embeddingsNode2Vec","0.021276426,0.0035542292,0.019813579,0.008556324,0.0054065012,-0.012272324,-0.02341173,0.029014407,0.02802718,-0.0033581653,-0.009480616,0.015644325,0.016413197,0.029919978,0.028627088,-0.008360271",""
"/axon-eventsourcing-4.9.0.jar","axon-eventsourcing-4.9.0","embeddingsNode2Vec","-0.002916357,0.0021317708,0.021378718,-0.013945149,0.006588723,-0.010615673,0.026344353,0.011937898,0.006726332,0.028571203,-0.023963714,0.027886217,0.023305427,0.0070659732,-0.012211949,-0.0075758817",""
"/axon-messaging-4.9.0.jar","axon-messaging-4.9.0","embeddingsNode2Vec","0.011399955,-0.0015712116,-0.028584197,-0.009467005,0.00863832,0.028450793,-0.0070416466,-0.027709296,-0.014137638,-0.011017408,-0.009981616,0.005877342,0.024633812,-0.010939989,-0.009151991,0.012383793",""
"/axon-test-4.9.0.jar","axon-test-4.9.0","embeddingsNode2Vec","0.0015582924,0.023975812,0.0039108377,0.0045071035,0.016717305,-0.005594679,0.027789067,0.018052671,-0.018936213,0.023322074,0.024306903,0.002988601,0.017139688,0.0058110417,-0.0006689921,0.00043940218",""
"/axon-modelling-4.9.0.jar","axon-modelling-4.9.0","embeddingsNode2Vec","0.0052510034,-0.004733731,-0.0064108944,-0.007632425,6.2157145e-05,-0.021504102,-0.028267646,0.0139599675,-0.028545333,-0.022707634,0.013846164,-0.019479543,-0.0019436155,0.015077596,-0.025406366,0.018840939",""
"/axon-disruptor-4.9.0.jar","axon-disruptor-4.9.0","embeddingsNode2Vec","-0.02367234,0.0009982085,-0.021908693,-0.02888417,-0.005339988,-0.00066337077,0.03015171,0.02387349,-0.025853548,0.014961299,0.028035596,-0.02212876,-0.018716676,0.015136401,-0.008228567,-0.0033232253",""
