"codeUnitName","shortCodeUnitName","propertyName","propertyValue","Source Cypher File: Dependencies_Projection/Dependencies_8_Stream_Mutated.cypher"
"/axon-eventsourcing-4.9.0.jar","axon-eventsourcing-4.9.0","embeddingsNode2Vec","0.006219605,0.020871105,0.00482103,0.0021276257,0.0057157027,-0.005098929,-0.023606915,0.014600099,-0.02997516,0.014955613,-0.02288643,-0.012688557,-0.018170582,-0.003487222,-0.020933641,0.009300155",""
"/axon-configuration-4.9.0.jar","axon-configuration-4.9.0","embeddingsNode2Vec","0.022266084,0.0027370984,-0.010322344,-0.024279898,-0.016937964,-0.002522234,-0.0270984,0.0041585313,-0.011297046,-0.020913718,-0.018988993,-0.019093262,0.009160997,0.027003814,-0.028483847,-0.0039007505",""
"/axon-disruptor-4.9.0.jar","axon-disruptor-4.9.0","embeddingsNode2Vec","-0.031068401,0.0077320333,0.03050497,-0.024301963,0.022211868,-0.0004075415,-0.03085848,-0.023513082,-0.018416764,-0.0018636116,-0.0020398553,0.01731915,-0.012090885,-0.010710708,0.00024060071,0.022539308",""
"/axon-modelling-4.9.0.jar","axon-modelling-4.9.0","embeddingsNode2Vec","-0.020721758,-0.012145736,-0.02634721,-0.0026464127,0.0128848795,0.029782679,0.025586894,-0.016268475,0.0011514956,-0.020570792,0.0065081175,0.01660635,0.019312482,-0.013065164,0.004483433,-0.013623428",""
"/axon-messaging-4.9.0.jar","axon-messaging-4.9.0","embeddingsNode2Vec","-0.009731025,-0.024117878,0.01967014,-0.0041242614,0.008993263,0.0090846075,-0.015429035,-0.0025511584,-0.016720792,0.020882702,-0.02928266,-0.026381874,-0.006342811,-0.021906609,-0.002299065,0.027067685",""
"/axon-test-4.9.0.jar","axon-test-4.9.0","embeddingsNode2Vec","-0.02004026,-0.015463603,0.02445921,0.023437656,0.025759295,0.02492732,0.0025670151,-0.018272094,0.010267123,-0.012767783,-0.014262964,0.021186488,0.00052690797,-0.02819202,-0.022947958,-0.0020659438",""
