"codeUnitName","shortCodeUnitName","propertyName","propertyValue","Source Cypher File: Dependencies_Projection/Dependencies_8_Stream_Mutated.cypher"
"/axon-configuration-4.9.0.jar","axon-configuration-4.9.0","embeddingsNode2Vec","-0.018886164,0.021644307,0.020189201,0.009542083,-0.015250062,0.0013800256,-0.023265114,0.022298804,-0.0072912867,0.013883728,-0.001974972,0.025126375,0.009853834,-0.01417224,0.01777113,0.010871451",""
"/axon-modelling-4.9.0.jar","axon-modelling-4.9.0","embeddingsNode2Vec","-0.009782238,0.018201014,0.015595993,-0.015162454,0.028419575,0.028612634,-0.004295701,0.026206091,-0.030152483,0.030068997,-0.025999334,0.02434065,0.027477527,0.030344516,0.0003393719,0.028970217",""
"/axon-disruptor-4.9.0.jar","axon-disruptor-4.9.0","embeddingsNode2Vec","0.023939759,-0.015661681,-0.026357358,-0.02020008,0.0210823,0.009847624,-0.03115134,0.015119897,0.00632974,0.0039082323,-0.012707443,0.0063015767,0.022519026,0.022959188,-0.010379329,-0.02777953",""
"/axon-test-4.9.0.jar","axon-test-4.9.0","embeddingsNode2Vec","-0.028241592,0.017443173,-0.029991593,-0.004082016,0.0024461334,0.00031871564,0.018580167,0.008309461,-0.015348127,-0.016101148,-0.028465604,0.011407805,-0.024997799,-0.015881054,-0.015752954,0.0004480543",""
"/axon-eventsourcing-4.9.0.jar","axon-eventsourcing-4.9.0","embeddingsNode2Vec","-0.030195361,0.004636294,-0.0134968385,-0.028594298,-0.0060104197,0.025995215,0.010571974,0.022973998,-0.017929189,-0.014284558,-0.028413802,-0.0033618072,0.0066496213,-0.008248739,-0.019185577,0.015223718",""
"/axon-messaging-4.9.0.jar","axon-messaging-4.9.0","embeddingsNode2Vec","-0.008342892,-0.0020938946,0.008958157,-0.0065268194,-0.02294011,-0.021180654,0.012036578,-0.009951252,0.030195508,-0.030077778,-0.008423699,0.008367052,-0.022970753,0.014393774,0.017717581,0.009970184",""
