"codeUnitName","shortCodeUnitName","propertyName","propertyValue","Source Cypher File: Dependencies_Projection/Dependencies_8_Stream_Mutated.cypher"
"/axon-configuration-4.9.0.jar","axon-configuration-4.9.0","embeddingsFastRandomProjection","0.20673536,0,0.725916,-0.026037201,-0.3966301,0.1205564,0.2569585,0.95342505,0.55906934,-0.072467566,0.039748624,0.95342505,-0.160305,-0.072467566,-0.0932412,-0.06720396",""
"/axon-modelling-4.9.0.jar","axon-modelling-4.9.0","embeddingsFastRandomProjection","0.24015537,0,0.748809,-0.015566081,-0.41871056,0.12174401,0.25906947,1.0140159,0.5716021,-0.07507778,0.05889967,1.0140159,-0.18064365,-0.07507778,-0.10012929,-0.08456321",""
"/axon-disruptor-4.9.0.jar","axon-disruptor-4.9.0","embeddingsFastRandomProjection","0.21256709,0,0.74992114,-0.03542131,-0.4106574,0.12499627,0.26578596,0.99212754,0.5868684,-0.07532674,0.047665432,0.99212754,-0.17266169,-0.07532674,-0.104966,-0.06954464",""
"/axon-test-4.9.0.jar","axon-test-4.9.0","embeddingsFastRandomProjection","0.20093322,0,0.72372556,-0.028810263,-0.38999087,0.11981646,0.25727025,0.94521725,0.55625486,-0.07048614,0.0394409,0.94521725,-0.15925734,-0.07048614,-0.091044694,-0.0622344",""
"/axon-eventsourcing-4.9.0.jar","axon-eventsourcing-4.9.0","embeddingsFastRandomProjection","0.21560062,0,0.7216449,-0.017937765,-0.39058802,0.11733828,0.25229535,0.9537297,0.5434827,-0.06987304,0.04632707,0.9537297,-0.16366534,-0.06987304,-0.086357325,-0.06841956",""
"/axon-messaging-4.9.0.jar","axon-messaging-4.9.0","embeddingsFastRandomProjection","0.17701337,0,0.58238006,-0.12727073,-0.32304445,0.0964354,0.20428011,0.8898577,0.55815977,-0.057785355,0.15006335,0.8898577,-0.24649873,-0.057785355,-0.18824966,-0.060978923",""
