"codeUnitName","shortCodeUnitName","propertyName","propertyValue","Source Cypher File: Dependencies_Projection/Dependencies_8_Stream_Mutated.cypher"
"/axon-configuration-4.9.0.jar","axon-configuration-4.9.0","embeddingsFastRandomProjection","0.20432271,-0.20798811,0.72855145,-0.033990473,0.38722423,0.1944892,0.3708877,-0.5653769,0.4048782,0.062467553,0.6255375,0,0,0.6608454,0.9492107,0.23831321",""
"/axon-modelling-4.9.0.jar","axon-modelling-4.9.0","embeddingsFastRandomProjection","0.19676113,-0.20558931,0.7836199,-0.04382348,0.38816708,0.1977413,0.3868441,-0.5845854,0.4306676,0.049055304,0.62875175,0,0,0.7137527,0.98170406,0.24058461",""
"/axon-disruptor-4.9.0.jar","axon-disruptor-4.9.0","embeddingsFastRandomProjection","0.2017375,-0.22000523,0.7502571,-0.042055175,0.4039235,0.19902104,0.3783521,-0.5773732,0.4204073,0.06360512,0.64771616,0,0,0.68068373,0.977566,0.24379268",""
"/axon-test-4.9.0.jar","axon-test-4.9.0","embeddingsFastRandomProjection","0.20496121,-0.20982724,0.7203393,-0.032560304,0.38613346,0.1929124,0.36899102,-0.5619035,0.40155134,0.06680928,0.62365496,0,0,0.6544907,0.9424429,0.23752151",""
"/axon-eventsourcing-4.9.0.jar","axon-eventsourcing-4.9.0","embeddingsFastRandomProjection","0.20275812,-0.20118684,0.73644423,-0.031966,0.3757839,0.19133243,0.37398463,-0.5653171,0.40595067,0.060226433,0.6105081,0,0,0.6708416,0.94100165,0.23472416",""
"/axon-messaging-4.9.0.jar","axon-messaging-4.9.0","embeddingsFastRandomProjection","0.055065215,-0.2669371,0.70736825,-0.13540567,0.41105404,0.15510884,0.3013813,-0.4564901,0.43678698,0.04179193,0.60152495,0,0,0.65299076,0.8721062,0.19047087",""
