"name","shortName","pageRank","articleRank","betweenness","costEffectiveLazyForward","harmonicCloseness","closeness","hyperlinkInducedTopicSearchAuthority","hyperlinkInducedTopicSearchHub","incomingDependencies","outgoingDependencies","Source Cypher File: Centrality/Centrality_10_Summary.cypher"
"./index.ts","react-router",0.43375652498708256,0.44753679541961505,2,0.9199999999999999,0.75,0.75,0.673887338679049,0.2886751345948129,19,17,""
"./index.tsx","react-router-dom",0.22824433837345956,0.2643535943007032,1,0.8899999999999997,0.25,0.25,0.30290544652768625,0.5773502691896258,2,152,""
"./server.tsx","server",0.19686843202023463,0.23056403713444792,0,1.46,0,0,0,0.7071067811865476,0,40,""
"./index.tsx","react-router-native",0.19686843202023463,0.23056403713444792,0,1,0,0,0,0.28867513459481287,0,24,""
"./index.ts","router",0.8259815009910213,0.7896255083812646,0,0.7300000000000004,0.875,0.8,0.6738873386790492,0,23,0,""
