"codeUnitName","shortCodeUnitName","propertyName","propertyValue","Source Cypher File: Dependencies_Projection/Dependencies_8_Stream_Mutated.cypher"
"/axon-test-4.8.3.jar","axon-test-4.8.3","embeddingsNode2Vec","-0.02439599,0.030815892,0.023476757,-0.004803965,0.001937133,-0.009112701,0.012736985,-0.02459763,0.03041607,-0.02605568,0.026410438,-0.020977186,0.025723185,0.009598218,-0.01687979,-0.008488624",""
"/axon-messaging-4.8.3.jar","axon-messaging-4.8.3","embeddingsNode2Vec","-0.020644622,-0.007945176,0.014368399,-0.025266575,-0.014286535,-0.016597439,0.015320731,-0.002271676,0.019934772,-0.007711724,-0.002291828,-0.01881273,-0.01466643,-0.007855585,0.0071837376,-0.024654401",""
"/axon-modelling-4.8.3.jar","axon-modelling-4.8.3","embeddingsNode2Vec","-0.011338396,0.014750022,-0.02546118,-0.024597695,0.0003599212,0.0312479,-0.0028165367,0.009208699,-0.00039789904,-0.017659515,0.008392981,0.010339215,-0.014514265,-0.02673243,-0.017783146,-0.013478261",""
"/axon-disruptor-4.8.3.jar","axon-disruptor-4.8.3","embeddingsNode2Vec","-0.00066314836,0.020713257,0.03098096,0.023502616,-0.018382773,-0.012225111,0.019032516,-0.013573776,-0.022347609,-0.0024684614,0.0014887988,-0.013750123,0.02459494,-0.0172831,-0.020434702,-0.021505682",""
"/axon-eventsourcing-4.8.3.jar","axon-eventsourcing-4.8.3","embeddingsNode2Vec","0.0109426435,0.0065115704,-0.007362822,0.007203066,-0.020347435,0.0005333425,0.023114266,-0.028066032,0.020160342,-0.015714508,-0.030875478,0.008970917,-0.018026102,-0.029105352,0.018980213,0.019639578",""
"/axon-configuration-4.8.3.jar","axon-configuration-4.8.3","embeddingsNode2Vec","0.030174725,-0.011040905,-0.028994935,0.004953183,0.017631937,0.016499473,-0.027348742,0.020773603,0.028621815,-0.01359905,0.025691949,0.027598234,-0.003636886,-0.024215613,0.0029625124,-0.020137083",""
