"codeUnitName","shortCodeUnitName","propertyName","propertyValue","Source Cypher File: Dependencies_Projection/Dependencies_8_Stream_Mutated.cypher"
"/axon-test-4.8.3.jar","axon-test-4.8.3","embeddingsFastRandomProjection","0.0,0.42194468,-0.17798801,0.53612584,-0.913426,0.0,-0.14727893,-0.7157726,-0.28424686,0.24395671,0.0,-0.61162096,0.11418119,-0.11418119,0.25353783,-0.5999327",""
"/axon-messaging-4.8.3.jar","axon-messaging-4.8.3","embeddingsFastRandomProjection","0.0,0.3532899,-0.26098248,0.44519162,-0.856969,0.0,-0.2399702,-0.69417775,-0.22710378,0.09230742,0.0,-0.4912752,0.09190174,-0.09190174,0.20609154,-0.61427236",""
"/axon-modelling-4.8.3.jar","axon-modelling-4.8.3","embeddingsFastRandomProjection","0.0,0.46380943,-0.19281046,0.5793153,-0.9644047,0.0,-0.1734623,-0.7527411,-0.28963938,0.27099895,0.0,-0.62983495,0.11550589,-0.11550589,0.2702913,-0.6566199",""
"/axon-disruptor-4.8.3.jar","axon-disruptor-4.8.3","embeddingsFastRandomProjection","0.0,0.44524646,-0.1965012,0.56567484,-0.96281576,0.0,-0.16005811,-0.758402,-0.29917198,0.2487453,0.0,-0.63744974,0.12042843,-0.12042843,0.26272887,-0.6417476",""
"/axon-eventsourcing-4.8.3.jar","axon-eventsourcing-4.8.3","embeddingsFastRandomProjection","0.0,0.42811993,-0.17320254,0.5383353,-0.9088023,0.0,-0.15481353,-0.70676047,-0.27597347,0.25491744,0.0,-0.60346866,0.110215396,-0.110215396,0.2575845,-0.6013224",""
"/axon-configuration-4.8.3.jar","axon-configuration-4.8.3","embeddingsFastRandomProjection","0.0,0.42522243,-0.17746651,0.53920627,-0.908337,0.0,-0.14520457,-0.71263105,-0.28371328,0.24775597,0.0,-0.6066368,0.113983944,-0.113983944,0.2514513,-0.6026889",""
