"name","shortName","pageRank","articleRank","betweenness","costEffectiveLazyForward","harmonicCloseness","closeness","hyperlinkInducedTopicSearchAuthority","hyperlinkInducedTopicSearchHub","incomingDependencies","outgoingDependencies","Source Cypher File: Centrality/Centrality_10_Summary.cypher"
"/axon-modelling-4.7.6.jar","axon-modelling-4.7.6",0.2638020560848735,0.2645991323270203,0.0,0.9199999999999999,0.8,0.8,0.5823953999804578,0.19194138600788554,4,1,""
"/axon-disruptor-4.7.6.jar","axon-disruptor-4.7.6",0.17400036280791326,0.17511774782806788,3.0,0.8900000000000001,0.2,0.2,0.1675257973717242,0.5083127500357955,1,3,""
"/axon-eventsourcing-4.7.6.jar","axon-eventsourcing-4.7.6",0.21114763805627976,0.21207024200425745,1.0,0.8099999999999996,0.6,0.6,0.47243772110166316,0.3666166245957466,3,2,""
"/axon-configuration-4.7.6.jar","axon-configuration-4.7.6",0.173535048010409,0.1746526155360398,0.0,1.64,0.0,0.0,0.0,0.5585580106036322,0,4,""
"/axon-test-4.7.6.jar","axon-test-4.7.6",0.173535048010409,0.1746526155360398,0.0,1.0800000000000003,0.0,0.0,0.0,0.5083127500357955,0,3,""
"/axon-messaging-4.7.6.jar","axon-messaging-4.7.6",0.8918072651169714,0.8906964768070599,0.0,0.0,1.0,1.0,0.6399635184733874,0.0,5,0,""
