"codeUnitName","shortCodeUnitName","propertyName","propertyValue","Source Cypher File: Dependencies_Projection/Dependencies_8_Stream_Mutated.cypher"
"/axon-configuration-4.10.0.jar","axon-configuration-4.10.0","embeddingsNode2Vec","-0.42764473,-0.022020362,0.014874319,-0.06799953,-0.34269056,-0.2852295,-0.14685768,-0.054477457,-0.25428155,-0.47826257,0.48074904,0.22086903,-0.059645273,-0.64729273,0.4257025,0.041679535",""
"/axon-disruptor-4.10.0.jar","axon-disruptor-4.10.0","embeddingsNode2Vec","-0.43105835,-0.029366223,-0.00922512,-0.06992422,-0.33877817,-0.34387058,-0.14702778,-0.039049916,-0.22060452,-0.48162517,0.47917697,0.23588417,-0.060075816,-0.6214321,0.40228114,0.03256758",""
"/axon-messaging-4.10.0.jar","axon-messaging-4.10.0","embeddingsNode2Vec","-0.36883557,-0.024230456,-0.037012,-0.07595458,-0.38903332,-0.36206257,-0.18257089,-0.0075227325,-0.2635441,-0.45611975,0.42399913,0.27662584,-0.08207601,-0.65217966,0.40004858,-0.015495441",""
"/axon-eventsourcing-4.10.0.jar","axon-eventsourcing-4.10.0","embeddingsNode2Vec","-0.40000308,0.0058033424,-0.02224276,-0.038191702,-0.3484035,-0.3478308,-0.1732374,-0.016636977,-0.24615246,-0.49007615,0.463866,0.2465508,-0.05158252,-0.6314015,0.43421575,0.0058978205",""
"/axon-test-4.10.0.jar","axon-test-4.10.0","embeddingsNode2Vec","-0.40723646,0.003793103,-0.024566669,-0.069151506,-0.37241817,-0.30818248,-0.13613582,-0.0073056896,-0.25114366,-0.45501357,0.42403814,0.24071768,-0.052475527,-0.6484793,0.40425822,0.0126434155",""
"/axon-modelling-4.10.0.jar","axon-modelling-4.10.0","embeddingsNode2Vec","-0.42856136,0.00059029466,-0.017236419,-0.0642363,-0.35500962,-0.33229485,-0.14784513,-0.018256735,-0.24601287,-0.4835536,0.4388243,0.25226784,-0.04694202,-0.6444569,0.41281363,0.0074467296",""
