"codeUnitName","shortCodeUnitName","propertyName","propertyValue","Source Cypher File: Dependencies_Projection/Dependencies_8_Stream_Mutated.cypher"
"/axon-test-4.10.0.jar","axon-test-4.10.0","embeddingsNode2Vec","-0.25365755,0.11766883,-0.28921783,-0.3260638,-0.12144225,0.27708063,0.3915701,-0.19097817,0.49856633,0.20565225,-0.60978895,0.18748744,-0.07228741,-0.38884866,-0.28985858,-0.2885208",""
"/axon-modelling-4.10.0.jar","axon-modelling-4.10.0","embeddingsNode2Vec","-0.2863115,0.15102182,-0.30011508,-0.30726013,-0.14827593,0.2607002,0.37595886,-0.14773606,0.50028574,0.15844798,-0.62847996,0.22531788,-0.0908013,-0.38275945,-0.29863533,-0.27759752",""
"/axon-configuration-4.10.0.jar","axon-configuration-4.10.0","embeddingsNode2Vec","-0.2645686,0.11832698,-0.3081741,-0.3360471,-0.12166161,0.2450184,0.38679275,-0.17579953,0.50640136,0.18254323,-0.6270145,0.218705,-0.07182003,-0.4048875,-0.29418167,-0.31152105",""
"/axon-disruptor-4.10.0.jar","axon-disruptor-4.10.0","embeddingsNode2Vec","-0.27225333,0.13780859,-0.29557577,-0.32520595,-0.16513987,0.2745867,0.40490755,-0.17031816,0.47728294,0.17897859,-0.6036396,0.1955583,-0.059368324,-0.3738253,-0.31584278,-0.30543137",""
"/axon-messaging-4.10.0.jar","axon-messaging-4.10.0","embeddingsNode2Vec","-0.27523234,0.116996475,-0.31794304,-0.33965686,-0.12976746,0.25056604,0.39734507,-0.18933406,0.50073415,0.1816596,-0.615373,0.21852726,-0.07047518,-0.39585873,-0.2966025,-0.32481483",""
"/axon-eventsourcing-4.10.0.jar","axon-eventsourcing-4.10.0","embeddingsNode2Vec","-0.2803868,0.11908869,-0.30839354,-0.31975654,-0.14556566,0.25542554,0.41327584,-0.152466,0.48741058,0.17420839,-0.60527205,0.197626,-0.054690033,-0.40866238,-0.30153808,-0.3132458",""
