"codeUnitName","shortCodeUnitName","propertyName","propertyValue","Source Cypher File: Dependencies_Projection/Dependencies_8_Stream_Mutated.cypher"
"/axon-test-4.10.0.jar","axon-test-4.10.0","embeddingsNode2Vec","-0.14010915,-0.2059124,0.04731286,0.17600691,-0.011448011,-0.13892207,-0.4076014,0.20435283,0.577473,-0.057468414,-0.26135507,-0.11060242,-0.70090216,-0.3705946,0.374971,0.1869202",""
"/axon-modelling-4.10.0.jar","axon-modelling-4.10.0","embeddingsNode2Vec","-0.16816278,-0.18169299,0.022302974,0.17850861,-0.026225513,-0.17853788,-0.42684424,0.2554312,0.58253646,-0.098450504,-0.28532335,-0.06449413,-0.6893122,-0.36810145,0.36038747,0.16983664",""
"/axon-configuration-4.10.0.jar","axon-configuration-4.10.0","embeddingsNode2Vec","-0.1548943,-0.21081491,0.038990002,0.19021644,-0.030900627,-0.13746648,-0.4126993,0.20368314,0.57723147,-0.07903379,-0.25755936,-0.09365276,-0.7086577,-0.36936536,0.36654547,0.17111495",""
"/axon-disruptor-4.10.0.jar","axon-disruptor-4.10.0","embeddingsNode2Vec","-0.17537273,-0.18569066,0.039575245,0.16871433,-0.00861997,-0.16003591,-0.4164448,0.21434912,0.5790993,-0.07731879,-0.23813602,-0.094620235,-0.7219592,-0.375481,0.36760053,0.17826901",""
"/axon-messaging-4.10.0.jar","axon-messaging-4.10.0","embeddingsNode2Vec","-0.14415416,-0.22960964,0.04009053,0.17318796,-0.02987326,-0.1633011,-0.4119682,0.21100405,0.58311254,-0.08544527,-0.281587,-0.088238694,-0.6988393,-0.38055915,0.36985606,0.1679063",""
"/axon-eventsourcing-4.10.0.jar","axon-eventsourcing-4.10.0","embeddingsNode2Vec","-0.15063205,-0.1983108,0.038154367,0.15910278,-0.0114352135,-0.17618677,-0.40895513,0.23800236,0.5467137,-0.088226244,-0.27842942,-0.07697197,-0.694868,-0.37519345,0.37343717,0.18738125",""
