"codeUnitName","shortCodeUnitName","propertyName","propertyValue","Source Cypher File: Dependencies_Projection/Dependencies_8_Stream_Mutated.cypher"
"/axon-configuration-4.10.0.jar","axon-configuration-4.10.0","embeddingsNode2Vec","0.27214846,0.21153872,0.22461215,-0.14306402,-0.5708973,0.48208258,0.2908608,0.012973639,0.39765832,-0.32387558,-0.04135442,-0.47308174,-0.32974932,-0.018271398,-0.19739658,0.3222275",""
"/axon-disruptor-4.10.0.jar","axon-disruptor-4.10.0","embeddingsNode2Vec","0.2525656,0.18283024,0.22846994,-0.16888073,-0.5582144,0.46426305,0.30637294,0.0011042537,0.42813447,-0.33117083,-0.014946775,-0.4770758,-0.3253619,-0.010812514,-0.21588282,0.34073797",""
"/axon-messaging-4.10.0.jar","axon-messaging-4.10.0","embeddingsNode2Vec","0.30933213,0.20839149,0.22037506,-0.15767203,-0.590172,0.45360222,0.2814656,0.029774347,0.39501286,-0.32612094,-0.0424431,-0.48468572,-0.33532304,-0.00905006,-0.22676437,0.3142336",""
"/axon-eventsourcing-4.10.0.jar","axon-eventsourcing-4.10.0","embeddingsNode2Vec","0.2633057,0.18853027,0.20707873,-0.19507846,-0.5736272,0.49269357,0.2759555,0.023619652,0.37734982,-0.33795893,-0.063904844,-0.45545352,-0.30672026,-0.022479378,-0.22620699,0.30997962",""
"/axon-test-4.10.0.jar","axon-test-4.10.0","embeddingsNode2Vec","0.26577315,0.18129289,0.23236603,-0.2003805,-0.5653859,0.48562384,0.2818032,0.009431435,0.398338,-0.32511106,-0.06274551,-0.47096422,-0.31939986,-0.026241915,-0.21832797,0.33222237",""
"/axon-modelling-4.10.0.jar","axon-modelling-4.10.0","embeddingsNode2Vec","0.26926348,0.21703386,0.22807603,-0.13812289,-0.5672911,0.47343415,0.29663613,0.0007623626,0.4188003,-0.34025583,-0.03325581,-0.45095128,-0.33027172,-0.02765678,-0.19379266,0.31252053",""
