"codeUnitName","shortCodeUnitName","propertyName","propertyValue","Source Cypher File: Dependencies_Projection/Dependencies_8_Stream_Mutated.cypher"
"/axon-configuration-4.10.0.jar","axon-configuration-4.10.0","embeddingsFastRandomProjection","0.24595714,0.115016855,-0.7276444,0,0,0.6126276,0.9827771,0.37014955,0,-0.4374027,0.3042685,-0.4851664,-0.31321028,-0.12556453,-0.68198776,-0.24595714",""
"/axon-disruptor-4.10.0.jar","axon-disruptor-4.10.0","embeddingsFastRandomProjection","0.24935469,0.11678302,-0.7430314,0,0,0.62624836,1.000617,0.37436867,0,-0.44226763,0.30736452,-0.49115166,-0.31725365,-0.12590879,-0.6907275,-0.24935469",""
"/axon-messaging-4.10.0.jar","axon-messaging-4.10.0","embeddingsFastRandomProjection","0.21644942,0.10183594,-0.750923,0,0,0.64908713,0.979058,0.32997096,0,-0.39725497,0.27165186,-0.43180683,-0.28373346,-0.12248647,-0.6047394,-0.21644942",""
"/axon-eventsourcing-4.10.0.jar","axon-eventsourcing-4.10.0","embeddingsFastRandomProjection","0.24089368,0.11194524,-0.7174698,0,0,0.60552466,0.97525233,0.36972773,0,-0.4384728,0.30620956,-0.48167297,-0.30963874,-0.13406093,-0.6741396,-0.24089368",""
"/axon-test-4.10.0.jar","axon-test-4.10.0","embeddingsFastRandomProjection","0.24616364,0.1145432,-0.724651,0,0,0.61010784,0.9801899,0.37008214,0,-0.43368262,0.30549425,-0.48462534,-0.3097641,-0.12293109,-0.6808337,-0.24616364",""
"/axon-modelling-4.10.0.jar","axon-modelling-4.10.0","embeddingsFastRandomProjection","0.24105072,0.112927064,-0.73660934,0,0,0.6236823,0.9980911,0.3744089,0,-0.45628178,0.30827582,-0.48733595,-0.32292357,-0.14909795,-0.6815927,-0.24105072",""
