"codeUnitName","shortCodeUnitName","propertyName","propertyValue","Source Cypher File: Dependencies_Projection/Dependencies_8_Stream_Mutated.cypher"
"/axon-test-4.10.0.jar","axon-test-4.10.0","embeddingsNode2Vec","0.14159364,0.09596101,0.19637574,-0.02135753,0.04975675,0.5268141,0.37379137,-0.06767582,0.17455985,0.6082747,-0.23432939,-0.56443787,0.067948684,-0.12028716,-0.23640074,0.5039042",""
"/axon-modelling-4.10.0.jar","axon-modelling-4.10.0","embeddingsNode2Vec","0.12528963,0.10722483,0.20572092,-0.023446871,0.01986815,0.56143934,0.37367207,-0.072748035,0.15604788,0.6001829,-0.22604166,-0.57781637,0.066259794,-0.10617828,-0.23316391,0.5019876",""
"/axon-configuration-4.10.0.jar","axon-configuration-4.10.0","embeddingsNode2Vec","0.12828368,0.096182786,0.18749452,-0.03320657,0.057084586,0.52561384,0.39025766,-0.058763586,0.18273066,0.61223817,-0.25311,-0.56348217,0.06507999,-0.14316216,-0.232851,0.5101483",""
"/axon-disruptor-4.10.0.jar","axon-disruptor-4.10.0","embeddingsNode2Vec","0.11617471,0.12120213,0.18865032,-0.03002425,0.01630323,0.5351737,0.395432,-0.055098604,0.16372913,0.58889616,-0.24316911,-0.55017596,0.06728895,-0.11071814,-0.25435203,0.4953314",""
"/axon-messaging-4.10.0.jar","axon-messaging-4.10.0","embeddingsNode2Vec","0.12604281,0.11848815,0.20175396,-0.036233325,0.05571025,0.5063981,0.38026413,-0.040928874,0.16285774,0.5939682,-0.2504078,-0.5478787,0.055795003,-0.12131973,-0.23104051,0.5383165",""
"/axon-eventsourcing-4.10.0.jar","axon-eventsourcing-4.10.0","embeddingsNode2Vec","0.123098664,0.12421336,0.20636421,-0.05281875,0.05888394,0.5138539,0.38517907,-0.015563325,0.15531623,0.5871448,-0.26927438,-0.54043067,0.05725149,-0.1365093,-0.23839064,0.5444335",""
