"codeUnitName","shortCodeUnitName","propertyName","propertyValue","Source Cypher File: Dependencies_Projection/Dependencies_8_Stream_Mutated.cypher"
"/axon-test-4.10.0.jar","axon-test-4.10.0","embeddingsNode2Vec","-0.33883765,0.39007956,-0.17173934,-0.13333847,-0.21080041,0.19921036,0.6580384,0.40723157,0.39806673,0.064135596,0.008719455,0.23634937,-0.34317422,-0.080521315,-0.41034862,-0.0907802",""
"/axon-modelling-4.10.0.jar","axon-modelling-4.10.0","embeddingsNode2Vec","-0.36569035,0.41518682,-0.17913505,-0.118586525,-0.22212017,0.15702777,0.62212604,0.46339023,0.3941851,0.004776657,-0.0050851386,0.2787971,-0.3506219,-0.06824294,-0.39347214,-0.07492095",""
"/axon-configuration-4.10.0.jar","axon-configuration-4.10.0","embeddingsNode2Vec","-0.35474348,0.36528373,-0.21580909,-0.1564557,-0.18821916,0.12014451,0.6598401,0.43066126,0.41810817,0.024952682,-0.010328797,0.2886694,-0.3255687,-0.122804165,-0.39521033,-0.1488943",""
"/axon-disruptor-4.10.0.jar","axon-disruptor-4.10.0","embeddingsNode2Vec","-0.34679636,0.38994113,-0.1819792,-0.14543283,-0.2395041,0.19410668,0.66692096,0.40199155,0.38307345,0.051757537,-0.0034784349,0.23154049,-0.30492216,-0.082013465,-0.42198795,-0.11811924",""
"/axon-messaging-4.10.0.jar","axon-messaging-4.10.0","embeddingsNode2Vec","-0.34907433,0.4050458,-0.19266799,-0.13223886,-0.23487924,0.184215,0.6662649,0.40314242,0.3922947,0.042555045,0.013538104,0.25975326,-0.33674976,-0.061733644,-0.410773,-0.10616608",""
"/axon-eventsourcing-4.10.0.jar","axon-eventsourcing-4.10.0","embeddingsNode2Vec","-0.3653641,0.38572398,-0.2016385,-0.13153599,-0.22082932,0.14587627,0.63067865,0.42649046,0.39092183,0.0061334176,-0.018314071,0.27837554,-0.3240627,-0.093905814,-0.39808285,-0.12115496",""
