"codeUnitName","shortCodeUnitName","propertyName","propertyValue","Source Cypher File: Dependencies_Projection/Dependencies_8_Stream_Mutated.cypher"
"/axon-test-4.10.0.jar","axon-test-4.10.0","embeddingsFastRandomProjection","0.4519908,0.38762945,0.5850562,0.5850562,-0.062438443,-0.51442933,0,0.4519908,0,-0.1330654,-0.6454195,0.12679984,-0.07790995,-0.26290464,-0.13827331,0",""
"/axon-modelling-4.10.0.jar","axon-modelling-4.10.0","embeddingsFastRandomProjection","0.47755066,0.39272186,0.61258435,0.61258435,-0.071041465,-0.54859215,0,0.47755066,0,-0.13503371,-0.6452032,0.15587027,-0.10189003,-0.27527428,-0.13450888,0",""
"/axon-configuration-4.10.0.jar","axon-configuration-4.10.0","embeddingsFastRandomProjection","0.45703158,0.3885046,0.5902604,0.5902604,-0.061459936,-0.5184915,0,0.45703158,0,-0.13322878,-0.6466003,0.12998694,-0.081469476,-0.26363766,-0.13780943,0",""
"/axon-disruptor-4.10.0.jar","axon-disruptor-4.10.0","embeddingsFastRandomProjection","0.47420636,0.40320453,0.6216212,0.6216212,-0.062656716,-0.5368631,0,0.47420636,0,-0.14741483,-0.67176634,0.13365851,-0.09304023,-0.2820576,-0.14318533,0",""
"/axon-messaging-4.10.0.jar","axon-messaging-4.10.0","embeddingsFastRandomProjection","0.41205078,0.34513217,0.57822746,0.57822746,-0.058634892,-0.47068572,0,0.41205078,0,-0.16617662,-0.57107276,0.12555347,-0.12757695,-0.28536826,-0.1204223,0",""
"/axon-eventsourcing-4.10.0.jar","axon-eventsourcing-4.10.0","embeddingsFastRandomProjection","0.44887835,0.37997356,0.5741791,0.5741791,-0.06762316,-0.51650155,0,0.44887835,0,-0.1253007,-0.6272987,0.13652796,-0.079662144,-0.25794917,-0.13278176,0",""
