"codeUnitName","shortCodeUnitName","propertyName","propertyValue","Source Cypher File: Dependencies_Projection/Dependencies_8_Stream_Mutated.cypher"
"/axon-test-4.10.0.jar","axon-test-4.10.0","embeddingsFastRandomProjection","0.6000005,-0.08576901,-0.83102167,0.23085347,-0.08576901,-0.68576944,0,-0.23102124,-0.47100356,0.51423144,-0.18250717,-0.085936785,0.08576901,0.22573501,0.048346303,0",""
"/axon-modelling-4.10.0.jar","axon-modelling-4.10.0","embeddingsFastRandomProjection","0.6292916,-0.08636966,-0.8548826,0.23305184,-0.08636966,-0.7156613,0,-0.22559102,-0.4860357,0.5429219,-0.18274398,-0.07890883,0.08636966,0.23963007,0.05030786,0",""
"/axon-configuration-4.10.0.jar","axon-configuration-4.10.0","embeddingsFastRandomProjection","0.6048341,-0.08642129,-0.835078,0.2324961,-0.08642129,-0.69125545,0,-0.2302439,-0.47328687,0.5184129,-0.18309218,-0.08416912,0.08642129,0.22821817,0.0494039,0",""
"/axon-disruptor-4.10.0.jar","axon-disruptor-4.10.0","embeddingsFastRandomProjection","0.63187534,-0.09053752,-0.8649218,0.24361925,-0.09053752,-0.7224129,0,-0.23304644,-0.4864747,0.54133785,-0.19176626,-0.07996476,0.09053752,0.24662933,0.05185295,0",""
"/axon-messaging-4.10.0.jar","axon-messaging-4.10.0","embeddingsFastRandomProjection","0.5169675,-0.072859734,-0.78346705,0.19495276,-0.072859734,-0.58982724,0,-0.26649958,-0.47746772,0.44410777,-0.15334511,-0.14440653,0.072859734,0.11998516,0.041607622,0",""
"/axon-eventsourcing-4.10.0.jar","axon-eventsourcing-4.10.0","embeddingsFastRandomProjection","0.5926403,-0.08268449,-0.8198389,0.22285599,-0.08268449,-0.6753248,0,-0.22719865,-0.46785566,0.5099558,-0.17601533,-0.08702719,0.08268449,0.21811545,0.04684064,0",""
