"codeUnitName","shortCodeUnitName","propertyName","propertyValue","Source Cypher File: Dependencies_Projection/Dependencies_8_Stream_Mutated.cypher"
"/axon-test-4.10.0.jar","axon-test-4.10.0","embeddingsFastRandomProjection","0.32712734,0.27938208,0.6023078,0,0.454167,-0.24071084,-0.13319334,-0.5545625,-0.23455721,0.32712734,-1.0057938,0.092570096,0,0.79233766,-0.18582825,-0.2196098",""
"/axon-modelling-4.10.0.jar","axon-modelling-4.10.0","embeddingsFastRandomProjection","0.34477097,0.28301442,0.6130799,0,0.46624815,-0.25946945,-0.14881338,-0.5513233,-0.23213325,0.34477097,-1.0167286,0.112637706,0,0.8099499,-0.18216455,-0.23411489",""
"/axon-configuration-4.10.0.jar","axon-configuration-4.10.0","embeddingsFastRandomProjection","0.32989794,0.27937365,0.6049285,0,0.45635557,-0.24313755,-0.13426195,-0.55440414,-0.23533326,0.32989794,-1.0081213,0.09456468,0,0.7949032,-0.18563169,-0.22102225",""
"/axon-disruptor-4.10.0.jar","axon-disruptor-4.10.0","embeddingsFastRandomProjection","0.33477205,0.28356564,0.61998534,0,0.46879306,-0.24635696,-0.14077069,-0.5687789,-0.2396073,0.33477205,-1.0296476,0.09516476,0,0.8072115,-0.18887381,-0.22918576",""
"/axon-messaging-4.10.0.jar","axon-messaging-4.10.0","embeddingsFastRandomProjection","0.2993852,0.2490748,0.60657966,0,0.47602957,-0.22265339,-0.19201584,-0.5562692,-0.20728192,0.2993852,-0.96515775,0.0921033,0,0.71178156,-0.16332158,-0.26874763",""
"/axon-eventsourcing-4.10.0.jar","axon-eventsourcing-4.10.0","embeddingsFastRandomProjection","0.33032906,0.27873853,0.59508634,0,0.4499844,-0.2460016,-0.13622758,-0.5434957,-0.22942936,0.33032906,-0.9946275,0.1008997,0,0.7906447,-0.18157718,-0.22055498",""
