"codeUnitName","shortCodeUnitName","propertyName","propertyValue","Source Cypher File: Dependencies_Projection/Dependencies_8_Stream_Mutated.cypher"
"/axon-test-4.10.0.jar","axon-test-4.10.0","embeddingsFastRandomProjection","0.062810205,-0.36871672,0.5945553,0.5945553,0.30953234,0.24672213,0,0.43152696,0.36871672,0.20568827,-0.24524426,0.12199456,-0.48054746,0.082215816,-0.13123637,-0.36871672",""
"/axon-modelling-4.10.0.jar","axon-modelling-4.10.0","embeddingsFastRandomProjection","0.083124936,-0.3813124,0.6249654,0.6249654,0.31271803,0.22959307,0,0.46443734,0.3813124,0.22078422,-0.245407,0.1517193,-0.5100735,0.08487892,-0.13051514,-0.3813124",""
"/axon-configuration-4.10.0.jar","axon-configuration-4.10.0","embeddingsFastRandomProjection","0.06679556,-0.3704427,0.6000394,0.6000394,0.31202146,0.24522589,0,0.43723828,0.3704427,0.20764157,-0.24613756,0.12521683,-0.48503897,0.08333653,-0.13113719,-0.3704427",""
"/axon-disruptor-4.10.0.jar","axon-disruptor-4.10.0","embeddingsFastRandomProjection","0.06961065,-0.38721108,0.6323844,0.6323844,0.32715943,0.25754875,0,0.45682177,0.38721108,0.21164837,-0.25790873,0.12966235,-0.5117119,0.08234602,-0.13723622,-0.38721108",""
"/axon-messaging-4.10.0.jar","axon-messaging-4.10.0","embeddingsFastRandomProjection","0.06453255,-0.3272947,0.5795803,0.5795803,0.27196825,0.20743568,0,0.39182726,0.3272947,0.13954169,-0.21440415,0.11985902,-0.47920626,0.026651233,-0.11403016,-0.3272947",""
"/axon-eventsourcing-4.10.0.jar","axon-eventsourcing-4.10.0","embeddingsFastRandomProjection","0.067105055,-0.36291847,0.5840621,0.5840621,0.29869902,0.2315939,0,0.43002355,0.36291847,0.20887998,-0.23640484,0.13132456,-0.47428647,0.08236635,-0.12662928,-0.36291847",""
