"codeUnitName","shortCodeUnitName","propertyName","propertyValue","Source Cypher File: Dependencies_Projection/Dependencies_8_Stream_Mutated.cypher"
"/axon-test-4.10.0.jar","axon-test-4.10.0","embeddingsFastRandomProjection","0.65938747,-0.09397374,-1.1620193,-0.048654627,-0.39753738,-0.14623389,0.3558238,-0.50263184,-0.40865812,-0.39753738,0.101643585,-0.038132995,-0.20958988,-0.30071187,0.052988946,0",""
"/axon-modelling-4.10.0.jar","axon-modelling-4.10.0","embeddingsFastRandomProjection","0.67823684,-0.092265345,-1.1951686,-0.05477167,-0.397871,-0.1592909,0.37263122,-0.5169318,-0.42466637,-0.397871,0.10878366,-0.0527575,-0.21334028,-0.32010984,0.05401199,0",""
"/axon-configuration-4.10.0.jar","axon-configuration-4.10.0","embeddingsFastRandomProjection","0.6625757,-0.094375715,-1.1679032,-0.047821697,-0.39802432,-0.14965418,0.35892713,-0.50532746,-0.4109517,-0.39802432,0.101877004,-0.040227562,-0.2092729,-0.30355582,0.054055303,0",""
"/axon-disruptor-4.10.0.jar","axon-disruptor-4.10.0","embeddingsFastRandomProjection","0.67685145,-0.09679569,-1.1972593,-0.04807149,-0.40705732,-0.15312384,0.3665898,-0.5204079,-0.42361215,-0.40705732,0.103606544,-0.044751734,-0.21346596,-0.31375277,0.055535056,0",""
"/axon-messaging-4.10.0.jar","axon-messaging-4.10.0","embeddingsFastRandomProjection","0.5905933,-0.082671024,-1.1116805,-0.0449027,-0.3507436,-0.13711916,0.32252073,-0.5210873,-0.43841624,-0.3507436,0.092254445,-0.11251587,-0.18540153,-0.34526914,0.047351733,0",""
"/axon-eventsourcing-4.10.0.jar","axon-eventsourcing-4.10.0","embeddingsFastRandomProjection","0.65646064,-0.09095962,-1.1540318,-0.052974615,-0.39117306,-0.14699334,0.3562472,-0.49757123,-0.40661156,-0.39117306,0.104581445,-0.041078508,-0.20925383,-0.3019392,0.05160682,0",""
