"codeUnitName","shortCodeUnitName","propertyName","propertyValue","Source Cypher File: Dependencies_Projection/Dependencies_8_Stream_Mutated.cypher"
"/axon-test-4.10.0.jar","axon-test-4.10.0","embeddingsFastRandomProjection","0.7499573,0,0.31379274,0,0.18819058,-0.29716966,0.26687855,-0.3717424,-0.29033563,0,-0.87109554,0.055668175,0,0.23011735,-0.23011735,-0.24385872",""
"/axon-modelling-4.10.0.jar","axon-modelling-4.10.0","embeddingsFastRandomProjection","0.7900126,0,0.3122083,0,0.20442626,-0.32643256,0.27185208,-0.38932467,-0.29203022,0,-0.89720917,0.06441786,0,0.22920296,-0.22920296,-0.26884416",""
"/axon-configuration-4.10.0.jar","axon-configuration-4.10.0","embeddingsFastRandomProjection","0.755358,0,0.31493825,0,0.19203062,-0.30101267,0.2691472,-0.3765841,-0.29204276,0,-0.8768163,0.054813296,0,0.23044038,-0.23044038,-0.24684393",""
"/axon-disruptor-4.10.0.jar","axon-disruptor-4.10.0","embeddingsFastRandomProjection","0.78429365,0,0.3352884,0,0.2070273,-0.3120077,0.27323288,-0.39919537,-0.30426067,0,-0.9192265,0.055932663,0,0.23991325,-0.23991325,-0.26296002",""
"/axon-messaging-4.10.0.jar","axon-messaging-4.10.0","embeddingsFastRandomProjection","0.67933154,0,0.31906602,0,0.21705745,-0.27510014,0.19494924,-0.379355,-0.25700766,0,-0.8239529,0.052513603,0,0.20266403,-0.20266403,-0.26957107",""
"/axon-eventsourcing-4.10.0.jar","axon-eventsourcing-4.10.0","embeddingsFastRandomProjection","0.7464004,0,0.29866526,0,0.1829267,-0.30116695,0.2638382,-0.36098522,-0.2812518,0,-0.85083556,0.060788445,0,0.22267541,-0.22267541,-0.24371517",""
