"codeUnitName","shortCodeUnitName","propertyName","propertyValue","Source Cypher File: Dependencies_Projection/Dependencies_8_Stream_Mutated.cypher"
"/axon-test-4.10.0.jar","axon-test-4.10.0","embeddingsFastRandomProjection","0.61149555,0,0.031069398,0,0.49369463,-0.5242754,0.16014344,-0.6425649,-0.23609036,0.28096798,-0.7678288,-0.23609036,0,0.467882,-0.18691409,-0.25760424",""
"/axon-modelling-4.10.0.jar","axon-modelling-4.10.0","embeddingsFastRandomProjection","0.6405023,0,0.019043326,0,0.50990295,-0.55319154,0.16651201,-0.6595456,-0.23695329,0.28835124,-0.78311455,-0.23695329,0,0.47425222,-0.18590097,-0.27294964",""
"/axon-configuration-4.10.0.jar","axon-configuration-4.10.0","embeddingsFastRandomProjection","0.6157507,0,0.030584604,0,0.49665296,-0.52797043,0.16265035,-0.6463353,-0.23746265,0.28169036,-0.77164435,-0.23746265,0,0.46890152,-0.18721119,-0.25919026",""
"/axon-disruptor-4.10.0.jar","axon-disruptor-4.10.0","embeddingsFastRandomProjection","0.63626015,0,0.03290212,0,0.514047,-0.54522204,0.16822255,-0.66916233,-0.24615341,0.29118207,-0.79903173,-0.24615341,0,0.48512876,-0.1939466,-0.2678936",""
"/axon-messaging-4.10.0.jar","axon-messaging-4.10.0","embeddingsFastRandomProjection","0.5438564,0,0.08291668,0,0.49756014,-0.46763453,0.08137894,-0.62677306,-0.20543478,0.24657388,-0.73558223,-0.20543478,0,0.40837425,-0.16180035,-0.2921253",""
"/axon-eventsourcing-4.10.0.jar","axon-eventsourcing-4.10.0","embeddingsFastRandomProjection","0.6087841,0,0.023614109,0,0.48770607,-0.52428335,0.15680963,-0.6323982,-0.22919285,0.2779619,-0.75347567,-0.22919285,0,0.4592309,-0.181269,-0.25851318",""
