"codeUnitName","shortCodeUnitName","propertyName","propertyValue","Source Cypher File: Dependencies_Projection/Dependencies_8_Stream_Mutated.cypher"
"/axon-configuration-4.10.0.jar","axon-configuration-4.10.0","embeddingsFastRandomProjection","-0.094300605,0.08824783,-0.46574938,-0.33637097,-0.6177534,0.75166535,0.75166535,0,0.33637097,0.33637097,0.09883419,0.52950567,0,0.38682586,0.23092759,0.8048354",""
"/axon-disruptor-4.10.0.jar","axon-disruptor-4.10.0","embeddingsFastRandomProjection","-0.09622831,0.09054574,-0.46666816,-0.34388956,-0.63205403,0.7599948,0.7599948,0,0.34388956,0.34388956,0.100086585,0.5415083,0,0.39575636,0.23629767,0.8239902",""
"/axon-messaging-4.10.0.jar","axon-messaging-4.10.0","embeddingsFastRandomProjection","-0.08272546,0.07612017,-0.53010184,-0.2963528,-0.5386052,0.7730356,0.7730356,0,0.2963528,0.2963528,0.09340899,0.46248507,0,0.33976963,0.19883554,0.69813216",""
"/axon-eventsourcing-4.10.0.jar","axon-eventsourcing-4.10.0","embeddingsFastRandomProjection","-0.09617829,0.085173085,-0.4660734,-0.33309758,-0.61067784,0.7437043,0.7437043,0,0.33309758,0.33309758,0.10344168,0.5255048,0,0.38135147,0.22932634,0.79207987",""
"/axon-test-4.10.0.jar","axon-test-4.10.0","embeddingsFastRandomProjection","-0.09413022,0.08793536,-0.4647467,-0.33391038,-0.615281,0.7512921,0.7512921,0,0.33391038,0.33391038,0.097101465,0.52734566,0,0.38347894,0.23180202,0.80252135",""
"/axon-modelling-4.10.0.jar","axon-modelling-4.10.0","embeddingsFastRandomProjection","-0.09991199,0.08638851,-0.46940282,-0.34704018,-0.62984824,0.7488067,0.7488067,0,0.34704018,0.34704018,0.11380623,0.5434598,0,0.39737785,0.23247038,0.8127445",""
