"codeUnitName","shortCodeUnitName","propertyName","propertyValue","Source Cypher File: Dependencies_Projection/Dependencies_8_Stream_Mutated.cypher"
"/axon-test-4.10.0.jar","axon-test-4.10.0","embeddingsNode2Vec","-0.22298723,0.047435235,0.19447318,-0.27084944,0.07884401,0.08899279,-0.22722633,0.018748876,0.21940282,0.280654,0.20925337,-0.3173043,-0.69087267,-0.57013917,0.47512832,-0.033824716",""
"/axon-modelling-4.10.0.jar","axon-modelling-4.10.0","embeddingsNode2Vec","-0.2791449,0.055122655,0.16495669,-0.3028583,0.026738185,0.063594736,-0.23119695,0.056564,0.19372927,0.20028663,0.20619716,-0.24964248,-0.6906926,-0.63888717,0.48570362,-0.111566514",""
"/axon-configuration-4.10.0.jar","axon-configuration-4.10.0","embeddingsNode2Vec","-0.2740345,0.06923263,0.16144867,-0.2664915,0.049790025,0.06991902,-0.22161578,0.027206339,0.19293876,0.22213419,0.24576464,-0.25985375,-0.67123926,-0.5933623,0.4480563,-0.08922411",""
"/axon-disruptor-4.10.0.jar","axon-disruptor-4.10.0","embeddingsNode2Vec","-0.26651084,0.038390104,0.16061379,-0.268885,0.060679916,0.02962671,-0.2433857,0.0453555,0.23539324,0.22943461,0.20728679,-0.278031,-0.69088686,-0.58959615,0.46932632,-0.08128118",""
"/axon-messaging-4.10.0.jar","axon-messaging-4.10.0","embeddingsNode2Vec","-0.2724512,0.020656597,0.16724281,-0.26218036,0.056120064,0.03988975,-0.24695913,0.039331034,0.22534484,0.20725854,0.20073803,-0.2827632,-0.72066504,-0.5779164,0.4543348,-0.07622192",""
"/axon-eventsourcing-4.10.0.jar","axon-eventsourcing-4.10.0","embeddingsNode2Vec","-0.2929555,0.03324196,0.15026803,-0.28127187,0.06524113,0.019614026,-0.26223326,0.0683093,0.21779059,0.20199497,0.21982841,-0.2786336,-0.7066633,-0.6071351,0.47517514,-0.10601179",""
