"codeUnitName","shortCodeUnitName","propertyName","propertyValue","Source Cypher File: Dependencies_Projection/Dependencies_8_Stream_Mutated.cypher"
"/axon-test-4.10.0.jar","axon-test-4.10.0","embeddingsNode2Vec","-0.36743683,0.21023448,-0.3176063,0.018535309,-0.3954289,-0.0546577,0.15863383,0.03474651,-0.22792788,-0.4203837,0.19881123,0.46216366,0.56986606,0.07001101,-0.3341405,-0.43233764",""
"/axon-modelling-4.10.0.jar","axon-modelling-4.10.0","embeddingsNode2Vec","-0.3825509,0.20532642,-0.33039472,0.0020238676,-0.4072022,-0.069867834,0.15553124,0.056977425,-0.23095164,-0.4520956,0.18592978,0.46345443,0.54823077,0.043280255,-0.31202215,-0.44696423",""
"/axon-configuration-4.10.0.jar","axon-configuration-4.10.0","embeddingsNode2Vec","-0.36849275,0.2168658,-0.34286562,0.021849908,-0.40197268,-0.076815166,0.1763407,0.03985751,-0.22735211,-0.44181857,0.19228818,0.45161945,0.5623427,0.071789496,-0.34637946,-0.4328089",""
"/axon-disruptor-4.10.0.jar","axon-disruptor-4.10.0","embeddingsNode2Vec","-0.38535368,0.19063902,-0.35882837,0.030659633,-0.41748637,-0.054669138,0.17933428,0.04187137,-0.21376723,-0.44115824,0.20385364,0.43134284,0.5741862,0.028521655,-0.29774782,-0.41717136",""
"/axon-messaging-4.10.0.jar","axon-messaging-4.10.0","embeddingsNode2Vec","-0.37648982,0.21989,-0.35416657,-0.007181823,-0.39462402,-0.11465557,0.18075442,0.06259852,-0.22613627,-0.47139844,0.17024346,0.47581762,0.5475542,0.051504087,-0.33073154,-0.44363055",""
"/axon-eventsourcing-4.10.0.jar","axon-eventsourcing-4.10.0","embeddingsNode2Vec","-0.36352855,0.21641421,-0.33961907,0.014355865,-0.40774512,-0.07197646,0.14308183,0.02475423,-0.20587055,-0.43517408,0.19116463,0.46302578,0.5794905,0.053118624,-0.3325964,-0.437673",""
