"codeUnitName","shortCodeUnitName","propertyName","propertyValue","Source Cypher File: Dependencies_Projection/Dependencies_8_Stream_Mutated.cypher"
"/axon-test-4.10.0.jar","axon-test-4.10.0","embeddingsNode2Vec","0.29558995,-0.028512904,0.28226545,-0.11680428,-0.06684049,0.2683312,0.04833391,-0.26976407,0.018765526,0.40409398,-0.22494629,0.3557656,-0.15184708,0.23888738,-0.28960833,0.8262123",""
"/axon-modelling-4.10.0.jar","axon-modelling-4.10.0","embeddingsNode2Vec","0.28055388,-0.006548717,0.28018585,-0.09747658,-0.0919104,0.24691841,0.04087311,-0.24776745,0.028427139,0.37361166,-0.24688444,0.38730943,-0.18174462,0.23946513,-0.31923616,0.846658",""
"/axon-configuration-4.10.0.jar","axon-configuration-4.10.0","embeddingsNode2Vec","0.27541363,-0.033575363,0.26515877,-0.13267235,-0.08507629,0.24387547,0.0206043,-0.31333238,0.06923817,0.41373911,-0.24535857,0.3883638,-0.14119343,0.21002665,-0.3235829,0.844816",""
"/axon-disruptor-4.10.0.jar","axon-disruptor-4.10.0","embeddingsNode2Vec","0.27537748,-0.030384516,0.26118052,-0.1331218,-0.06423369,0.2729251,0.054926436,-0.25907272,0.018275997,0.41757494,-0.23693822,0.40354943,-0.13104713,0.2255797,-0.29248047,0.8786654",""
"/axon-messaging-4.10.0.jar","axon-messaging-4.10.0","embeddingsNode2Vec","0.27331045,-0.030220553,0.26727113,-0.12243232,-0.092003725,0.25843668,0.04552758,-0.26912904,0.025072336,0.38077372,-0.24625051,0.38150474,-0.15203664,0.24648748,-0.33547294,0.8670761",""
"/axon-eventsourcing-4.10.0.jar","axon-eventsourcing-4.10.0","embeddingsNode2Vec","0.27682588,-0.03206994,0.25415868,-0.13870211,-0.08985202,0.23617665,0.030018834,-0.29113182,0.05526009,0.3970259,-0.25075132,0.39580834,-0.13350184,0.2072345,-0.3197249,0.83711904",""
