"codeUnitName","shortCodeUnitName","propertyName","propertyValue","Source Cypher File: Dependencies_Projection/Dependencies_8_Stream_Mutated.cypher"
"/axon-test-4.10.0.jar","axon-test-4.10.0","embeddingsNode2Vec","-0.009867313,0.35928795,-0.21210021,-0.66738206,0.18150587,0.22366373,0.18304421,0.19603655,0.0394291,0.52656615,-0.3717238,-0.31682628,0.40655038,0.0551365,0.111538015,0.19348305",""
"/axon-modelling-4.10.0.jar","axon-modelling-4.10.0","embeddingsNode2Vec","-0.050399486,0.3731071,-0.2483978,-0.7258131,0.19898494,0.2119856,0.18500048,0.24039231,0.0656775,0.5072919,-0.4067082,-0.28162748,0.40943038,0.03679656,0.12855697,0.19566603",""
"/axon-configuration-4.10.0.jar","axon-configuration-4.10.0","embeddingsNode2Vec","-0.028296616,0.3554154,-0.25923833,-0.7161456,0.20711438,0.19326015,0.19938095,0.22160612,0.05968467,0.5102448,-0.39254546,-0.27766997,0.4151094,0.033470977,0.12207956,0.1688193",""
"/axon-disruptor-4.10.0.jar","axon-disruptor-4.10.0","embeddingsNode2Vec","-0.046697468,0.36954707,-0.21342687,-0.68952173,0.19814608,0.19122487,0.17568184,0.2179152,0.045837704,0.5199328,-0.3993498,-0.31279665,0.41686785,0.020412203,0.11901584,0.18135767",""
"/axon-messaging-4.10.0.jar","axon-messaging-4.10.0","embeddingsNode2Vec","-0.043464936,0.3638243,-0.2335595,-0.69018453,0.18513796,0.21237884,0.19578093,0.22863796,0.043432537,0.47672647,-0.38184622,-0.27313334,0.39196843,0.050258674,0.11668542,0.21074004",""
"/axon-eventsourcing-4.10.0.jar","axon-eventsourcing-4.10.0","embeddingsNode2Vec","-0.01469473,0.37314448,-0.2397579,-0.70142376,0.14005746,0.22454174,0.2028327,0.2281297,0.022964813,0.49497077,-0.3686496,-0.26752698,0.4128367,0.08588595,0.07405313,0.17995661",""
