"codeUnitName","shortCodeUnitName","propertyName","propertyValue","Source Cypher File: Dependencies_Projection/Dependencies_8_Stream_Mutated.cypher"
"/axon-test-4.10.0.jar","axon-test-4.10.0","embeddingsNode2Vec","0.15573244,0.28264076,0.43083593,0.04369353,0.20245913,0.19982544,-0.30534434,-0.368962,0.45532054,0.55937725,0.35333994,0.11333373,-0.19266587,0.049056914,-0.029865732,0.5491291",""
"/axon-modelling-4.10.0.jar","axon-modelling-4.10.0","embeddingsNode2Vec","0.13682935,0.31483144,0.42068493,0.05301281,0.19067259,0.19789737,-0.29429033,-0.33382896,0.42551932,0.56123495,0.34575316,0.1388932,-0.19873148,0.06096922,-0.036484197,0.57810634",""
"/axon-configuration-4.10.0.jar","axon-configuration-4.10.0","embeddingsNode2Vec","0.1448203,0.28719497,0.39128754,0.03561764,0.19880669,0.19377957,-0.3061654,-0.3744222,0.46780366,0.5439441,0.3443445,0.09971632,-0.17124921,0.03427072,-0.02927748,0.5337171",""
"/axon-disruptor-4.10.0.jar","axon-disruptor-4.10.0","embeddingsNode2Vec","0.13115202,0.303087,0.40745226,0.02984553,0.22840405,0.21682557,-0.29467267,-0.32704023,0.43587634,0.5591752,0.37130892,0.14576234,-0.16448039,0.05619706,-0.009939498,0.5851938",""
"/axon-messaging-4.10.0.jar","axon-messaging-4.10.0","embeddingsNode2Vec","0.14847118,0.29711136,0.42045933,0.03969497,0.19091676,0.21301356,-0.27520442,-0.3379533,0.42782655,0.5500762,0.34516042,0.123389356,-0.1889498,0.086158335,-0.04436264,0.58481085",""
"/axon-eventsourcing-4.10.0.jar","axon-eventsourcing-4.10.0","embeddingsNode2Vec","0.14262083,0.28444633,0.35899058,0.018178074,0.19470248,0.20358767,-0.29981712,-0.33865947,0.46666387,0.5303935,0.39282212,0.13937055,-0.15999669,0.08220258,-0.053780407,0.55065835",""
