"codeUnitName","shortCodeUnitName","propertyName","propertyValue","Source Cypher File: Dependencies_Projection/Dependencies_8_Stream_Mutated.cypher"
"/axon-test-4.10.0.jar","axon-test-4.10.0","embeddingsNode2Vec","-0.13457274,0.22515759,0.07403812,-0.038047154,-0.43247068,0.69855946,0.5040531,-0.06801207,0.02944034,0.35560352,-0.17924877,-0.4322629,0.16736142,0.017180072,-0.42548984,0.071795866",""
"/axon-modelling-4.10.0.jar","axon-modelling-4.10.0","embeddingsNode2Vec","-0.16423367,0.2403726,0.08071385,-0.056319434,-0.4695808,0.70269907,0.49469468,-0.052508682,-0.0009011617,0.3153617,-0.16648667,-0.40781102,0.16350247,0.018272363,-0.41914883,0.04520219",""
"/axon-configuration-4.10.0.jar","axon-configuration-4.10.0","embeddingsNode2Vec","-0.15747859,0.2184339,0.05025069,-0.05163386,-0.4335859,0.6880764,0.51922506,-0.058621813,0.041708928,0.34362292,-0.19896756,-0.4139599,0.17151009,-0.013843625,-0.4272474,0.040208336",""
"/axon-disruptor-4.10.0.jar","axon-disruptor-4.10.0","embeddingsNode2Vec","-0.16253826,0.23853216,0.0573452,-0.050203472,-0.46556056,0.6881578,0.5146018,-0.05481926,0.022193046,0.3230896,-0.18328184,-0.40226185,0.16936989,0.013224077,-0.43985558,0.03729475",""
"/axon-messaging-4.10.0.jar","axon-messaging-4.10.0","embeddingsNode2Vec","-0.16662246,0.24549788,0.06861795,-0.04725025,-0.48300683,0.6980176,0.5015574,-0.060152046,0.005457307,0.3080019,-0.16382107,-0.39441818,0.15869784,0.033599515,-0.42740113,0.038550436",""
"/axon-eventsourcing-4.10.0.jar","axon-eventsourcing-4.10.0","embeddingsNode2Vec","-0.15720335,0.22941127,0.05211975,-0.046194885,-0.439508,0.6730797,0.5034981,-0.03975212,0.01585746,0.33080778,-0.2015643,-0.42265964,0.18629251,0.012897592,-0.43716258,0.043624178",""
