"codeUnitName","shortCodeUnitName","propertyName","propertyValue","Source Cypher File: Dependencies_Projection/Dependencies_8_Stream_Mutated.cypher"
"/axon-test-4.10.0.jar","axon-test-4.10.0","embeddingsFastRandomProjection","0.36703533,0,0.62830496,0,0.7762662,-0.26994437,-0.09943308,-0.26126963,0.050870348,0.36703533,-1.0830368,0.1025994,0,0.576715,0.10562671,-0.51183033",""
"/axon-modelling-4.10.0.jar","axon-modelling-4.10.0","embeddingsFastRandomProjection","0.3804558,0,0.63666546,0,0.78740877,-0.28654438,-0.12398976,-0.2562096,0.056831907,0.3804558,-1.0825341,0.12411797,0,0.5816698,0.1119558,-0.5310708",""
"/axon-configuration-4.10.0.jar","axon-configuration-4.10.0","embeddingsFastRandomProjection","0.36923113,0,0.63079214,0,0.777795,-0.27202404,-0.10170798,-0.26156098,0.049795862,0.36923113,-1.083811,0.10468907,0,0.5780401,0.10552897,-0.5132529",""
"/axon-disruptor-4.10.0.jar","axon-disruptor-4.10.0","embeddingsFastRandomProjection","0.3707885,0,0.64643824,0,0.7935636,-0.2727291,-0.11344619,-0.27564967,0.04906608,0.3707885,-1.1018089,0.104292534,0,0.58097446,0.105376095,-0.52706766",""
"/axon-messaging-4.10.0.jar","axon-messaging-4.10.0","embeddingsFastRandomProjection","0.33836514,0,0.6325058,0,0.76718116,-0.25170562,-0.162268,-0.29414067,0.04801586,0.33836514,-1.0392383,0.103246234,0,0.5237628,0.097737074,-0.53206223",""
"/axon-eventsourcing-4.10.0.jar","axon-eventsourcing-4.10.0","embeddingsFastRandomProjection","0.3707908,0,0.6194371,0,0.77019745,-0.2761973,-0.10282986,-0.24864629,0.056166895,0.3707908,-1.0693812,0.11248718,0,0.5753812,0.10988016,-0.5118938",""
