"codeUnitName","shortCodeUnitName","propertyName","propertyValue","Source Cypher File: Dependencies_Projection/Dependencies_8_Stream_Mutated.cypher"
"/axon-disruptor-4.10.0.jar","axon-disruptor-4.10.0","embeddingsFastRandomProjection","-0.10620673,0.79112804,-0.68351626,0.8393171,0,0,0.31274927,-0.26456028,-0.16325799,-0.26200753,-0.57367253,0,0.26200753,0.46843237,-0.9369824,-0.05801774",""
"/axon-eventsourcing-4.10.0.jar","axon-eventsourcing-4.10.0","embeddingsFastRandomProjection","-0.117343076,0.7562433,-0.6814661,0.8151312,0,0,0.31150547,-0.2526176,-0.17048027,-0.25100815,-0.5746117,0,0.25100815,0.4625867,-0.90775716,-0.058455177",""
"/axon-configuration-4.10.0.jar","axon-configuration-4.10.0","embeddingsFastRandomProjection","-0.10623589,0.7713971,-0.67618406,0.8203671,0,0,0.30945903,-0.26048914,-0.16217405,-0.2504189,-0.5676534,0,0.2504189,0.46274543,-0.91638744,-0.05726599",""
"/axon-test-4.10.0.jar","axon-test-4.10.0","embeddingsFastRandomProjection","-0.10317887,0.76529753,-0.67207444,0.81571853,0,0,0.30965826,-0.2592373,-0.1574755,-0.24682304,-0.56258184,0,0.24682304,0.45786434,-0.91116667,-0.052757896",""
"/axon-modelling-4.10.0.jar","axon-modelling-4.10.0","embeddingsFastRandomProjection","-0.13223408,0.7782837,-0.7009056,0.838058,0,0,0.31422296,-0.25444862,-0.18811606,-0.2693865,-0.5956587,0,0.2693865,0.4800025,-0.93137777,-0.07245974",""
"/axon-messaging-4.10.0.jar","axon-messaging-4.10.0","embeddingsFastRandomProjection","-0.099952735,0.76980686,-0.567961,0.8141806,0,0,0.256191,-0.21181728,-0.14589249,-0.34617233,-0.48080558,0,0.34617233,0.3904922,-0.89290273,-0.055579",""
