"codeUnitName","shortCodeUnitName","propertyName","propertyValue","Source Cypher File: Dependencies_Projection/Dependencies_8_Stream_Mutated.cypher"
"/axon-test-4.10.0.jar","axon-test-4.10.0","embeddingsFastRandomProjection","0.66489744,0,-0.3573305,0.35242096,0,-0.3573305,0.7903169,0.30756697,0.5275531,0.4329864,-0.8505056,-0.17513207,0.09456667,0.5429387,0.053335354,0.21998611",""
"/axon-modelling-4.10.0.jar","axon-modelling-4.10.0","embeddingsFastRandomProjection","0.67416835,0,-0.36962563,0.34026524,0,-0.36962563,0.8169331,0.30454266,0.5384724,0.4473074,-0.8562362,-0.19820717,0.091165006,0.55169356,0.053549122,0.23392981",""
"/axon-configuration-4.10.0.jar","axon-configuration-4.10.0","embeddingsFastRandomProjection","0.6659068,0,-0.35939932,0.35252506,0,-0.35939932,0.79508877,0.3065075,0.5303415,0.43568948,-0.85113436,-0.17781639,0.09465206,0.54462683,0.054283522,0.22383404",""
"/axon-disruptor-4.10.0.jar","axon-disruptor-4.10.0","embeddingsFastRandomProjection","0.6684509,0,-0.3608463,0.35520083,0,-0.3608463,0.812079,0.30760458,0.5467075,0.45123267,-0.8682483,-0.19150665,0.09547478,0.56064373,0.054840192,0.23910293",""
"/axon-messaging-4.10.0.jar","axon-messaging-4.10.0","embeddingsFastRandomProjection","0.6069808,0,-0.33011863,0.31423885,0,-0.33011863,0.78158903,0.27686214,0.5359937,0.45147043,-0.825001,-0.22175485,0.084523305,0.54813886,0.04852376,0.25913155",""
"/axon-eventsourcing-4.10.0.jar","axon-eventsourcing-4.10.0","embeddingsFastRandomProjection","0.66697025,0,-0.36061904,0.34344235,0,-0.36061904,0.7880808,0.30635124,0.51944005,0.42746174,-0.8410589,-0.17599767,0.09197836,0.53470767,0.052239664,0.21308887",""
