"codeUnitName","shortCodeUnitName","propertyName","propertyValue","Source Cypher File: Dependencies_Projection/Dependencies_8_Stream_Mutated.cypher"
"/axon-disruptor-4.10.0.jar","axon-disruptor-4.10.0","embeddingsNode2Vec","0.16812474,0.29841375,-0.20970087,-0.11846343,0.059542835,0.637757,-0.29708388,-0.61932856,-0.047934365,0.024771353,0.45000407,0.23004013,-0.44897804,0.11473316,-0.23235965,0.21637006",""
"/axon-eventsourcing-4.10.0.jar","axon-eventsourcing-4.10.0","embeddingsNode2Vec","0.15330648,0.27927005,-0.24496299,-0.12921989,0.07231373,0.6016521,-0.30852067,-0.600321,-0.04095133,-0.0059387907,0.442835,0.26907927,-0.4539558,0.08317525,-0.23983291,0.19793959",""
"/axon-configuration-4.10.0.jar","axon-configuration-4.10.0","embeddingsNode2Vec","0.15027851,0.30979544,-0.20989455,-0.13102485,0.03801123,0.6307716,-0.28867024,-0.6026238,-0.040666513,-0.008619976,0.45397022,0.26105535,-0.4596624,0.1066218,-0.23620039,0.176718",""
"/axon-test-4.10.0.jar","axon-test-4.10.0","embeddingsNode2Vec","0.15236534,0.30360305,-0.2238775,-0.13314876,0.04396433,0.61419725,-0.32210708,-0.6236814,-0.06325073,-0.004329982,0.43462315,0.2629627,-0.43264905,0.13233688,-0.2751507,0.2111185",""
"/axon-modelling-4.10.0.jar","axon-modelling-4.10.0","embeddingsNode2Vec","0.14004953,0.28506297,-0.24929328,-0.14076638,0.05066701,0.59954077,-0.32356185,-0.6026728,-0.04610661,0.02606273,0.42329758,0.23090957,-0.42680773,0.099232376,-0.25275293,0.21961756",""
"/axon-messaging-4.10.0.jar","axon-messaging-4.10.0","embeddingsNode2Vec","0.17631519,0.30929452,-0.22745468,-0.12189254,0.068382554,0.59828484,-0.30269778,-0.63605636,-0.06174866,-0.029551681,0.42973366,0.27948266,-0.42039195,0.11932289,-0.26337656,0.19524683",""
