"codeUnitName","shortCodeUnitName","propertyName","propertyValue","Source Cypher File: Dependencies_Projection/Dependencies_8_Stream_Mutated.cypher"
"/axon-test-4.10.0.jar","axon-test-4.10.0","embeddingsFastRandomProjection","0.9085411,-0.39493686,0.5934504,0.7045239,0.08534975,-0.11404844,0.03533875,0.38829678,-0.5081007,0.20401716,-0.084029295,0.0787097,-0.7045239,0.43445873,-0.46682248,-0.123217165",""
"/axon-modelling-4.10.0.jar","axon-modelling-4.10.0","embeddingsFastRandomProjection","0.93205297,-0.40304598,0.5986894,0.71337545,0.09271647,-0.124238126,0.029240653,0.40532696,-0.5059729,0.21867758,-0.081552446,0.09499749,-0.71337545,0.44415674,-0.46384522,-0.1354392",""
"/axon-configuration-4.10.0.jar","axon-configuration-4.10.0","embeddingsFastRandomProjection","0.91200054,-0.39642167,0.59545785,0.7060913,0.086752,-0.1165795,0.036259886,0.38998926,-0.5087059,0.20590928,-0.083524935,0.08031963,-0.7060913,0.4363275,-0.46664116,-0.12393874",""
"/axon-disruptor-4.10.0.jar","axon-disruptor-4.10.0","embeddingsFastRandomProjection","0.9263502,-0.4046489,0.60669446,0.7183387,0.0909591,-0.118165396,0.037584905,0.39427027,-0.51573527,0.20801146,-0.08462553,0.080580495,-0.7183387,0.44186616,-0.47292984,-0.12798876",""
"/axon-messaging-4.10.0.jar","axon-messaging-4.10.0","embeddingsFastRandomProjection","0.8845333,-0.4213702,0.59633404,0.69629765,0.14644285,-0.108008996,0.029836902,0.35309947,-0.4498912,0.18823579,-0.0729074,0.0781721,-0.69629765,0.3909436,-0.4127349,-0.18150613",""
"/axon-eventsourcing-4.10.0.jar","axon-eventsourcing-4.10.0","embeddingsFastRandomProjection","0.9079396,-0.39220235,0.5864369,0.6995061,0.08489853,-0.11553424,0.02986716,0.39297086,-0.5015384,0.20843355,-0.082219236,0.08566709,-0.6995061,0.43358913,-0.46099114,-0.12649955",""
