"name","shortName","pageRank","articleRank","betweenness","costEffectiveLazyForward","harmonicCloseness","closeness","hyperlinkInducedTopicSearchAuthority","hyperlinkInducedTopicSearchHub","incomingDependencies","outgoingDependencies","Source Cypher File: Centrality/Centrality_90_Summary.cypher"
"/axon-server-connector-4.10.3.jar","axon-server-connector-4.10.3",0.1343984002640363,0.13617649518504316,0,1.0700000000000003,0.125,0.125,0.11769345992908058,0.11769345992908058,1,4,""
"/axon-configuration-4.10.3.jar","axon-configuration-4.10.3",0.13772144713920115,0.13953326852328093,3,0,0.25,0.25,0.21656884135427873,0.21656884135427873,2,4,""
"/axon-disruptor-4.10.3.jar","axon-disruptor-4.10.3",0.1207509231434485,0.12240161781772937,4,1.13,0.25,0.22499999999999998,0.092249552667855,0.092249552667855,1,3,""
"/axon-messaging-4.10.3.jar","axon-messaging-4.10.3",0.9174543565924281,0.9152377792344314,0,0,1,1,0.6100796914680607,0.6100796914680607,8,0,""
"/axon-eventsourcing-4.10.3.jar","axon-eventsourcing-4.10.3",0.15987964879613495,0.16181646839484343,0,0,0.625,0.625,0.48348427483770595,0.48348427483770595,5,2,""
"/axon-modelling-4.10.3.jar","axon-modelling-4.10.3",0.1931334022758942,0.19531852900479058,0,0,0.75,0.75,0.5450490175201722,0.5450490175201722,6,1,""
"/axon-spring-boot-autoconfigure-4.10.3.jar","axon-spring-boot-autoconfigure-4.10.3",0.12041259010856896,0.12206020425489454,0,2.13,0,0,0,0,0,7,""
"/axon-test-4.10.3.jar","axon-test-4.10.3",0.12104830875199929,0.12270185384262856,1,0.8700000000000001,0.125,0.125,0.11769345992908058,0.11769345992908058,1,3,""
"/axon-tracing-opentelemetry-4.10.3.jar","axon-tracing-opentelemetry-4.10.3",0.12104830875199929,0.12270185384262856,1,0.8700000000000001,0.125,0.125,0.11769345992908058,0.11769345992908058,1,1,""
