"name","shortName","pageRank","articleRank","betweenness","costEffectiveLazyForward","harmonicCloseness","closeness","hyperlinkInducedTopicSearchAuthority","hyperlinkInducedTopicSearchHub","incomingDependencies","outgoingDependencies","Source Cypher File: Centrality/Centrality_90_Summary.cypher"
"/axon-messaging-4.10.3.jar","axon-messaging-4.10.3",0.9174543565924281,0.9152377792344315,0.0,0.9199999999999999,1.0,1.0,0.6100796914680607,0.6100796914680607,8,0,""
"/axon-eventsourcing-4.10.3.jar","axon-eventsourcing-4.10.3",0.15987964879613492,0.16181646839484345,0.0,0.0,0.625,0.625,0.48348427483770595,0.48348427483770595,5,2,""
"/axon-spring-boot-autoconfigure-4.10.3.jar","axon-spring-boot-autoconfigure-4.10.3",0.12041259010856895,0.12206020425489457,0.0,1.99,0.0,0.0,0.0,0.0,0,7,""
"/axon-server-connector-4.10.3.jar","axon-server-connector-4.10.3",0.13439840026403627,0.13617649518504318,0.0,0.9699999999999998,0.125,0.125,0.11769345992908058,0.11769345992908058,1,4,""
"/axon-tracing-opentelemetry-4.10.3.jar","axon-tracing-opentelemetry-4.10.3",0.12104830875199928,0.12270185384262858,1.0,0.9199999999999999,0.125,0.125,0.11769345992908058,0.11769345992908058,1,1,""
"/axon-configuration-4.10.3.jar","axon-configuration-4.10.3",0.13772144713920112,0.13953326852328096,3.0,0.0,0.25,0.25,0.21656884135427873,0.21656884135427873,2,4,""
"/axon-modelling-4.10.3.jar","axon-modelling-4.10.3",0.19313340227589415,0.19531852900479063,0.0,0.0,0.75,0.75,0.5450490175201722,0.5450490175201722,6,1,""
"/axon-disruptor-4.10.3.jar","axon-disruptor-4.10.3",0.12075092314344849,0.1224016178177294,4.0,1.0000000000000002,0.25,0.22499999999999998,0.09224955266785502,0.09224955266785502,1,3,""
"/axon-test-4.10.3.jar","axon-test-4.10.3",0.12104830875199928,0.12270185384262858,1.0,0.0,0.125,0.125,0.11769345992908058,0.11769345992908058,1,3,""
