"codeUnitName","shortCodeUnitName","propertyName","propertyValue","Source Cypher File: Dependencies_Projection/Dependencies_8_Stream_Mutated.cypher"
"axon-server-connector-4.10.2","axon-server-connector-4.10.2","embeddingsFastRandomProjection","-0.28726235,-0.26339126,-0.664217,-0.7410244,-0.22238696,0.38498744,0,0.13895012,0,-0.7837187,-0.069343716,-0.05904115,0.006449921,0.39970484,-0.7304591,-0.40371197",""
"axon-tracing-opentelemetry-4.10.2","axon-tracing-opentelemetry-4.10.2","embeddingsFastRandomProjection","-0.2790902,-0.2600905,-0.6495891,-0.72941726,-0.21871346,0.37614393,0,0.13518475,0,-0.7677794,-0.07271093,-0.056339677,0.0064461683,0.39104125,-0.7232831,-0.3978505",""
"axon-eventsourcing-4.10.2","axon-eventsourcing-4.10.2","embeddingsFastRandomProjection","-0.31163314,-0.27464455,-0.70540833,-0.787813,-0.23078695,0.4160282,0,0.14692204,0,-0.83108824,-0.055873767,-0.06113646,0.0066195186,0.4270683,-0.7579012,-0.42093134",""
"axon-test-4.10.2","axon-test-4.10.2","embeddingsFastRandomProjection","-0.30036107,-0.27562922,-0.685325,-0.77451897,-0.22546005,0.40476575,0,0.1473226,0,-0.8133997,-0.06358704,-0.055031784,0.006502255,0.41517913,-0.7458153,-0.41917342",""
"axon-configuration-4.10.2","axon-configuration-4.10.2","embeddingsFastRandomProjection","-0.32050848,-0.27838004,-0.7168386,-0.8066497,-0.23083302,0.42756045,0,0.14747587,0,-0.8457668,-0.052558616,-0.05525159,0.0067558168,0.4408663,-0.766984,-0.4262689",""
"axon-messaging-4.10.2","axon-messaging-4.10.2","embeddingsFastRandomProjection","-0.33286706,-0.24478279,-0.6900073,-0.7597719,-0.20793806,0.42638052,0,0.13205159,0,-0.80189335,0.0040804744,-0.05469016,0.005838665,0.43534297,-0.67833,-0.37776813",""
"axon-modelling-4.10.2","axon-modelling-4.10.2","embeddingsFastRandomProjection","-0.3228775,-0.27786303,-0.7142117,-0.7834719,-0.23650226,0.41781518,0,0.14575756,0,-0.8370112,-0.049475208,-0.07021916,0.0065473095,0.43086615,-0.75740874,-0.42302394",""
"axon-spring-boot-autoconfigure-4.10.2","axon-spring-boot-autoconfigure-4.10.2","embeddingsFastRandomProjection","-0.33944717,-0.27629107,-0.7576052,-0.83381367,-0.23812506,0.45177525,0,0.1564134,0,-0.88592327,-0.03923157,-0.06345223,0.006745145,0.46401086,-0.78008413,-0.4328689",""
"axon-disruptor-4.10.2","axon-disruptor-4.10.2","embeddingsFastRandomProjection","-0.31225118,-0.27936423,-0.7022184,-0.78880394,-0.22919708,0.41597146,0,0.14938265,0,-0.83136106,-0.057952076,-0.05669798,0.006546508,0.42783487,-0.7540713,-0.4250413",""
