"codeUnitName","shortCodeUnitName","propertyName","propertyValue","Source Cypher File: Dependencies_Projection/Dependencies_8_Stream_Mutated.cypher"
"/axon-disruptor-4.9.1.jar","axon-disruptor-4.9.1","embeddingsNode2Vec","-0.0069967113,-0.024287276,-0.012873428,0.006386917,-0.022789033,0.029821286,-0.016816545,-0.022386244,0.00096304837,0.00359963,0.010307167,-0.0041029635,-0.022788322,-0.021246709,0.0018506356,0.00071393733",""
"/axon-modelling-4.9.1.jar","axon-modelling-4.9.1","embeddingsNode2Vec","-0.024677604,-0.021456083,0.0014623855,0.008413897,0.026356962,0.0037908957,-0.021675415,-0.028845951,0.0013082637,0.023840716,0.0301716,-0.012242566,0.021494618,0.013672495,-0.0041080234,0.027472083",""
"/axon-messaging-4.9.1.jar","axon-messaging-4.9.1","embeddingsNode2Vec","-0.013513833,-0.018414244,0.028182896,-0.026256213,0.031246684,-0.015460449,0.012169699,-0.004242393,0.012179104,0.015286229,0.028868593,-0.007312001,-0.02001664,0.023306534,0.012462197,-0.01900484",""
"/axon-configuration-4.9.1.jar","axon-configuration-4.9.1","embeddingsNode2Vec","-0.0074438057,0.02597682,0.0105615845,-0.0027113156,-0.010226138,-0.024566276,-0.0022848635,0.025718044,0.022433475,-0.019056614,0.022419402,-0.015128402,0.0009888146,0.025784355,0.018494816,-0.02250153",""
"/axon-test-4.9.1.jar","axon-test-4.9.1","embeddingsNode2Vec","0.029502897,-0.02549012,-0.013981186,-0.019334704,-0.011470074,0.009240689,0.021177268,0.013066351,-0.028429111,0.012085874,-0.01084192,0.004918259,-0.0026403395,0.029721279,-0.0022040736,-0.029847525",""
"/axon-eventsourcing-4.9.1.jar","axon-eventsourcing-4.9.1","embeddingsNode2Vec","-0.028237874,0.0064698053,0.015850546,0.021542627,-0.01258521,-0.015435583,-0.026845533,0.023130665,-0.0026890992,0.013669828,0.017821364,-0.0177543,-0.020930616,0.01164445,0.025389902,0.0191291",""
