"codeUnitName","shortCodeUnitName","propertyName","propertyValue","Source Cypher File: Dependencies_Projection/Dependencies_8_Stream_Mutated.cypher"
"/axon-test-4.9.1.jar","axon-test-4.9.1","embeddingsFastRandomProjection","-0.25668225,-0.1939238,0.25668225,-0.45541507,0.18835789,-0.011131227,0.15609637,0.6059462,-0.47043028,0.45541507,-0.3715264,-0.41804683,0.2042988,0.11484419,-0.554319,0.554319",""
"/axon-modelling-4.9.1.jar","axon-modelling-4.9.1","embeddingsFastRandomProjection","-0.27269834,-0.1999735,0.27269834,-0.5206631,0.2344817,0.00665915,0.2066698,0.6994839,-0.51290405,0.5206631,-0.4134673,-0.4536623,0.21345659,0.14076902,-0.6200999,0.6200999",""
"/axon-messaging-4.9.1.jar","axon-messaging-4.9.1","embeddingsFastRandomProjection","-0.20313698,-0.23698595,0.20313698,-0.3763499,0.250038,0.0858483,0.140524,0.5896702,-0.37615755,0.3763499,-0.21483663,-0.3331815,0.1601609,0.011699706,-0.53767085,0.53767085",""
"/axon-disruptor-4.9.1.jar","axon-disruptor-4.9.1","embeddingsFastRandomProjection","-0.28071517,-0.21351308,0.28071517,-0.49938968,0.21103753,-0.005658567,0.17399904,0.6702057,-0.5100803,0.49938968,-0.40080774,-0.45051527,0.2211501,0.120092645,-0.60866225,0.60866225",""
"/axon-eventsourcing-4.9.1.jar","axon-eventsourcing-4.9.1","embeddingsFastRandomProjection","-0.25064135,-0.18726057,0.25064135,-0.46369177,0.20137382,-0.0049670935,0.17239326,0.61700463,-0.47119662,0.46369177,-0.3762974,-0.41949242,0.19893713,0.12565616,-0.5585909,0.5585909",""
"/axon-configuration-4.9.1.jar","axon-configuration-4.9.1","embeddingsFastRandomProjection","-0.2606105,-0.19397074,0.2606105,-0.4657073,0.19343975,-0.009224147,0.16345167,0.6204658,-0.47564656,0.4657073,-0.3783037,-0.42066386,0.20562781,0.1176932,-0.5630502,0.5630502",""
