"codeUnitName","shortCodeUnitName","propertyName","propertyValue","Source Cypher File: Dependencies_Projection/Dependencies_8_Stream_Mutated.cypher"
"/axon-disruptor-4.9.1.jar","axon-disruptor-4.9.1","embeddingsFastRandomProjection","0,0.50215995,0.27031302,-0.039265953,0,0.5504401,-0.6371153,-1.2157784,-0.048280142,-0.40693912,0.3189931,0.1259411,0.43516213,-0.7148892,-0.269955,-0.13622616",""
"/axon-modelling-4.9.1.jar","axon-modelling-4.9.1","embeddingsFastRandomProjection","0,0.4916438,0.28849417,-0.052309178,0,0.55585647,-0.6374041,-1.201533,-0.064212754,-0.43619344,0.3361892,0.13385674,0.44446582,-0.72834575,-0.2582998,-0.16421697",""
"/axon-messaging-4.9.1.jar","axon-messaging-4.9.1","embeddingsFastRandomProjection","0,0.412415,0.23351482,-0.038194064,0,0.45989794,-0.53055376,-1.1417791,-0.047482945,-0.35025418,0.27278748,0.10884988,0.50158155,-0.7361748,-0.35453755,-0.12494965",""
"/axon-configuration-4.9.1.jar","axon-configuration-4.9.1","embeddingsFastRandomProjection","0,0.49549526,0.26789808,-0.040428873,0,0.5429687,-0.62800074,-1.1888217,-0.047473457,-0.4034018,0.3154355,0.12546092,0.42125392,-0.69626045,-0.25536406,-0.13543974",""
"/axon-test-4.9.1.jar","axon-test-4.9.1","embeddingsFastRandomProjection","0,0.49669898,0.2657843,-0.042017646,0,0.5387972,-0.6236198,-1.1844357,-0.042098198,-0.39914644,0.3114565,0.12684025,0.42116505,-0.69060385,-0.2523071,-0.12978807",""
"/axon-eventsourcing-4.9.1.jar","axon-eventsourcing-4.9.1","embeddingsFastRandomProjection","0,0.4914211,0.27577925,-0.051715463,0,0.5404425,-0.62201583,-1.1741138,-0.049021427,-0.41711563,0.3205897,0.1332888,0.42877105,-0.69764525,-0.24376674,-0.14554736",""
