"codeUnitName","shortCodeUnitName","propertyName","propertyValue","Source Cypher File: Dependencies_Projection/Dependencies_8_Stream_Mutated.cypher"
"/axon-disruptor-4.9.1.jar","axon-disruptor-4.9.1","embeddingsFastRandomProjection","0.92466795,0.4949572,0.08708621,-0.60691243,0.38866287,-0.24925558,-0.32856327,-0.13116333,0.6907642,-0.37686497,0.16639392,0.124374986,0.2114612,0.2114612,1.0225619,-0.045067273",""
"/axon-modelling-4.9.1.jar","axon-modelling-4.9.1","embeddingsFastRandomProjection","0.93305635,0.48741618,0.08277311,-0.6240284,0.38096714,-0.25402826,-0.3293357,-0.16028813,0.6869594,-0.39367613,0.15808053,0.11980573,0.20257884,0.20257884,1.0361372,-0.044498302",""
"/axon-messaging-4.9.1.jar","axon-messaging-4.9.1","embeddingsFastRandomProjection","0.7754791,0.4101178,0.07019609,-0.6493137,0.45581847,-0.20987561,-0.27489865,-0.12329914,0.70751387,-0.32354137,0.13521914,0.10166981,0.17186593,0.17186593,0.99440855,-0.03664676",""
"/axon-configuration-4.9.1.jar","axon-configuration-4.9.1","embeddingsFastRandomProjection","0.9139692,0.4890686,0.08619261,-0.5903015,0.3735195,-0.24710643,-0.3249912,-0.1305893,0.67297506,-0.37255147,0.16407737,0.12192608,0.20811869,0.20811869,1.0014853,-0.044041306",""
"/axon-test-4.9.1.jar","axon-test-4.9.1","embeddingsFastRandomProjection","0.90938026,0.48970532,0.08756396,-0.5830074,0.37034765,-0.24746826,-0.32480484,-0.12509574,0.67015797,-0.36733285,0.16490051,0.11945121,0.20701517,0.20701517,0.9953762,-0.042114664",""
"/axon-eventsourcing-4.9.1.jar","axon-eventsourcing-4.9.1","embeddingsFastRandomProjection","0.91362995,0.48616257,0.084978916,-0.5904641,0.3641804,-0.25171214,-0.32644787,-0.1413048,0.6676047,-0.37575525,0.15971468,0.116204716,0.20118365,0.20118365,1.0018909,-0.041468963",""
