"codeUnitName","shortCodeUnitName","propertyName","propertyValue","Source Cypher File: Dependencies_Projection/Dependencies_8_Stream_Mutated.cypher"
"/axon-disruptor-4.9.1.jar","axon-disruptor-4.9.1","embeddingsFastRandomProjection","0.64103574,0.26396453,-0.2595889,0.09276237,-0.5870743,-0.0061591603,0.18055129,0.34737778,-0.083413266,-0.7676256,0.18055129,0.09276237,0.31355032,1.3885672,0.31355032,0.08778892",""
"/axon-modelling-4.9.1.jar","axon-modelling-4.9.1","embeddingsFastRandomProjection","0.65900093,0.26641324,-0.24719062,0.088464424,-0.5764754,-0.03554443,0.18705013,0.34577632,-0.07936311,-0.7635255,0.18705013,0.088464424,0.32971627,1.3874136,0.32971627,0.09858572",""
"/axon-messaging-4.9.1.jar","axon-messaging-4.9.1","embeddingsFastRandomProjection","0.6908033,0.22393414,-0.21498156,0.07591086,-0.6319641,-0.019276088,0.15439877,0.2934695,-0.06953535,-0.7863629,0.15439877,0.07591086,0.2738207,1.3147283,0.2738207,0.07848795",""
"/axon-configuration-4.9.1.jar","axon-configuration-4.9.1","embeddingsFastRandomProjection","0.6316786,0.2647217,-0.25884843,0.09292247,-0.57646424,-0.007878748,0.18175873,0.34768465,-0.08296298,-0.758223,0.18175873,0.09292247,0.31406277,1.37847,0.31406277,0.08883625",""
"/axon-test-4.9.1.jar","axon-test-4.9.1","embeddingsFastRandomProjection","0.6258279,0.2659134,-0.25988954,0.09449233,-0.5750223,-0.005123134,0.18321477,0.34861195,-0.08269863,-0.758237,0.18321477,0.09449233,0.31069517,1.3745043,0.31069517,0.08872245",""
"/axon-eventsourcing-4.9.1.jar","axon-eventsourcing-4.9.1","embeddingsFastRandomProjection","0.6349709,0.268696,-0.25209972,0.0919229,-0.56774807,-0.022289135,0.1886076,0.34878442,-0.08008841,-0.75635564,0.1886076,0.0919229,0.31932262,1.3727118,0.31932262,0.0966847",""
