"codeUnitName","shortCodeUnitName","propertyName","propertyValue","Source Cypher File: Dependencies_Projection/Dependencies_8_Stream_Mutated.cypher"
"/axon-disruptor-4.9.1.jar","axon-disruptor-4.9.1","embeddingsNode2Vec","-0.024667861,-0.021861538,-0.0045488616,-0.02309887,-0.027886076,0.0023804572,-0.02619132,-0.006290393,-0.012451105,-0.029774707,-0.01840906,0.0028072647,-0.012807174,0.0044387183,0.011584274,0.026142038",""
"/axon-modelling-4.9.1.jar","axon-modelling-4.9.1","embeddingsNode2Vec","0.020959415,0.021439776,-0.02570612,0.025824666,0.023668611,0.01467677,-0.008448082,0.009772438,0.01624962,-0.008325639,0.0020520438,0.011128094,0.020959474,-0.014435902,-0.028708631,0.02551881",""
"/axon-messaging-4.9.1.jar","axon-messaging-4.9.1","embeddingsNode2Vec","-0.007902477,-0.0001792181,-0.0141882645,0.010728652,0.016611299,-0.016695725,0.024798786,0.0075134533,0.0069336994,0.020652661,-0.02490418,0.0021711402,0.0034229152,-0.009734163,0.01088763,-0.010610055",""
"/axon-configuration-4.9.1.jar","axon-configuration-4.9.1","embeddingsNode2Vec","-0.01600228,0.025566412,0.003937935,-0.014491842,-0.018434038,0.023090562,-0.023775002,-0.021988116,0.019670395,0.0075261733,-0.008648122,0.0015194503,-0.029851515,0.0077575063,0.003995809,0.010046395",""
"/axon-test-4.9.1.jar","axon-test-4.9.1","embeddingsNode2Vec","0.021145979,0.03012458,0.008725966,0.021254683,0.022348123,-0.019624742,0.010526976,0.004056516,0.003279919,-0.014455505,-0.004405263,0.029669108,0.009744722,-0.013107929,0.015035414,0.0015900849",""
"/axon-eventsourcing-4.9.1.jar","axon-eventsourcing-4.9.1","embeddingsNode2Vec","0.025882814,-0.020529395,-0.006367947,0.0077020233,-0.011214357,-0.0010763174,-0.01786692,0.0028767926,-0.01647697,-0.01391331,-0.007686886,-0.00084822794,0.028318292,0.027126616,-0.0025637741,0.0020789672",""
