"codeUnitName","shortCodeUnitName","propertyName","propertyValue","Source Cypher File: Dependencies_Projection/Dependencies_8_Stream_Mutated.cypher"
"/axon-disruptor-4.9.1.jar","axon-disruptor-4.9.1","embeddingsFastRandomProjection","-0.2224461,0.31868288,0.2514215,0.46429658,0.2514215,0.052896842,0.7829794,0.26577196,-0.84670675,-0.33515665,0.5788115,-0.46429658,-0.19640127,0.31868288,0.7773362,0.11663829",""
"/axon-modelling-4.9.1.jar","axon-modelling-4.9.1","embeddingsFastRandomProjection","-0.20750688,0.31396273,0.24665079,0.46737292,0.24665079,0.0546391,0.78133565,0.27536127,-0.85700047,-0.31236413,0.6119484,-0.46737292,-0.22232077,0.31396273,0.8039601,0.114266366",""
"/axon-messaging-4.9.1.jar","axon-messaging-4.9.1","embeddingsFastRandomProjection","-0.0642637,0.24701011,0.1948874,0.46843535,0.1948874,-0.062252402,0.7154455,0.21129562,-0.77053255,-0.35540503,0.46725023,-0.46843535,-0.16515307,0.24701011,0.72439003,0.09080157",""
"/axon-configuration-4.9.1.jar","axon-configuration-4.9.1","embeddingsFastRandomProjection","-0.22213176,0.30932993,0.2443101,0.4445784,0.2443101,0.059376195,0.7539083,0.25964454,-0.81729317,-0.3176687,0.5646443,-0.4445784,-0.19192952,0.30932993,0.7495781,0.11307022",""
"/axon-test-4.9.1.jar","axon-test-4.9.1","embeddingsFastRandomProjection","-0.22122219,0.30654278,0.2435241,0.44077832,0.2435241,0.061605036,0.7473211,0.25885928,-0.8115712,-0.3175376,0.55705225,-0.44077832,-0.18625936,0.30654278,0.73897135,0.11193365",""
"/axon-eventsourcing-4.9.1.jar","axon-eventsourcing-4.9.1","embeddingsFastRandomProjection","-0.21171094,0.30279854,0.2401168,0.44137657,0.2401168,0.064019054,0.7441751,0.26527882,-0.81682765,-0.30409372,0.5754156,-0.44137657,-0.19996457,0.30279854,0.75151336,0.11017223",""
