"codeUnitName","shortCodeUnitName","propertyName","propertyValue","Source Cypher File: Dependencies_Projection/Dependencies_8_Stream_Mutated.cypher"
"/axon-disruptor-4.9.1.jar","axon-disruptor-4.9.1","embeddingsFastRandomProjection","-0.55093825,0.094414525,-0.7001155,-0.55093825,0.70511365,0.460239,0.45152557,-0.60570097,-0.19866106,0.25286448,-0.6088568,0,0.5112864,0.094414525,0,-0.6088568",""
"/axon-modelling-4.9.1.jar","axon-modelling-4.9.1","embeddingsFastRandomProjection","-0.5503148,0.090718105,-0.69988567,-0.5503148,0.72333443,0.48135152,0.43614796,-0.60916764,-0.19113716,0.24501078,-0.6259432,0,0.5184494,0.090718105,0,-0.6259432",""
"/axon-messaging-4.9.1.jar","axon-messaging-4.9.1","embeddingsFastRandomProjection","-0.44968465,0.07633958,-0.7122533,-0.44968465,0.72324896,0.38632613,0.3623494,-0.6359137,-0.1594063,0.20294306,-0.5062024,0,0.5595741,0.07633958,0,-0.5062024",""
"/axon-configuration-4.9.1.jar","axon-configuration-4.9.1","embeddingsFastRandomProjection","-0.54151666,0.092274286,-0.6775694,-0.54151666,0.6842636,0.45323136,0.44254825,-0.5852951,-0.19491339,0.24763486,-0.598227,0,0.49302077,0.092274286,0,-0.598227",""
"/axon-test-4.9.1.jar","axon-test-4.9.1","embeddingsFastRandomProjection","-0.540325,0.09156945,-0.6725112,-0.540325,0.679428,0.44935822,0.44183877,-0.58094186,-0.19564718,0.24619158,-0.5914721,0,0.48937228,0.09156945,0,-0.5914721",""
"/axon-eventsourcing-4.9.1.jar","axon-eventsourcing-4.9.1","embeddingsFastRandomProjection","-0.5411812,0.08919645,-0.6704893,-0.5411812,0.6902589,0.46037108,0.4322151,-0.5812928,-0.19109565,0.24111944,-0.59959126,0,0.49209633,0.08919645,0,-0.59959126",""
