"codeUnitName","shortCodeUnitName","propertyName","propertyValue","Source Cypher File: Dependencies_Projection/Dependencies_8_Stream_Mutated.cypher"
"/axon-eventsourcing-4.9.1.jar","axon-eventsourcing-4.9.1","embeddingsFastRandomProjection","-0.5414188,-0.20164806,0.1347439,0.6256646,0.7315867,0.14622407,0,0.4909207,0.4206378,-0.10231428,0.23046991,0.8050791,-0.44569278,0.1396698,-0.6473409,-0.6256646",""
"/axon-messaging-4.9.1.jar","axon-messaging-4.9.1","embeddingsFastRandomProjection","-0.55929273,-0.16246556,0.117814295,0.6301226,0.719188,0.12038466,0,0.51230836,0.35110977,0.026133955,0.19121455,0.664305,-0.48589253,0.11291077,-0.6483581,-0.6301226",""
"/axon-configuration-4.9.1.jar","axon-configuration-4.9.1","embeddingsFastRandomProjection","-0.54677314,-0.19582182,0.13581495,0.6332744,0.72953916,0.14887078,0,0.4974594,0.41813797,-0.10978043,0.23537199,0.7997695,-0.44721615,0.13345224,-0.643038,-0.6332744",""
"/axon-disruptor-4.9.1.jar","axon-disruptor-4.9.1","embeddingsFastRandomProjection","-0.560531,-0.1969176,0.13778217,0.6483166,0.7445227,0.15070817,0,0.51053447,0.42248538,-0.10448681,0.23849374,0.80743337,-0.4598195,0.13399504,-0.6567371,-0.6483166",""
"/axon-modelling-4.9.1.jar","axon-modelling-4.9.1","embeddingsFastRandomProjection","-0.5563173,-0.20387925,0.14687753,0.6414109,0.75947857,0.14759548,0,0.49453333,0.4358504,-0.09157711,0.23268905,0.82224596,-0.47050583,0.14137736,-0.6743851,-0.6414109",""
"/axon-test-4.9.1.jar","axon-test-4.9.1","embeddingsFastRandomProjection","-0.54449105,-0.19631758,0.13151774,0.63050354,0.724012,0.1483144,0,0.49898583,0.41384777,-0.110414594,0.23432685,0.7964173,-0.44168198,0.13401562,-0.63799965,-0.63050354",""
