"codeUnitName","shortCodeUnitName","propertyName","propertyValue","Source Cypher File: Dependencies_Projection/Dependencies_8_Stream_Mutated.cypher"
"/axon-disruptor-4.9.1.jar","axon-disruptor-4.9.1","embeddingsNode2Vec","0.028525734,0.022360036,-0.004610163,-0.008457952,-0.0031585032,0.017426891,-0.011755709,-0.022868626,0.027845675,0.0059429617,0.011016278,-0.004547685,-0.01805285,-0.008346249,0.0062911,0.014961105",""
"/axon-modelling-4.9.1.jar","axon-modelling-4.9.1","embeddingsNode2Vec","-0.022401476,-0.005656657,0.0075916993,-0.0067604287,-0.017243398,0.024814978,0.0012570551,-0.025013048,-0.008505737,-0.018227894,-0.028326979,0.0023660825,-0.004945026,-0.00012339471,-0.030765213,0.008502297",""
"/axon-messaging-4.9.1.jar","axon-messaging-4.9.1","embeddingsNode2Vec","-0.011696284,0.022793965,-0.003567919,-0.014720654,-0.028588653,0.023981787,-0.00824032,-0.02965719,0.0029114895,0.009943169,0.0129596535,0.031231947,0.0019137117,-0.03111983,0.026864417,-0.006525312",""
"/axon-configuration-4.9.1.jar","axon-configuration-4.9.1","embeddingsNode2Vec","-0.019671524,0.029671418,0.01009747,0.02415848,0.015577964,0.008383592,-0.021365084,-0.01809573,-0.01844025,0.0042495937,-0.00096592086,0.024245542,0.002173664,-0.005105429,0.015800001,0.025512654",""
"/axon-test-4.9.1.jar","axon-test-4.9.1","embeddingsNode2Vec","-0.011978503,0.009052365,-0.01231135,0.007864549,0.015064916,0.008772079,-0.015774587,0.027437294,0.029893791,0.017304024,0.024980448,0.029238833,0.029719625,0.025527844,0.026198763,-0.011116387",""
"/axon-eventsourcing-4.9.1.jar","axon-eventsourcing-4.9.1","embeddingsNode2Vec","0.021989617,-0.030063398,-0.011964857,0.0020524405,0.0108242035,-0.021036323,-0.0066679404,0.01932882,-0.009556625,-0.027607482,-0.0069537754,0.005930089,-0.008518075,-0.027622586,-0.0051912447,-0.029832201",""
