"codeUnitName","shortCodeUnitName","propertyName","propertyValue","Source Cypher File: Dependencies_Projection/Dependencies_8_Stream_Mutated.cypher"
"/axon-disruptor-4.9.1.jar","axon-disruptor-4.9.1","embeddingsNode2Vec","0.0076545407,-0.026139088,-0.017082509,0.012987832,-0.02208144,0.0071975496,0.017741883,-0.009141976,-0.028456185,0.004990435,-0.015116852,0.001322337,0.028355157,0.006570924,0.004341088,0.0062165563",""
"/axon-modelling-4.9.1.jar","axon-modelling-4.9.1","embeddingsNode2Vec","0.01896878,-0.011445346,0.012778569,0.022518001,-0.005945551,-0.004814101,-0.012148558,-0.022325626,0.015101325,-0.020349279,-0.023660358,0.000426815,0.015351048,0.010485584,-0.0154016055,0.013722436",""
"/axon-messaging-4.9.1.jar","axon-messaging-4.9.1","embeddingsNode2Vec","0.029753258,-0.019052552,-0.023048975,0.006965416,-0.016791217,-0.015865844,0.0019585732,-0.013529099,-0.025987329,0.015063844,-0.001148644,-0.026995132,0.023523953,-0.0232483,0.019033838,0.013252126",""
"/axon-configuration-4.9.1.jar","axon-configuration-4.9.1","embeddingsNode2Vec","-0.020415395,-0.023929846,0.001636665,-0.0068046134,-0.0081467945,-0.02316072,0.011592413,-0.023113005,0.008693565,-0.02102336,-0.021172186,0.020391332,0.012178804,0.014821543,-0.02195582,0.020073656",""
"/axon-test-4.9.1.jar","axon-test-4.9.1","embeddingsNode2Vec","-0.0058954014,-0.011341102,0.019995976,-0.011542497,0.023749655,-0.010634953,-0.021748135,-0.022310875,-0.017419515,0.014435019,-0.010170232,0.007367712,0.025053252,0.012537461,-0.021234632,-0.0007234664",""
"/axon-eventsourcing-4.9.1.jar","axon-eventsourcing-4.9.1","embeddingsNode2Vec","0.016207997,0.009329221,-0.018662,-0.016286485,0.021034455,-0.003638627,-0.029838497,0.003633041,0.004070142,0.003971855,-0.026002407,-0.017908236,-0.010572119,0.026246361,0.018557651,-0.0012842976",""
