"codeUnitName","shortCodeUnitName","propertyName","propertyValue","Source Cypher File: Dependencies_Projection/Dependencies_8_Stream_Mutated.cypher"
"/axon-test-4.9.1.jar","axon-test-4.9.1","embeddingsFastRandomProjection","0.88558006,-0.29623577,-0.688678,-0.28474575,-0.093847424,0.65834063,-0.3045986,-0.2598946,0,0.049143374,-0.48713413,0.18253547,0.21486357,-0.4567967,-0.37859315,0.51430285",""
"/axon-modelling-4.9.1.jar","axon-modelling-4.9.1","embeddingsFastRandomProjection","0.92430437,-0.29564118,-0.7604666,-0.31055284,-0.09439189,0.7068233,-0.31811026,-0.29432112,0,0.070602745,-0.51180214,0.19369191,0.2282123,-0.45815894,-0.40494475,0.5512308",""
"/axon-messaging-4.9.1.jar","axon-messaging-4.9.1","embeddingsFastRandomProjection","0.83529663,-0.23810484,-0.69161403,-0.34824246,-0.076341696,0.54859173,-0.24894935,-0.22330064,0,0.05069299,-0.5100056,0.2610563,0.07119855,-0.36698335,-0.42458418,0.42852086",""
"/axon-disruptor-4.9.1.jar","axon-disruptor-4.9.1","embeddingsFastRandomProjection","0.928355,-0.30761212,-0.7257565,-0.30614865,-0.09829236,0.6852381,-0.3145942,-0.2723516,0,0.05604974,-0.5154685,0.20087427,0.21909809,-0.4749501,-0.40444097,0.53798187",""
"/axon-eventsourcing-4.9.1.jar","axon-eventsourcing-4.9.1","embeddingsFastRandomProjection","0.8820496,-0.28830317,-0.70765954,-0.286492,-0.09120832,0.66954297,-0.30725437,-0.27108026,0,0.055034153,-0.4835869,0.1763325,0.21828538,-0.44547033,-0.37770033,0.5194557",""
"/axon-configuration-4.9.1.jar","axon-configuration-4.9.1","embeddingsFastRandomProjection","0.89163816,-0.29714465,-0.69761205,-0.289059,-0.094744965,0.6650198,-0.30543444,-0.26484042,0,0.05415094,-0.49145874,0.18602431,0.21933843,-0.4588666,-0.38380396,0.5213073",""
