"codeUnitName","shortCodeUnitName","propertyName","propertyValue","Source Cypher File: Dependencies_Projection/Dependencies_8_Stream_Mutated.cypher"
"/axon-test-4.9.1.jar","axon-test-4.9.1","embeddingsNode2Vec","0.025204018,0.008096115,-0.0036268774,0.021201322,0.017992118,0.009389938,0.023796307,0.007618787,-0.013582407,-0.027877126,-0.0047079436,0.0016161621,-0.002180372,0.029688772,-0.019831322,-0.018609893",""
"/axon-modelling-4.9.1.jar","axon-modelling-4.9.1","embeddingsNode2Vec","-0.009120258,0.018468317,0.017454706,-0.02363471,0.0040807724,-0.016641745,-0.009910775,0.01730348,0.01663892,-0.013312356,0.013009707,0.00950153,-0.020238996,0.020856833,0.029514441,-0.007387919",""
"/axon-messaging-4.9.1.jar","axon-messaging-4.9.1","embeddingsNode2Vec","-0.004077658,0.029426625,-0.010774981,0.015993292,0.009413828,-0.0012476693,-0.0007891954,-0.010751544,-0.018131906,0.015232617,0.03019361,-0.0076181786,0.012574551,0.019899337,0.0016498724,0.016497381",""
"/axon-disruptor-4.9.1.jar","axon-disruptor-4.9.1","embeddingsNode2Vec","0.01921708,0.023733268,-0.015688393,-0.008748619,-0.015404423,-0.004633772,0.0034134754,-0.02550321,-0.0181926,0.014531943,-0.011820804,0.00072657963,0.014967161,0.019308317,-0.005699119,-0.0021091248",""
"/axon-eventsourcing-4.9.1.jar","axon-eventsourcing-4.9.1","embeddingsNode2Vec","0.0012242945,-0.023097254,0.011021456,-0.025419896,-0.016803635,-0.025535224,-0.010559751,0.018665018,0.00047638622,-0.017688062,0.01483811,0.008716965,0.0025037196,-0.029615132,0.0032521712,0.009381617",""
"/axon-configuration-4.9.1.jar","axon-configuration-4.9.1","embeddingsNode2Vec","0.0164573,0.013331933,0.022865403,-0.018236179,-0.025641141,-0.012296468,0.012665653,0.017582707,-0.019763546,0.009055289,-0.015165613,-0.017392796,0.0014899182,0.030490067,0.0067104097,0.012439029",""
