"codeUnitName","shortCodeUnitName","propertyName","propertyValue","Source Cypher File: Dependencies_Projection/Dependencies_8_Stream_Mutated.cypher"
"/axon-eventsourcing-4.9.1.jar","axon-eventsourcing-4.9.1","embeddingsNode2Vec","-0.00021925393,-0.005843453,-0.021967756,0.020973407,0.008593309,-0.011271242,-0.0012195002,-0.0022184774,-3.1679614e-05,-0.003232925,0.021759031,-0.018930564,-0.01875137,-0.021571461,-0.01750329,0.002488625",""
"/axon-messaging-4.9.1.jar","axon-messaging-4.9.1","embeddingsNode2Vec","0.014427517,0.00015373352,-0.0012139193,0.030191485,0.020480629,0.005348984,-0.027904352,-0.027912293,0.018840121,0.020787783,-0.0021503463,0.0156161385,7.0555645e-05,-0.0028695932,-0.00587639,0.021303782",""
"/axon-configuration-4.9.1.jar","axon-configuration-4.9.1","embeddingsNode2Vec","0.028836412,0.017125167,0.009383279,-0.028154006,-0.0042322436,-0.025833353,0.027379218,-0.027936898,0.002890925,-0.00616732,0.00661066,0.0057348334,0.029916905,0.02217721,-0.0026210858,0.016840871",""
"/axon-disruptor-4.9.1.jar","axon-disruptor-4.9.1","embeddingsNode2Vec","0.015069104,-0.012014453,-0.01614951,-0.0144862095,-0.003662853,-0.011629455,-0.0013809965,-0.007001325,-0.03055541,0.008621212,-0.0005270532,0.009095097,0.00724284,0.007808932,-0.0016989331,0.016832106",""
"/axon-modelling-4.9.1.jar","axon-modelling-4.9.1","embeddingsNode2Vec","0.025398953,-0.00010264821,-0.028570924,0.028846849,-0.0060753506,0.019729288,-0.023963943,-0.008189742,0.0017651725,-0.010867287,0.030937238,-0.013126287,0.003794091,-0.028936995,-0.015725976,0.006803561",""
"/axon-test-4.9.1.jar","axon-test-4.9.1","embeddingsNode2Vec","-0.0031215053,-0.021405483,-0.02262936,0.024754113,-0.015268164,0.0038802703,-0.026552001,-0.014969524,0.030211756,-0.02504782,0.0053455834,0.027799582,0.012401368,0.011846882,0.024526736,0.007662859",""
