"codeUnitName","shortCodeUnitName","propertyName","propertyValue","Source Cypher File: Dependencies_Projection/Dependencies_8_Stream_Mutated.cypher"
"/axon-test-4.9.1.jar","axon-test-4.9.1","embeddingsNode2Vec","-0.0017982217,0.0012493634,-0.0038056818,-0.023092885,0.023782631,0.014745739,-3.6668487e-05,0.027344806,-0.0110957185,-0.029263869,0.020005083,-0.00031821206,-0.018530052,-0.016732322,0.0030318366,-0.010765388",""
"/axon-modelling-4.9.1.jar","axon-modelling-4.9.1","embeddingsNode2Vec","0.024022765,-0.0038361577,-0.004271844,-0.024278004,0.011831157,-0.012791727,0.0020620585,-0.0020900653,0.004183316,-0.02457578,-0.023061695,-0.00941897,-0.001486897,-0.029688587,0.007516819,0.018668085",""
"/axon-messaging-4.9.1.jar","axon-messaging-4.9.1","embeddingsNode2Vec","-0.028176157,-0.016290955,-0.021638371,-0.026818432,0.008708388,0.030636817,0.024847416,0.012650564,-0.014882053,0.017495142,0.0038525905,0.010460451,-0.02816881,0.024965161,0.0005632412,-0.0035641296",""
"/axon-disruptor-4.9.1.jar","axon-disruptor-4.9.1","embeddingsNode2Vec","0.024706632,-0.017460985,-0.0041160784,-0.014801958,0.026131764,0.025359344,0.02788357,0.023739146,-0.029890534,-0.0022171137,-0.019069972,0.0076115252,-0.019092249,0.012443047,-0.0035641077,-0.0029718415",""
"/axon-eventsourcing-4.9.1.jar","axon-eventsourcing-4.9.1","embeddingsNode2Vec","-0.027176369,-0.019572346,0.008167012,0.0038344464,-0.002543146,-0.014289135,-0.016079582,-0.0110532995,0.022547474,-0.03076327,0.02199728,0.011980341,-0.020750742,0.0017106953,0.004589803,0.012512427",""
"/axon-configuration-4.9.1.jar","axon-configuration-4.9.1","embeddingsNode2Vec","-0.005818208,0.0047920453,0.012230291,-0.015378832,-0.012098355,0.0031206612,-0.03041739,0.0106181465,0.020333411,0.015364892,0.0025190164,0.0026798097,-0.023670798,-0.0091551645,0.02315022,-0.029265542",""
