"codeUnitName","shortCodeUnitName","propertyName","propertyValue","Source Cypher File: Dependencies_Projection/Dependencies_8_Stream_Mutated.cypher"
"/axon-eventsourcing-4.9.1.jar","axon-eventsourcing-4.9.1","embeddingsHashGNN","0,-0.4330126941204071,0,0.4330126941204071,0.4330126941204071,-0.8660253882408142,0,0.4330126941204071,0,0,0.4330126941204071,0,0.4330126941204071,0,0,0",""
"/axon-messaging-4.9.1.jar","axon-messaging-4.9.1","embeddingsHashGNN","0,-0.4330126941204071,0,0.4330126941204071,0.4330126941204071,-0.8660253882408142,0,0.4330126941204071,0,0,0.4330126941204071,0,0.4330126941204071,0,0,0",""
"/axon-configuration-4.9.1.jar","axon-configuration-4.9.1","embeddingsHashGNN","0,-0.4330126941204071,0,0.4330126941204071,0.4330126941204071,-0.8660253882408142,0,0.4330126941204071,0,0,0.4330126941204071,0,0.4330126941204071,0,0,0",""
"/axon-disruptor-4.9.1.jar","axon-disruptor-4.9.1","embeddingsHashGNN","0,-0.4330126941204071,0,0.4330126941204071,0.4330126941204071,-0.8660253882408142,0,0.4330126941204071,0,0,0.4330126941204071,0,0.4330126941204071,0,0,0",""
"/axon-modelling-4.9.1.jar","axon-modelling-4.9.1","embeddingsHashGNN","0,-0.4330126941204071,0,0.4330126941204071,0.4330126941204071,-0.8660253882408142,0,0.4330126941204071,0,0,0.4330126941204071,0,0.4330126941204071,0,0,0",""
"/axon-test-4.9.1.jar","axon-test-4.9.1","embeddingsHashGNN","0,-0.4330126941204071,0,0.4330126941204071,0.4330126941204071,-0.8660253882408142,0,0.4330126941204071,0,0,0.4330126941204071,0,0.4330126941204071,0,0,0",""
