"codeUnitName","shortCodeUnitName","propertyName","propertyValue","Source Cypher File: Dependencies_Projection/Dependencies_8_Stream_Mutated.cypher"
"/axon-eventsourcing-4.9.1.jar","axon-eventsourcing-4.9.1","embeddingsNode2Vec","0.009335296,-0.015158828,-0.0063733654,-0.028955719,-0.02723047,0.016382087,-0.029367516,-0.0028210555,-0.02891392,-0.01419446,0.012669158,0.0061283987,0.00878227,-0.0031447124,0.02253948,0.023454549",""
"/axon-messaging-4.9.1.jar","axon-messaging-4.9.1","embeddingsNode2Vec","0.025370577,-0.012099784,-0.012729562,-0.020078236,-0.003607809,-0.02192887,-0.023044547,-0.018884642,-0.0017342594,0.011915329,-0.030655859,0.027051305,-0.007954228,0.02525201,0.02364269,-0.013990229",""
"/axon-configuration-4.9.1.jar","axon-configuration-4.9.1","embeddingsNode2Vec","0.029777752,-0.008040865,-0.006704986,0.024539877,0.014454062,0.022149019,0.01369717,-0.011293873,0.021000212,0.025221854,-0.018389545,0.014885177,0.00019175725,-0.0020257009,-0.029042287,0.007298164",""
"/axon-disruptor-4.9.1.jar","axon-disruptor-4.9.1","embeddingsNode2Vec","0.022759961,0.027838914,-0.003492901,0.004797247,-0.010492989,0.014746155,0.026884774,0.013738454,0.006836923,-0.008420287,0.002671432,0.0034491546,0.01724549,0.01939703,-0.022184147,-0.0051309643",""
"/axon-modelling-4.9.1.jar","axon-modelling-4.9.1","embeddingsNode2Vec","-0.02941019,-0.022749282,-0.015914317,-0.0143696945,-0.012905486,-0.016395101,0.004301826,0.0125500355,-0.023342494,-0.027908787,-0.028364277,-0.01877223,0.013796741,-0.017348899,0.026288811,-0.015159509",""
"/axon-test-4.9.1.jar","axon-test-4.9.1","embeddingsNode2Vec","-0.017294094,0.022877099,-0.009258323,-0.03074053,0.019931942,0.009615829,0.008183365,0.028780159,-0.020620506,0.0033931138,0.025451627,0.0043146173,0.01073321,0.02803815,-0.0064120824,0.02454069",""
