"codeUnitName","shortCodeUnitName","propertyName","propertyValue","Source Cypher File: Dependencies_Projection/Dependencies_8_Stream_Mutated.cypher"
"/axon-disruptor-4.9.1.jar","axon-disruptor-4.9.1","embeddingsFastRandomProjection","-0.344971,0.23267382,0.22934097,0.344971,-0.02991881,-0.5443932,-0.22934097,-0.46201482,0,1.3325527,-0.5237392,-0.5237392,-0.4273494,0.40669543,0,0.3150522",""
"/axon-modelling-4.9.1.jar","axon-modelling-4.9.1","embeddingsFastRandomProjection","-0.35490453,0.24957499,0.21514772,0.35490453,0.0061953506,-0.57624763,-0.21514772,-0.4647227,0,1.340937,-0.4940002,-0.4940002,-0.46642944,0.38418198,0,0.3610999",""
"/axon-messaging-4.9.1.jar","axon-messaging-4.9.1","embeddingsFastRandomProjection","-0.3013662,0.20702383,0.19021527,0.3013662,-0.005792234,-0.48578927,-0.19021527,-0.39723912,0,1.391633,-0.43475384,-0.43475384,-0.38991633,0.33888087,0,0.29557398",""
"/axon-configuration-4.9.1.jar","axon-configuration-4.9.1","embeddingsFastRandomProjection","-0.34328377,0.23291454,0.22660923,0.34328377,-0.029082166,-0.5408109,-0.22660923,-0.4595238,0,1.3038012,-0.516721,-0.516721,-0.42457086,0.40048096,0,0.3142016",""
"/axon-test-4.9.1.jar","axon-test-4.9.1","embeddingsFastRandomProjection","-0.3443483,0.23505968,0.22801976,0.3443483,-0.03678146,-0.53558666,-0.22801976,-0.46307945,0,1.2929313,-0.51605034,-0.51605034,-0.4168555,0.3973192,0,0.30756688",""
"/axon-eventsourcing-4.9.1.jar","axon-eventsourcing-4.9.1","embeddingsFastRandomProjection","-0.3536337,0.24870351,0.21958753,0.3536337,-0.02047132,-0.5527499,-0.21958753,-0.46829104,0,1.2961185,-0.4979149,-0.4979149,-0.43809247,0.38325745,0,0.33316234",""
