"codeUnitName","shortCodeUnitName","propertyName","propertyValue","Source Cypher File: Dependencies_Projection/Dependencies_8_Stream_Mutated.cypher"
"/axon-disruptor-4.9.1.jar","axon-disruptor-4.9.1","embeddingsNode2Vec","0.028795723,-0.02938932,-0.026918553,0.0012144659,-0.008165148,-0.02887222,-0.0071072583,0.0055984496,-0.000274908,0.021245483,0.029987395,-0.007272752,-0.017118942,0.019057916,0.024712661,0.009818489",""
"/axon-modelling-4.9.1.jar","axon-modelling-4.9.1","embeddingsNode2Vec","-0.02184818,0.02530168,0.0300932,-0.0053818855,0.010089385,-0.0025071648,-0.013424336,0.014236201,0.008553784,-0.0020854687,0.022528162,0.0077908398,0.021439081,-0.030722447,-0.029729718,-0.010301853",""
"/axon-messaging-4.9.1.jar","axon-messaging-4.9.1","embeddingsNode2Vec","-0.0114039015,-0.008841491,0.019049335,-0.0131182475,-0.001147953,-0.0030420197,-0.023220778,0.010053921,0.020287806,0.02628745,0.0013756808,-0.026148343,0.028483775,0.000472963,0.027979147,-0.025680184",""
"/axon-configuration-4.9.1.jar","axon-configuration-4.9.1","embeddingsNode2Vec","-0.022900091,-0.0037239662,0.01777924,0.00465418,-0.016591163,-0.008790392,-0.027392702,0.02339908,0.010939968,-7.628261e-05,0.010815198,-0.019353189,-0.010862694,0.022190338,-0.012907561,0.00033580657",""
"/axon-test-4.9.1.jar","axon-test-4.9.1","embeddingsNode2Vec","-0.013930537,-0.0028506657,-0.006367838,0.0283697,0.019894408,0.027790394,-0.015649853,0.022342151,0.027597368,0.009858431,-0.01737862,-0.00470758,-0.022055928,-0.020924667,0.011001683,-0.022491885",""
"/axon-eventsourcing-4.9.1.jar","axon-eventsourcing-4.9.1","embeddingsNode2Vec","-0.010268365,0.023649894,0.027055187,-0.02709302,0.02146155,-0.022992276,-0.019405184,-0.029946795,0.02823849,0.021434331,-0.02360494,0.018242044,-0.00994186,0.0014813542,0.028481703,-0.022620393",""
