"codeUnitName","shortCodeUnitName","propertyName","propertyValue","Source Cypher File: Dependencies_Projection/Dependencies_8_Stream_Mutated.cypher"
"/axon-disruptor-4.9.1.jar","axon-disruptor-4.9.1","embeddingsNode2Vec","0.015393652,-0.0036244548,0.00017104256,0.018884197,0.025939835,-0.017502999,0.014280761,0.0056387642,0.0031812065,-0.002809715,0.009248575,-0.024063904,-0.008507688,0.024896365,-0.009099167,0.01237747",""
"/axon-modelling-4.9.1.jar","axon-modelling-4.9.1","embeddingsNode2Vec","0.026799884,-0.022309229,-0.01914093,0.016279329,-0.030877035,-0.014185544,0.025802447,-0.004267836,0.0074439235,-0.010272552,-0.01841227,-0.016873479,-0.02299202,-0.024591692,-0.010929476,-0.030723419",""
"/axon-messaging-4.9.1.jar","axon-messaging-4.9.1","embeddingsNode2Vec","-0.024811633,0.023111872,-0.023433838,0.0043931874,0.0015370448,-0.021455344,-0.020978004,0.011410777,-0.011395561,0.008110327,-0.0065403245,0.01776916,0.01215734,-0.0006091787,-0.011900088,0.0061706863",""
"/axon-configuration-4.9.1.jar","axon-configuration-4.9.1","embeddingsNode2Vec","-0.029593349,0.018840404,-0.0069720997,-0.021971436,-0.0013834913,-0.02147363,0.02893006,0.030096253,0.022558818,-0.000103341765,-0.0036541377,-0.0025209924,0.027955828,0.0062262756,-0.012191331,-0.023010194",""
"/axon-test-4.9.1.jar","axon-test-4.9.1","embeddingsNode2Vec","-0.021872334,0.007738728,-0.020098865,0.02977212,0.0074126413,0.018633986,-0.021265574,0.02718432,-0.012861015,0.014253288,-0.015901634,-0.0033467284,0.00942198,0.0108453315,0.00782389,0.00097044243",""
"/axon-eventsourcing-4.9.1.jar","axon-eventsourcing-4.9.1","embeddingsNode2Vec","-0.02408925,-0.0070314854,-0.015855433,-0.0092925485,0.023949793,0.02095067,-0.01738412,-0.027768565,-0.0031556636,0.0038292042,0.030672487,-0.00091747567,-0.025780413,0.00051128137,-0.011003436,0.008515125",""
