"codeUnitName","shortCodeUnitName","propertyName","propertyValue","Source Cypher File: Dependencies_Projection/Dependencies_8_Stream_Mutated.cypher"
"/axon-eventsourcing-4.9.1.jar","axon-eventsourcing-4.9.1","embeddingsFastRandomProjection","-0.18180546,-0.084543996,0.2868381,-0.8669903,0.1446375,0.43837646,-0.4139418,-0.34111497,0.18180546,1.0385152,0,-0.5258754,0,-0.57325137,0.39834672,-0.18180546",""
"/axon-messaging-4.9.1.jar","axon-messaging-4.9.1","embeddingsFastRandomProjection","-0.15161243,-0.07215682,0.37703642,-0.85992885,0.12044637,0.36754704,-0.47634915,-0.28809142,0.15161243,0.86809874,0,-0.5718374,0,-0.61282814,0.33127993,-0.15161243",""
"/axon-configuration-4.9.1.jar","axon-configuration-4.9.1","embeddingsFastRandomProjection","-0.18737945,-0.08822628,0.29467,-0.8654829,0.14940588,0.4363234,-0.42877468,-0.33717018,0.18737945,1.0460773,0,-0.52831274,0,-0.5785654,0.38343343,-0.18737945",""
"/axon-disruptor-4.9.1.jar","axon-disruptor-4.9.1","embeddingsFastRandomProjection","-0.19137466,-0.090429924,0.31058535,-0.89048344,0.15267317,0.44397992,-0.44751623,-0.34303516,0.19137466,1.0661043,0,-0.54744834,0,-0.5991767,0.38852346,-0.19137466",""
"/axon-modelling-4.9.1.jar","axon-modelling-4.9.1","embeddingsFastRandomProjection","-0.18178494,-0.08582896,0.30892655,-0.9101298,0.14667127,0.45684916,-0.42084363,-0.3608932,0.18178494,1.0662037,0,-0.5492366,0,-0.59995186,0.41941828,-0.18178494",""
"/axon-test-4.9.1.jar","axon-test-4.9.1","embeddingsFastRandomProjection","-0.18794778,-0.08756904,0.28954047,-0.8573227,0.1486683,0.43254876,-0.42921993,-0.33217,0.18794778,1.0402569,0,-0.5251527,0,-0.5734421,0.3798343,-0.18794778",""
