"codeUnitName","shortCodeUnitName","propertyName","propertyValue","Source Cypher File: Dependencies_Projection/Dependencies_8_Stream_Mutated.cypher"
"/axon-test-4.9.1.jar","axon-test-4.9.1","embeddingsFastRandomProjection","0.5324888,0.20991483,0.63079506,-0.05277475,0.2632234,0,-0.63079506,-0.6306311,-0.4731382,-0.36914265,0.3675717,-0.41310316,-0.05277475,-0.2632234,0.9016316,0.2632234",""
"/axon-modelling-4.9.1.jar","axon-modelling-4.9.1","embeddingsFastRandomProjection","0.56914747,0.2024804,0.66548574,-0.081017,0.25921634,0,-0.66548574,-0.6565846,-0.46169674,-0.38806817,0.40626946,-0.42159075,-0.081017,-0.25921634,0.9572158,0.25921634",""
"/axon-messaging-4.9.1.jar","axon-messaging-4.9.1","embeddingsFastRandomProjection","0.45836443,0.1704323,0.54007393,-0.059417624,0.2162852,0,-0.54007393,-0.6937398,-0.3867175,-0.47522154,0.32378876,-0.34608063,-0.059417624,-0.2162852,0.93358606,0.2162852",""
"/axon-disruptor-4.9.1.jar","axon-disruptor-4.9.1","embeddingsFastRandomProjection","0.5492017,0.21329099,0.6507091,-0.06059003,0.2707428,0,-0.6507091,-0.65459424,-0.4840338,-0.39266983,0.37996638,-0.42088372,-0.06059003,-0.2707428,0.94187164,0.2707428",""
"/axon-eventsourcing-4.9.1.jar","axon-eventsourcing-4.9.1","embeddingsFastRandomProjection","0.5431253,0.20348004,0.63821685,-0.061562978,0.2560581,0,-0.63821685,-0.6332552,-0.45953816,-0.36523744,0.38215885,-0.41568753,-0.061562978,-0.2560581,0.90836275,0.2560581",""
"/axon-configuration-4.9.1.jar","axon-configuration-4.9.1","embeddingsFastRandomProjection","0.53829914,0.20845592,0.63711405,-0.05918037,0.26411426,0,-0.63711405,-0.6310483,-0.47257024,-0.37288722,0.37299985,-0.41263443,-0.05918037,-0.26411426,0.91118634,0.26411426",""
