"codeUnitName","shortCodeUnitName","propertyName","propertyValue","Source Cypher File: Dependencies_Projection/Dependencies_8_Stream_Mutated.cypher"
"/axon-test-4.9.1.jar","axon-test-4.9.1","embeddingsNode2Vec","0.030155843,-0.013029058,-0.014259026,0.026472578,-0.02775389,0.019701837,-0.029665252,-0.01628883,-0.028769225,0.016405663,-0.013405987,0.013665132,-0.009181523,0.01760676,-0.0006896275,0.0192215",""
"/axon-modelling-4.9.1.jar","axon-modelling-4.9.1","embeddingsNode2Vec","-0.005794265,0.027256472,-0.021775069,0.027730538,-0.020103136,-0.00010412224,0.010886294,-0.0032775386,0.015455455,-0.030878535,-0.027346212,-0.0010389312,-0.020993493,0.012563726,-0.00014483696,-0.0032279415",""
"/axon-messaging-4.9.1.jar","axon-messaging-4.9.1","embeddingsNode2Vec","-0.010953244,-0.017409973,0.02276552,0.02567711,0.023079379,0.029843204,0.01987469,0.017509772,0.027534945,0.02194535,0.020142214,0.013641578,-0.0011389399,0.006642474,0.007746107,0.008825599",""
"/axon-disruptor-4.9.1.jar","axon-disruptor-4.9.1","embeddingsNode2Vec","0.023369493,-0.020773672,-0.014838829,-0.007264249,-0.0004254037,0.025991462,0.0091235405,0.030693272,0.008962436,0.0026745708,0.0044613094,0.026400086,-0.0006646892,0.030295461,0.010411488,-0.02032337",""
"/axon-eventsourcing-4.9.1.jar","axon-eventsourcing-4.9.1","embeddingsNode2Vec","0.0053458526,-0.02036966,0.009307393,-0.02737989,0.02068101,-0.003392742,0.008667259,-0.0043163705,0.021623846,0.025926089,-0.004844776,-0.020447705,-0.005194928,0.016025547,0.015132435,0.027105521",""
"/axon-configuration-4.9.1.jar","axon-configuration-4.9.1","embeddingsNode2Vec","0.027302688,0.02615568,-0.013530468,-0.030359894,0.008114508,-0.025121521,-0.02977633,-0.0052886615,-0.00926575,0.0073838537,-0.024960008,0.016822524,0.004596596,-0.004258993,0.005655816,0.012723488",""
