"codeUnitName","shortCodeUnitName","propertyName","propertyValue","Source Cypher File: Dependencies_Projection/Dependencies_8_Stream_Mutated.cypher"
"/axon-disruptor-4.9.1.jar","axon-disruptor-4.9.1","embeddingsNode2Vec","0.020092065,0.009650053,0.021534795,-0.021041147,-0.00971336,-0.006481699,0.0010881118,0.028930299,-0.020855092,-0.023945674,0.003506374,0.0102388235,0.009259998,-0.00139414,0.016958239,0.018617809",""
"/axon-modelling-4.9.1.jar","axon-modelling-4.9.1","embeddingsNode2Vec","-0.030476822,-0.009044226,0.0025469724,-0.023463778,-0.004640748,-0.0031887547,0.012538377,0.019190451,-0.016756086,0.031051619,-0.024718339,0.01766903,-0.004953706,0.011346742,0.015492587,-0.02453711",""
"/axon-messaging-4.9.1.jar","axon-messaging-4.9.1","embeddingsNode2Vec","0.0031611912,-0.008959051,-0.004752544,0.017386133,0.022594439,-0.016111152,0.028041137,0.028439121,0.020987757,0.0009842562,-0.021844855,0.017087042,0.0033272135,0.019504063,-0.024075488,-0.013115895",""
"/axon-configuration-4.9.1.jar","axon-configuration-4.9.1","embeddingsNode2Vec","-0.0051723737,-0.011404012,-0.02239747,-0.0021145784,-0.0148964515,-0.027614204,0.016478872,-0.014903992,0.021685602,-0.021377468,0.015611026,0.009584198,0.030908694,-0.021499563,-0.008230565,-0.0068818145",""
"/axon-test-4.9.1.jar","axon-test-4.9.1","embeddingsNode2Vec","0.0025206467,0.030476935,0.01769371,-0.018408509,-0.015409499,-0.027225718,0.022069369,0.03062903,0.0075196438,-0.008323038,-0.020942606,0.014577489,-0.004045346,0.00913371,0.0021681977,0.018989142",""
"/axon-eventsourcing-4.9.1.jar","axon-eventsourcing-4.9.1","embeddingsNode2Vec","0.001882603,0.027486736,-0.029554913,0.029841142,-0.023834582,-0.009750137,0.017112942,0.01838068,0.006006516,-0.0078030857,-0.0035023978,-0.023686444,-0.01314885,-0.018402155,0.013209096,0.007419707",""
