"codeUnitName","shortCodeUnitName","propertyName","propertyValue","Source Cypher File: Dependencies_Projection/Dependencies_8_Stream_Mutated.cypher"
"/axon-disruptor-4.9.1.jar","axon-disruptor-4.9.1","embeddingsFastRandomProjection","0.55168366,0,0,-0.2978586,0.3926923,0.6622857,-0.5527489,0,0.044033565,-0.053651422,0.0948337,0,0.0948337,-0.44818813,-0.65121305,1.2580029",""
"/axon-modelling-4.9.1.jar","axon-modelling-4.9.1","embeddingsFastRandomProjection","0.54049397,0,0,-0.2992015,0.38861033,0.6693793,-0.5445874,0,0.057909153,-0.03771177,0.089408785,0,0.089408785,-0.46059883,-0.6703916,1.2677824",""
"/axon-messaging-4.9.1.jar","axon-messaging-4.9.1","embeddingsFastRandomProjection","0.44655907,0,0,-0.24434057,0.32047272,0.6847607,-0.5881869,0,0.042122073,-0.17416532,0.076132186,0,0.076132186,-0.37400943,-0.54221785,1.1734419",""
"/axon-configuration-4.9.1.jar","axon-configuration-4.9.1","embeddingsFastRandomProjection","0.5418066,0,0,-0.29344422,0.386046,0.6397004,-0.5328908,0,0.04508187,-0.041831225,0.092601776,0,0.092601776,-0.44033682,-0.64117926,1.226589",""
"/axon-test-4.9.1.jar","axon-test-4.9.1","embeddingsFastRandomProjection","0.5410801,0,0,-0.29392368,0.3859144,0.6306976,-0.5318075,0,0.046767257,-0.042865142,0.09199071,0,0.09199071,-0.43446195,-0.636395,1.2185451",""
"/axon-eventsourcing-4.9.1.jar","axon-eventsourcing-4.9.1","embeddingsFastRandomProjection","0.5342431,0,0,-0.29556245,0.38393468,0.6310739,-0.52643263,0,0.05688174,-0.03519252,0.08837223,0,0.08837223,-0.43936118,-0.64655143,1.2221987",""
