"codeUnitName","shortCodeUnitName","propertyName","propertyValue","Source Cypher File: Dependencies_Projection/Dependencies_8_Stream_Mutated.cypher"
"/axon-disruptor-4.9.1.jar","axon-disruptor-4.9.1","embeddingsFastRandomProjection","-0.0614055,0.64791,0.92752194,0.6466684,-0.6466684,0.06254096,-0.3422591,-0.305651,-0.2337821,0,0.06254096,0.8191512,-0.27971813,-0.06254096,0.69918156,0.11883418",""
"/axon-modelling-4.9.1.jar","axon-modelling-4.9.1","embeddingsFastRandomProjection","-0.0744059,0.66801536,0.92420876,0.65622604,-0.65622604,0.06196358,-0.3423885,-0.32562682,-0.21320532,0,0.06196358,0.81925714,-0.28042498,-0.06196358,0.68873227,0.14296721",""
"/axon-messaging-4.9.1.jar","axon-messaging-4.9.1","embeddingsFastRandomProjection","-0.05720717,0.6612538,0.8780083,0.5320214,-0.5320214,0.050211005,-0.40319407,-0.25805974,-0.17952126,0,0.050211005,0.79056406,-0.3529831,-0.050211005,0.6887847,0.10877551",""
"/axon-configuration-4.9.1.jar","axon-configuration-4.9.1","embeddingsFastRandomProjection","-0.060678586,0.6341151,0.91090393,0.6414784,-0.6414784,0.061581973,-0.33010402,-0.30401108,-0.23132741,0,0.061581973,0.8038605,-0.26852202,-0.061581973,0.6839087,0.11904843",""
"/axon-test-4.9.1.jar","axon-test-4.9.1","embeddingsFastRandomProjection","-0.056305036,0.6270423,0.908242,0.6378291,-0.6378291,0.059880696,-0.32671785,-0.30032447,-0.23457615,0,0.059880696,0.8017379,-0.26683724,-0.059880696,0.68221474,0.11594741",""
"/axon-eventsourcing-4.9.1.jar","axon-eventsourcing-4.9.1","embeddingsFastRandomProjection","-0.06179119,0.63748693,0.9065714,0.6421677,-0.6421677,0.059282918,-0.32619485,-0.31129217,-0.22409679,0,0.059282918,0.8023009,-0.26691192,-0.059282918,0.6751344,0.12967473",""
