"codeUnitName","shortCodeUnitName","propertyName","propertyValue","Source Cypher File: Dependencies_Projection/Dependencies_8_Stream_Mutated.cypher"
"/axon-disruptor-4.9.1.jar","axon-disruptor-4.9.1","embeddingsNode2Vec","-0.019037543,0.019954138,0.016094958,0.022858415,-0.013209713,0.0045741354,-0.0104808835,-0.0037506057,0.020357156,-0.011424138,0.026424577,-0.013037217,0.014301062,0.0063448204,-0.008391831,0.025324397",""
"/axon-modelling-4.9.1.jar","axon-modelling-4.9.1","embeddingsNode2Vec","-0.0074647544,-0.008062555,0.02829682,0.024555938,-0.027294606,0.011962223,0.00253188,-0.005895029,-0.015994254,0.026905006,-0.012918678,-0.0061234497,0.027408887,0.014567675,0.017051857,0.018865587",""
"/axon-messaging-4.9.1.jar","axon-messaging-4.9.1","embeddingsNode2Vec","0.0033916074,-0.015718102,-0.0077396957,0.008998147,0.024129711,0.00061233126,0.016789388,0.002858071,0.0056520524,-0.00039205686,0.009621091,0.028819662,-0.027063334,-0.019405529,-0.010889639,0.018630244",""
"/axon-configuration-4.9.1.jar","axon-configuration-4.9.1","embeddingsNode2Vec","-0.0013355919,-0.009299021,0.022891296,-0.021764837,-0.02785372,0.023949442,-0.013969411,-0.022786904,-0.01788246,-0.024384024,-0.028715638,0.016073814,-0.021007113,-0.01292573,-0.001516832,0.012566556",""
"/axon-test-4.9.1.jar","axon-test-4.9.1","embeddingsNode2Vec","-0.026687333,-0.004740852,0.027679326,0.013981689,0.012928441,-0.018765861,0.020332566,0.0032577273,0.028227063,0.016134297,-0.024472779,-0.018276528,0.018589124,0.028708834,0.009522774,0.0041102464",""
"/axon-eventsourcing-4.9.1.jar","axon-eventsourcing-4.9.1","embeddingsNode2Vec","-0.0061729844,0.021098377,0.006452057,-0.028642757,0.026019936,-0.014516115,-0.02412569,-0.013998669,0.029786924,0.0005959553,0.00868401,0.009101876,0.0040835207,0.0198309,-0.013240753,-0.023285931",""
