"codeUnitName","shortCodeUnitName","propertyName","propertyValue","Source Cypher File: Dependencies_Projection/Dependencies_8_Stream_Mutated.cypher"
"/axon-disruptor-4.9.1.jar","axon-disruptor-4.9.1","embeddingsNode2Vec","-0.005124326,-0.029299323,-0.0155979395,0.020493032,0.009879302,0.0049739704,-0.0058222543,0.018737046,0.019225786,0.018478218,0.00279109,0.0053885835,-0.0052740187,0.015050448,0.014535333,0.011183321",""
"/axon-modelling-4.9.1.jar","axon-modelling-4.9.1","embeddingsNode2Vec","0.011084297,-0.018738525,-0.016287638,-0.023301437,0.024894653,0.0023498859,0.0065069427,-0.030891934,0.025732879,0.02245155,0.013544003,0.011171291,0.0020177825,0.015319032,0.019964445,-0.020812688",""
"/axon-messaging-4.9.1.jar","axon-messaging-4.9.1","embeddingsNode2Vec","0.021348793,0.03002328,0.017557003,0.023251854,-0.016742649,0.020477613,-0.022306126,-0.023496723,0.01954168,-0.011297328,0.023694031,-0.014743444,-0.02781181,-0.011855471,-0.0027196403,0.0129525",""
"/axon-configuration-4.9.1.jar","axon-configuration-4.9.1","embeddingsNode2Vec","0.011564236,-0.015581499,0.0051879804,0.012912718,-0.0042570294,0.0115167955,-0.027352782,-0.009091878,0.0003763982,0.020878723,0.01776874,0.007648432,0.002506818,0.024994537,0.023294557,-0.008144891",""
"/axon-test-4.9.1.jar","axon-test-4.9.1","embeddingsNode2Vec","-0.013983465,-0.015144963,0.007501621,0.009896827,-0.02863913,0.003267586,0.022452123,-0.018932562,0.007763039,-0.010218348,-0.023131354,0.014031288,-0.010338298,-0.001271382,0.029518958,-0.0033689507",""
"/axon-eventsourcing-4.9.1.jar","axon-eventsourcing-4.9.1","embeddingsNode2Vec","0.007661906,0.026195869,-0.022438794,-0.02227761,0.0151961725,-0.030593896,0.02441402,0.0021012584,-0.025069019,-0.020620774,-0.023294102,0.016138865,-0.026778243,0.010135198,0.015125341,-0.02825106",""
