"codeUnitName","shortCodeUnitName","propertyName","propertyValue","Source Cypher File: Dependencies_Projection/Dependencies_8_Stream_Mutated.cypher"
"/axon-disruptor-4.9.1.jar","axon-disruptor-4.9.1","embeddingsFastRandomProjection","0.50320005,-0.5366053,-0.89065146,0.014379203,0.36842537,-0.8267578,0.40183058,-0.40183058,-0.24833696,-0.36842537,0.44395322,-0.30453163,0.13477471,0.15537779,-0.2901525,-0.21335468",""
"/axon-modelling-4.9.1.jar","axon-modelling-4.9.1","embeddingsFastRandomProjection","0.49631596,-0.5508075,-0.91221774,0.0024950802,0.36390543,-0.83632576,0.4183969,-0.4183969,-0.25046518,-0.36390543,0.46992522,-0.28801328,0.1324106,0.15310766,-0.28551823,-0.22727305",""
"/axon-messaging-4.9.1.jar","axon-messaging-4.9.1","embeddingsFastRandomProjection","0.38326263,-0.524995,-0.6932945,0.11203937,0.28033888,-0.7457701,0.42207125,-0.42207125,-0.29818487,-0.28033888,0.3533919,-0.33281446,0.10292376,0.117851354,-0.22077513,-0.17121793",""
"/axon-configuration-4.9.1.jar","axon-configuration-4.9.1","embeddingsFastRandomProjection","0.48302215,-0.50945604,-0.8570987,0.006128028,0.35377073,-0.7883824,0.3802046,-0.3802046,-0.23133144,-0.35377073,0.4284836,-0.28505436,0.12925142,0.14967497,-0.27892637,-0.2047799",""
"/axon-test-4.9.1.jar","axon-test-4.9.1","embeddingsFastRandomProjection","0.47837353,-0.50271463,-0.84645796,0.0067370683,0.3504804,-0.78065777,0.37482148,-0.37482148,-0.22717604,-0.3504804,0.4234403,-0.2846801,0.12789316,0.15004992,-0.27794307,-0.19828227",""
"/axon-eventsourcing-4.9.1.jar","axon-eventsourcing-4.9.1","embeddingsFastRandomProjection","0.47310174,-0.509526,-0.85599744,0.00046657026,0.34693804,-0.78423274,0.3833623,-0.3833623,-0.22589782,-0.34693804,0.43682817,-0.27517328,0.12616369,0.14854306,-0.27470675,-0.20305192",""
