"codeUnitName","shortCodeUnitName","propertyName","propertyValue","Source Cypher File: Dependencies_Projection/Dependencies_8_Stream_Mutated.cypher"
"/axon-disruptor-4.9.1.jar","axon-disruptor-4.9.1","embeddingsNode2Vec","0.0043150573,-0.021103691,0.021189937,0.011923988,-0.02309993,0.030066263,-0.020338781,-0.00996548,0.008789854,-0.030799607,0.0020680937,-0.027876217,0.0044887695,0.009760115,-0.0053308345,-0.027210077",""
"/axon-modelling-4.9.1.jar","axon-modelling-4.9.1","embeddingsNode2Vec","-0.012889315,-0.02478869,0.0021380926,0.0037900857,0.005918531,-0.009885028,-0.01435607,0.022327995,-0.01875465,-0.0012103065,-0.003196342,-0.02802816,0.029191123,0.020171657,0.02034918,-0.0016814449",""
"/axon-messaging-4.9.1.jar","axon-messaging-4.9.1","embeddingsNode2Vec","-0.001921676,0.023401955,-0.025870664,-0.011930249,0.02617766,0.008597471,0.018634927,0.02787826,-0.02345543,0.027182195,0.0073947706,0.008693434,-0.0011475296,-0.0066758827,-0.002066005,-0.030051557",""
"/axon-configuration-4.9.1.jar","axon-configuration-4.9.1","embeddingsNode2Vec","0.015021237,0.026065502,0.02453112,0.030158404,-0.008967456,-0.024937982,-0.0074162595,0.004279455,0.007244559,-0.015158961,0.025291728,0.008146444,-0.006429934,0.031121308,-0.007127082,0.0070451754",""
"/axon-test-4.9.1.jar","axon-test-4.9.1","embeddingsNode2Vec","0.024147557,-0.01976389,0.0023635556,-0.0026161422,0.004649524,0.02156993,-0.008075753,0.019430779,0.029880265,0.0020680681,-0.029287726,0.015205496,-0.025670087,0.017326688,0.020634325,0.011131685",""
"/axon-eventsourcing-4.9.1.jar","axon-eventsourcing-4.9.1","embeddingsNode2Vec","0.021844514,-0.006855025,-0.013734629,0.0038039377,0.025163857,-0.0029653374,-0.005256857,-0.017767336,0.013973968,-0.018475046,-0.0049755806,-0.025478326,-0.023404647,0.029586894,-0.021434475,-0.0041906238",""
