"name","shortName","pageRank","articleRank","betweenness","costEffectiveLazyForward","harmonicCloseness","closeness","hyperlinkInducedTopicSearchAuthority","hyperlinkInducedTopicSearchHub","incomingDependencies","outgoingDependencies","Source Cypher File: Centrality/Centrality_10_Summary.cypher"
"/axon-eventsourcing-4.9.3.jar","axon-eventsourcing-4.9.3",0.2098452601285631,0.21075712697617036,0,0.9999999999999998,0.6,0.6,0.47243772110166316,0.3666166245957466,3,2,""
"/axon-configuration-4.9.3.jar","axon-configuration-4.9.3",0.17352263418949268,0.17461824172580984,0,1.55,0,0,0,0.5585580106036321,0,4,""
"/axon-messaging-4.9.3.jar","axon-messaging-4.9.3",0.8917450016361719,0.8906560199680313,0,0.8099999999999996,1,1,0.6399635184733874,0,5,0,""
"/axon-test-4.9.3.jar","axon-test-4.9.3",0.17352263418949268,0.17461824172580984,0,1,0,0,0,0.5083127500357955,0,3,""
"/axon-disruptor-4.9.3.jar","axon-disruptor-4.9.3",0.17395015372300304,0.17504577558697237,3,0.9000000000000004,0.2,0.2,0.16752579737172418,0.5083127500357955,1,3,""
"/axon-modelling-4.9.3.jar","axon-modelling-4.9.3",0.2650980077746762,0.265874412619539,0,0,0.8,0.8,0.5823953999804578,0.19194138600788554,4,1,""
