"name","shortName","pageRank","articleRank","betweenness","costEffectiveLazyForward","harmonicCloseness","closeness","hyperlinkInducedTopicSearchAuthority","hyperlinkInducedTopicSearchHub","incomingDependencies","outgoingDependencies","Source Cypher File: Centrality/Centrality_10_Summary.cypher"
"/axon-test-4.9.3.jar","axon-test-4.9.3",0.17349249045040174,0.1745825590795828,0,1.0800000000000003,0,0,0,0.5083127500357955,0,3,""
"/axon-eventsourcing-4.9.3.jar","axon-eventsourcing-4.9.3",0.21107205496507297,0.21197049753624267,0.5,1,0.6,0.6,0.47243772110166316,0.3666166245957466,3,2,""
"/axon-disruptor-4.9.3.jar","axon-disruptor-4.9.3",0.17391625084374324,0.17500634349238903,3,0.8900000000000001,0.2,0.2,0.1675257973717242,0.5083127500357955,1,3,""
"/axon-configuration-4.9.3.jar","axon-configuration-4.9.3",0.17349249045040174,0.1745825590795828,0,1.64,0,0,0,0.5585580106036322,0,4,""
"/axon-modelling-4.9.3.jar","axon-modelling-4.9.3",0.26563641099348984,0.2664096508079405,0,0.7299999999999995,0.8,0.8,0.5823953999804578,0.19194138600788554,4,1,""
"/axon-messaging-4.9.3.jar","axon-messaging-4.9.3",0.8913134880469439,0.8902297714626831,0,0,1,1,0.6399635184733874,0,5,0,""
